modelId,equipId,vendor,model,unitModelNumber,unitNumberKind,unitRole,status,sourceFile,sourcePage,sourceTable,capacityClass,capacityClassUnit,compatibleCapacityRange,compatibleCapacityRangeUnit,matchedAirHandler,matchedAirHandlerUnit,ratedAirflow,ratedAirflowUnit,ecodesignAirflow,ecodesignAirflowUnit,sfp15Airflow,sfp15AirflowUnit,sfp20Airflow,sfp20AirflowUnit,grossCoolingCapacity,grossCoolingCapacityUnit,ahriNetCoolingCapacity,ahriNetCoolingCapacityUnit,eer,eerUnit,ieer,ieerUnit,capacitySteps,capacityStepsUnit,fanMotorHp,fanMotorHpUnit,fanMotorRpm,fanMotorRpmUnit,coilFaceArea,coilFaceAreaUnit,coilRowsFpi,coilRowsFpiUnit,compressorConfig,compressorConfigUnit,refrigerantCircuits,refrigerantCircuitsUnit,condenserFans,condenserFansUnit,condenserAirflow,condenserAirflowUnit,unitWidth,unitWidthUnit,unitHeight,unitHeightUnit,unitLength,unitLengthUnit,seer,seerUnit,seer2,seer2Unit,heatingCapacity,heatingCapacityUnit,cop,copUnit,systemPower,systemPowerUnit,soundRating,soundRatingUnit,refrigerantCharge,refrigerantChargeUnit,refrigerantControl,refrigerantControlUnit,cabinetSize,cabinetSizeUnit,airflowConfiguration,airflowConfigurationUnit
aaon-vccx2-rn-rq-series-rooftop-bacnet,e5,AAON,VCCX2 — RN/RQ Series Rooftop (BACnet),RN-006,modelNumber,packagedUnit,extracted,AAON_RN_Series_Brochure.pdf#cabinets,7,General data — RN Series cabinets (brochure text),6 Tons,,,,,,"2,000",CFM,,,,,,,,,,,Up to 13.2,,Up to 22.5,,,,,,,,,,,,,,,,,,,,,,,,,,,,,,,,,,,,,,,,,,A,,Vertical,
aaon-vccx2-rn-rq-series-rooftop-bacnet,e5,AAON,VCCX2 — RN/RQ Series Rooftop (BACnet),RN-007,modelNumber,packagedUnit,extracted,AAON_RN_Series_Brochure.pdf#cabinets,7,General data — RN Series cabinets (brochure text),7 Tons,,,,,,"2,500",CFM,,,,,,,,,,,Up to 13.2,,Up to 22.5,,,,,,,,,,,,,,,,,,,,,,,,,,,,,,,,,,,,,,,,,,A,,Vertical,
aaon-vccx2-rn-rq-series-rooftop-bacnet,e5,AAON,VCCX2 — RN/RQ Series Rooftop (BACnet),RN-008,modelNumber,packagedUnit,extracted,AAON_RN_Series_Brochure.pdf#cabinets,7,General data — RN Series cabinets (brochure text),8 Tons,,,,,,"2,650",CFM,,,,,,,,,,,Up to 13.2,,Up to 22.5,,,,,,,,,,,,,,,,,,,,,,,,,,,,,,,,,,,,,,,,,,A,,Vertical,
aaon-vccx2-rn-rq-series-rooftop-bacnet,e5,AAON,VCCX2 — RN/RQ Series Rooftop (BACnet),RN-010,modelNumber,packagedUnit,extracted,AAON_RN_Series_Brochure.pdf#cabinets,7,General data — RN Series cabinets (brochure text),10 Tons,,,,,,"3,000",CFM,,,,,,,,,,,Up to 13.2,,Up to 22.5,,,,,,,,,,,,,,,,,,,,,,,,,,,,,,,,,,,,,,,,,,A,,Vertical,
aaon-vccx2-rn-rq-series-rooftop-bacnet,e5,AAON,VCCX2 — RN/RQ Series Rooftop (BACnet),RN-009,modelNumber,packagedUnit,extracted,AAON_RN_Series_Brochure.pdf#cabinets,7,General data — RN Series cabinets (brochure text),9 Tons,,,,,,"3,400",CFM,,,,,,,,,,,Up to 13.9,,Up to 19.9,,,,,,,,,,,,,,,,,,,,,,,,,,,,,,,,,,,,,,,,,,B,,Vertical,
aaon-vccx2-rn-rq-series-rooftop-bacnet,e5,AAON,VCCX2 — RN/RQ Series Rooftop (BACnet),RN-011,modelNumber,packagedUnit,extracted,AAON_RN_Series_Brochure.pdf#cabinets,7,General data — RN Series cabinets (brochure text),11 Tons,,,,,,"3,600",CFM,,,,,,,,,,,Up to 13.9,,Up to 19.9,,,,,,,,,,,,,,,,,,,,,,,,,,,,,,,,,,,,,,,,,,B,,Vertical,
aaon-vccx2-rn-rq-series-rooftop-bacnet,e5,AAON,VCCX2 — RN/RQ Series Rooftop (BACnet),RN-013,modelNumber,packagedUnit,extracted,AAON_RN_Series_Brochure.pdf#cabinets,7,General data — RN Series cabinets (brochure text),13 Tons,,,,,,"3,800",CFM,,,,,,,,,,,Up to 13.9,,Up to 19.9,,,,,,,,,,,,,,,,,,,,,,,,,,,,,,,,,,,,,,,,,,B,,Vertical,
aaon-vccx2-rn-rq-series-rooftop-bacnet,e5,AAON,VCCX2 — RN/RQ Series Rooftop (BACnet),RN-015,modelNumber,packagedUnit,extracted,AAON_RN_Series_Brochure.pdf#cabinets,7,General data — RN Series cabinets (brochure text),15 Tons,,,,,,"4,200",CFM,,,,,,,,,,,Up to 13.9,,Up to 19.9,,,,,,,,,,,,,,,,,,,,,,,,,,,,,,,,,,,,,,,,,,B,,Vertical,
aaon-vccx2-rn-rq-series-rooftop-bacnet,e5,AAON,VCCX2 — RN/RQ Series Rooftop (BACnet),RN-014,modelNumber,packagedUnit,extracted,AAON_RN_Series_Brochure.pdf#cabinets,7,General data — RN Series cabinets (brochure text),14 Tons,,,,,,"5,200",CFM,,,,,,,,,,,Up to 12.5,,Up to 22.5,,,,,,,,,,,,,,,,,,,,,,,,,,,,,,,,,,,,,,,,,,C,,Vertical,
aaon-vccx2-rn-rq-series-rooftop-bacnet,e5,AAON,VCCX2 — RN/RQ Series Rooftop (BACnet),RN-016,modelNumber,packagedUnit,extracted,AAON_RN_Series_Brochure.pdf#cabinets,7,General data — RN Series cabinets (brochure text),16 Tons,,,,,,"6,400",CFM,,,,,,,,,,,Up to 12.5,,Up to 22.5,,,,,,,,,,,,,,,,,,,,,,,,,,,,,,,,,,,,,,,,,,C,,Vertical,
aaon-vccx2-rn-rq-series-rooftop-bacnet,e5,AAON,VCCX2 — RN/RQ Series Rooftop (BACnet),RN-018,modelNumber,packagedUnit,extracted,AAON_RN_Series_Brochure.pdf#cabinets,7,General data — RN Series cabinets (brochure text),18 Tons,,,,,,"6,800",CFM,,,,,,,,,,,Up to 12.5,,Up to 22.5,,,,,,,,,,,,,,,,,,,,,,,,,,,,,,,,,,,,,,,,,,C,,Vertical,
aaon-vccx2-rn-rq-series-rooftop-bacnet,e5,AAON,VCCX2 — RN/RQ Series Rooftop (BACnet),RN-020,modelNumber,packagedUnit,extracted,AAON_RN_Series_Brochure.pdf#cabinets,7,General data — RN Series cabinets (brochure text),20 Tons,,,,,,"7,000",CFM,,,,,,,,,,,Up to 12.5,,Up to 22.5,,,,,,,,,,,,,,,,,,,,,,,,,,,,,,,,,,,,,,,,,,C,,Vertical,
aaon-vccx2-rn-rq-series-rooftop-bacnet,e5,AAON,VCCX2 — RN/RQ Series Rooftop (BACnet),RN-025,modelNumber,packagedUnit,extracted,AAON_RN_Series_Brochure.pdf#cabinets,7,General data — RN Series cabinets (brochure text),25 Tons,,,,,,"9,000",CFM,,,,,,,,,,,Up to 12.5,,Up to 22.5,,,,,,,,,,,,,,,,,,,,,,,,,,,,,,,,,,,,,,,,,,C,,Vertical,
aaon-vccx2-rn-rq-series-rooftop-bacnet,e5,AAON,VCCX2 — RN/RQ Series Rooftop (BACnet),RN-030,modelNumber,packagedUnit,extracted,AAON_RN_Series_Brochure.pdf#cabinets,7,General data — RN Series cabinets (brochure text),30 Tons,,,,,,"10,500",CFM,,,,,,,,,,,Up to 12.5,,Up to 22.5,,,,,,,,,,,,,,,,,,,,,,,,,,,,,,,,,,,,,,,,,,C,,Vertical,
aaon-vccx2-rn-rq-series-rooftop-bacnet,e5,AAON,VCCX2 — RN/RQ Series Rooftop (BACnet),RN-075,modelNumber,packagedUnit,extracted,AAON_RN_Series_Brochure.pdf#cabinets,7,General data — RN Series cabinets (brochure text),75 Tons,,,,,,"18,000",CFM,,,,,,,,,,,Up to 11.0,,Up to 18.4,,,,,,,,,,,,,,,,,,,,,,,,,,,,,,,,,,,,,,,,,,E,,Vertical,
aaon-vccx2-rn-rq-series-rooftop-bacnet,e5,AAON,VCCX2 — RN/RQ Series Rooftop (BACnet),RN-090,modelNumber,packagedUnit,extracted,AAON_RN_Series_Brochure.pdf#cabinets,7,General data — RN Series cabinets (brochure text),90 Tons,,,,,,"22,000",CFM,,,,,,,,,,,Up to 11.0,,Up to 18.4,,,,,,,,,,,,,,,,,,,,,,,,,,,,,,,,,,,,,,,,,,E,,Vertical,
aaon-vccx2-rn-rq-series-rooftop-bacnet,e5,AAON,VCCX2 — RN/RQ Series Rooftop (BACnet),RN-105,modelNumber,packagedUnit,extracted,AAON_RN_Series_Brochure.pdf#cabinets,7,General data — RN Series cabinets (brochure text),105 Tons,,,,,,"24,000",CFM,,,,,,,,,,,Up to 11.0,,Up to 18.4,,,,,,,,,,,,,,,,,,,,,,,,,,,,,,,,,,,,,,,,,,E,,Vertical,
aaon-vccx2-rn-rq-series-rooftop-bacnet,e5,AAON,VCCX2 — RN/RQ Series Rooftop (BACnet),RN-120,modelNumber,packagedUnit,extracted,AAON_RN_Series_Brochure.pdf#cabinets,7,General data — RN Series cabinets (brochure text),120 Tons,,,,,,"29,500",CFM,,,,,,,,,,,Up to 11.0,,Up to 18.4,,,,,,,,,,,,,,,,,,,,,,,,,,,,,,,,,,,,,,,,,,E,,Vertical,
aaon-vccx2-rn-rq-series-rooftop-bacnet,e5,AAON,VCCX2 — RN/RQ Series Rooftop (BACnet),RN-130,modelNumber,packagedUnit,extracted,AAON_RN_Series_Brochure.pdf#cabinets,7,General data — RN Series cabinets (brochure text),130 Tons,,,,,,"32,000",CFM,,,,,,,,,,,Up to 11.0,,Up to 18.4,,,,,,,,,,,,,,,,,,,,,,,,,,,,,,,,,,,,,,,,,,E,,Vertical,
aaon-vccx2-rn-rq-series-rooftop-bacnet,e5,AAON,VCCX2 — RN/RQ Series Rooftop (BACnet),RN-140,modelNumber,packagedUnit,extracted,AAON_RN_Series_Brochure.pdf#cabinets,7,General data — RN Series cabinets (brochure text),140 Tons,,,,,,"33,000",CFM,,,,,,,,,,,Up to 11.0,,Up to 18.4,,,,,,,,,,,,,,,,,,,,,,,,,,,,,,,,,,,,,,,,,,E,,Vertical,
aaon-vccx2-rn-rq-series-rooftop-bacnet,e5,AAON,VCCX2 — RN/RQ Series Rooftop (BACnet),RN-026,modelNumber,packagedUnit,extracted,AAON_RN_Series_Brochure.pdf#cabinets,7,General data — RN Series cabinets (brochure text),26 Tons,,,,,,"10,000",CFM,,,,,,,,,,,Up to 11.7,,Up to 19.6,,,,,,,,,,,,,,,,,,,,,,,,,,,,,,,,,,,,,,,,,,D,,Vertical,
aaon-vccx2-rn-rq-series-rooftop-bacnet,e5,AAON,VCCX2 — RN/RQ Series Rooftop (BACnet),RN-031,modelNumber,packagedUnit,extracted,AAON_RN_Series_Brochure.pdf#cabinets,7,General data — RN Series cabinets (brochure text),31 Tons,,,,,,"12,400",CFM,,,,,,,,,,,Up to 11.7,,Up to 19.6,,,,,,,,,,,,,,,,,,,,,,,,,,,,,,,,,,,,,,,,,,D,,Vertical,
aaon-vccx2-rn-rq-series-rooftop-bacnet,e5,AAON,VCCX2 — RN/RQ Series Rooftop (BACnet),RN-040,modelNumber,packagedUnit,extracted,AAON_RN_Series_Brochure.pdf#cabinets,7,General data — RN Series cabinets (brochure text),40 Tons,,,,,,"16,000",CFM,,,,,,,,,,,Up to 11.7,,Up to 19.6,,,,,,,,,,,,,,,,,,,,,,,,,,,,,,,,,,,,,,,,,,D,,Vertical,
aaon-vccx2-rn-rq-series-rooftop-bacnet,e5,AAON,VCCX2 — RN/RQ Series Rooftop (BACnet),RN-050,modelNumber,packagedUnit,extracted,AAON_RN_Series_Brochure.pdf#cabinets,7,General data — RN Series cabinets (brochure text),50 Tons,,,,,,"20,000",CFM,,,,,,,,,,,Up to 11.7,,Up to 19.6,,,,,,,,,,,,,,,,,,,,,,,,,,,,,,,,,,,,,,,,,,D,,Vertical,
aaon-vccx2-rn-rq-series-rooftop-bacnet,e5,AAON,VCCX2 — RN/RQ Series Rooftop (BACnet),RN-060,modelNumber,packagedUnit,extracted,AAON_RN_Series_Brochure.pdf#cabinets,7,General data — RN Series cabinets (brochure text),60 Tons,,,,,,"23,000",CFM,,,,,,,,,,,Up to 11.7,,Up to 19.6,,,,,,,,,,,,,,,,,,,,,,,,,,,,,,,,,,,,,,,,,,D,,Vertical,
aaon-vccx2-rn-rq-series-rooftop-bacnet,e5,AAON,VCCX2 — RN/RQ Series Rooftop (BACnet),RN-070,modelNumber,packagedUnit,extracted,AAON_RN_Series_Brochure.pdf#cabinets,7,General data — RN Series cabinets (brochure text),70 Tons,,,,,,"25,000",CFM,,,,,,,,,,,Up to 11.7,,Up to 19.6,,,,,,,,,,,,,,,,,,,,,,,,,,,,,,,,,,,,,,,,,,D,,Vertical,
carrier-comfortlink-48-50n-weatherexpert-rooftop-75-150-ton-bacnet-co,e5,Carrier,ComfortLink — 48/50N WeatherExpert Rooftop 75-150 Ton (BACnet) · Co,48/50N N,modelNumber,packagedUnit,extracted,Carrier_48-50N-6PD_WeatherExpert_ProductData.pdf,15,48/50N SIZES N-T (75-150 TONS NOMINAL CAPACITY) + airflow limits p10,75 Tons,,,,,,"15,000 – 37,500",CFM,,,,,,,,,,,,,,,,,,,,,,,,,,,,,,,,,,,,,,,,,,,,,,,,,,,,,,,,,,
carrier-comfortlink-48-50n-weatherexpert-rooftop-75-150-ton-bacnet-co,e5,Carrier,ComfortLink — 48/50N WeatherExpert Rooftop 75-150 Ton (BACnet) · Co,48/50N P,modelNumber,packagedUnit,extracted,Carrier_48-50N-6PD_WeatherExpert_ProductData.pdf,15,48/50N SIZES N-T (75-150 TONS NOMINAL CAPACITY) + airflow limits p10,90 Tons,,,,,,"18,000 – 45,000",CFM,,,,,,,,,,,,,,,,,,,,,,,,,,,,,,,,,,,,,,,,,,,,,,,,,,,,,,,,,,
carrier-comfortlink-48-50n-weatherexpert-rooftop-75-150-ton-bacnet-co,e5,Carrier,ComfortLink — 48/50N WeatherExpert Rooftop 75-150 Ton (BACnet) · Co,48/50N Q,modelNumber,packagedUnit,extracted,Carrier_48-50N-6PD_WeatherExpert_ProductData.pdf,15,48/50N SIZES N-T (75-150 TONS NOMINAL CAPACITY) + airflow limits p10,105 Tons,,,,,,"21,000 – 47,000",CFM,,,,,,,,,,,,,,,,,,,,,,,,,,,,,,,,,,,,,,,,,,,,,,,,,,,,,,,,,,
carrier-comfortlink-48-50n-weatherexpert-rooftop-75-150-ton-bacnet-co,e5,Carrier,ComfortLink — 48/50N WeatherExpert Rooftop 75-150 Ton (BACnet) · Co,48/50N R,modelNumber,packagedUnit,extracted,Carrier_48-50N-6PD_WeatherExpert_ProductData.pdf,15,48/50N SIZES N-T (75-150 TONS NOMINAL CAPACITY) + airflow limits p10,120 Tons,,,,,,"24,000 – 60,000",CFM,,,,,,,,,,,,,,,,,,,,,,,,,,,,,,,,,,,,,,,,,,,,,,,,,,,,,,,,,,
carrier-comfortlink-48-50n-weatherexpert-rooftop-75-150-ton-bacnet-co,e5,Carrier,ComfortLink — 48/50N WeatherExpert Rooftop 75-150 Ton (BACnet) · Co,48/50N S,modelNumber,packagedUnit,extracted,Carrier_48-50N-6PD_WeatherExpert_ProductData.pdf,15,48/50N SIZES N-T (75-150 TONS NOMINAL CAPACITY) + airflow limits p10,130 Tons,,,,,,"26,000 – 60,000",CFM,,,,,,,,,,,,,,,,,,,,,,,,,,,,,,,,,,,,,,,,,,,,,,,,,,,,,,,,,,
carrier-comfortlink-48-50n-weatherexpert-rooftop-75-150-ton-bacnet-co,e5,Carrier,ComfortLink — 48/50N WeatherExpert Rooftop 75-150 Ton (BACnet) · Co,48/50N T,modelNumber,packagedUnit,extracted,Carrier_48-50N-6PD_WeatherExpert_ProductData.pdf,15,48/50N SIZES N-T (75-150 TONS NOMINAL CAPACITY) + airflow limits p10,150 Tons,,,,,,"30,000 – 60,000",CFM,,,,,,,,,,,,,,,,,,,,,,,,,,,,,,,,,,,,,,,,,,,,,,,,,,,,,,,,,,
daikin-microtech-iii-4-rebel-roofpak-maverick-ii-rooftop-self-contained-bacnet,e5,Daikin,MicroTech III/4 — Rebel·RoofPak·Maverick II Rooftop & Self-Contained (BACnet),DPS 003,modelNumber,packagedUnit,extracted,Daikin_ED-19116_Rebel_Physical_Data.pdf,2,Physical Data Rebel® Physical Data — Model DPS 003 – 028,3 Tons,,,,,,1125,CFM,,,,,,,,,,,13.5,,16.9,,,,1.3 / 2.3 / 4.0,HP,,,2.5,sq ft,(2/10) / (1/8),,,,,,,,,,,,,,,,,,,,,,,,,,,,,,,,,,,
daikin-microtech-iii-4-rebel-roofpak-maverick-ii-rooftop-self-contained-bacnet,e5,Daikin,MicroTech III/4 — Rebel·RoofPak·Maverick II Rooftop & Self-Contained (BACnet),DPS 004,modelNumber,packagedUnit,extracted,Daikin_ED-19116_Rebel_Physical_Data.pdf,2,Physical Data Rebel® Physical Data — Model DPS 003 – 028,4 Tons,,,,,,1500,CFM,,,,,,,,,,,12.4,,17.0,,,,1.3 / 2.3 / 4.0,HP,,,2.5,sq ft,(2/10) / (1/8),,,,,,,,,,,,,,,,,,,,,,,,,,,,,,,,,,,
daikin-microtech-iii-4-rebel-roofpak-maverick-ii-rooftop-self-contained-bacnet,e5,Daikin,MicroTech III/4 — Rebel·RoofPak·Maverick II Rooftop & Self-Contained (BACnet),DPS 005,modelNumber,packagedUnit,extracted,Daikin_ED-19116_Rebel_Physical_Data.pdf,2,Physical Data Rebel® Physical Data — Model DPS 003 – 028,5 Tons,,,,,,1875,CFM,,,,,,,,,,,13.0,,17.5,,,,1.3 / 2.3 / 4.0,HP,,,2.5,sq ft,(2/10) / (1/8),,,,,,,,,,,,,,,,,,,,,,,,,,,,,,,,,,,
daikin-microtech-iii-4-rebel-roofpak-maverick-ii-rooftop-self-contained-bacnet,e5,Daikin,MicroTech III/4 — Rebel·RoofPak·Maverick II Rooftop & Self-Contained (BACnet),DPS 006,modelNumber,packagedUnit,extracted,Daikin_ED-19116_Rebel_Physical_Data.pdf,2,Physical Data Rebel® Physical Data — Model DPS 003 – 028,6 Tons,,,,,,2100,CFM,,,,,,,,,,,11.6,,19.8,,,,1.3 / 2.3 / 4.0,HP,,,2.5,sq ft,(2/10) / (1/8),,,,,,,,,,,,,,,,,,,,,,,,,,,,,,,,,,,
daikin-microtech-iii-4-rebel-roofpak-maverick-ii-rooftop-self-contained-bacnet,e5,Daikin,MicroTech III/4 — Rebel·RoofPak·Maverick II Rooftop & Self-Contained (BACnet),DPS 007,modelNumber,packagedUnit,extracted,Daikin_ED-19116_Rebel_Physical_Data.pdf,2,Physical Data Rebel® Physical Data — Model DPS 003 – 028,7.5 Tons,,,,,,2450,CFM,,,,,,,,,,,12.5,,20.6,,,,4.0 / 8.0,HP,,,5.4,sq ft,(2/10) / (1/8),,,,,,,,,,,,,,,,,,,,,,,,,,,,,,,,,,,
daikin-microtech-iii-4-rebel-roofpak-maverick-ii-rooftop-self-contained-bacnet,e5,Daikin,MicroTech III/4 — Rebel·RoofPak·Maverick II Rooftop & Self-Contained (BACnet),DPS 010,modelNumber,packagedUnit,extracted,Daikin_ED-19116_Rebel_Physical_Data.pdf,2,Physical Data Rebel® Physical Data — Model DPS 003 – 028,10 Tons,,,,,,3500,CFM,,,,,,,,,,,12.4,,19.3,,,,4.0 / 8.0,HP,,,5.4,sq ft,(2/10) / (1/8),,,,,,,,,,,,,,,,,,,,,,,,,,,,,,,,,,,
daikin-microtech-iii-4-rebel-roofpak-maverick-ii-rooftop-self-contained-bacnet,e5,Daikin,MicroTech III/4 — Rebel·RoofPak·Maverick II Rooftop & Self-Contained (BACnet),DPS 012,modelNumber,packagedUnit,extracted,Daikin_ED-19116_Rebel_Physical_Data.pdf,2,Physical Data Rebel® Physical Data — Model DPS 003 – 028,12 Tons,,,,,,4200,CFM,,,,,,,,,,,11.6,,18.0,,,,4.0 / 8.0,HP,,,5.4,sq ft,(2/10) / (1/8),,,,,,,,,,,,,,,,,,,,,,,,,,,,,,,,,,,
daikin-microtech-iii-4-rebel-roofpak-maverick-ii-rooftop-self-contained-bacnet,e5,Daikin,MicroTech III/4 — Rebel·RoofPak·Maverick II Rooftop & Self-Contained (BACnet),DPS 015,modelNumber,packagedUnit,extracted,Daikin_ED-19116_Rebel_Physical_Data.pdf,2,Physical Data Rebel® Physical Data — Model DPS 003 – 028,15 Tons,,,,,,5250,CFM,,,,,,,,,,,11.0,,18.0,,,,4.0 / 8.0,HP,,,5.4,sq ft,(2/10) / (1/8),,,,,,,,,,,,,,,,,,,,,,,,,,,,,,,,,,,
daikin-microtech-iii-4-rebel-roofpak-maverick-ii-rooftop-self-contained-bacnet,e5,Daikin,MicroTech III/4 — Rebel·RoofPak·Maverick II Rooftop & Self-Contained (BACnet),DPS 016,modelNumber,packagedUnit,extracted,Daikin_ED-19116_Rebel_Physical_Data.pdf,2,Physical Data Rebel® Physical Data — Model DPS 003 – 028,15.5 Tons,,,,,,5900,CFM,,,,,,,,,,,12.2,,21.0,,,,2.0 / 3.0 / 5.0 / 7.5 / 10.0 / 15.0 / 20.0,HP,,,12.3,sq ft,"1/12, 2/12, 3/13",,,,,,,,,,,,,,,,,,,,,,,,,,,,,,,,,,,
daikin-microtech-iii-4-rebel-roofpak-maverick-ii-rooftop-self-contained-bacnet,e5,Daikin,MicroTech III/4 — Rebel·RoofPak·Maverick II Rooftop & Self-Contained (BACnet),DPS 018,modelNumber,packagedUnit,extracted,Daikin_ED-19116_Rebel_Physical_Data.pdf,2,Physical Data Rebel® Physical Data — Model DPS 003 – 028,17.5 Tons,,,,,,6600,CFM,,,,,,,,,,,11.9,,20.8,,,,2.0 / 3.0 / 5.0 / 7.5 / 10.0 / 15.0 / 20.0,HP,,,12.3,sq ft,"1/12, 2/12, 3/13",,,,,,,,,,,,,,,,,,,,,,,,,,,,,,,,,,,
daikin-microtech-iii-4-rebel-roofpak-maverick-ii-rooftop-self-contained-bacnet,e5,Daikin,MicroTech III/4 — Rebel·RoofPak·Maverick II Rooftop & Self-Contained (BACnet),DPS 020,modelNumber,packagedUnit,extracted,Daikin_ED-19116_Rebel_Physical_Data.pdf,2,Physical Data Rebel® Physical Data — Model DPS 003 – 028,20.1 Tons,,,,,,7600,CFM,,,,,,,,,,,11.3,,20.4,,,,2.0 / 3.0 / 5.0 / 7.5 / 10.0 / 15.0 / 20.0,HP,,,12.3,sq ft,"1/12, 2/12, 3/13",,,,,,,,,,,,,,,,,,,,,,,,,,,,,,,,,,,
daikin-microtech-iii-4-rebel-roofpak-maverick-ii-rooftop-self-contained-bacnet,e5,Daikin,MicroTech III/4 — Rebel·RoofPak·Maverick II Rooftop & Self-Contained (BACnet),DPS 025,modelNumber,packagedUnit,extracted,Daikin_ED-19116_Rebel_Physical_Data.pdf,2,Physical Data Rebel® Physical Data — Model DPS 003 – 028,25 Tons,,,,,,9500,CFM,,,,,,,,,,,11.3,,18.3,,,,2.0 / 3.0 / 5.0 / 7.5 / 10.0 / 15.0 / 20.0,HP,,,12.3,sq ft,"1/12, 2/12, 3/13",,,,,,,,,,,,,,,,,,,,,,,,,,,,,,,,,,,
daikin-microtech-iii-4-rebel-roofpak-maverick-ii-rooftop-self-contained-bacnet,e5,Daikin,MicroTech III/4 — Rebel·RoofPak·Maverick II Rooftop & Self-Contained (BACnet),DPS 028,modelNumber,packagedUnit,extracted,Daikin_ED-19116_Rebel_Physical_Data.pdf,2,Physical Data Rebel® Physical Data — Model DPS 003 – 028,27.5 Tons,,,,,,10400,CFM,,,,,,,,,,,10.5,,17.9,,,,2.0 / 3.0 / 5.0 / 7.5 / 10.0 / 15.0 / 20.0,HP,,,12.3,sq ft,"1/12, 2/12, 3/13",,,,,,,,,,,,,,,,,,,,,,,,,,,,,,,,,,,
daikin-microtech-iii-4-rebel-roofpak-maverick-ii-rooftop-self-contained-bacnet,e5,Daikin,MicroTech III/4 — Rebel·RoofPak·Maverick II Rooftop & Self-Contained (BACnet),MPS 030-050,modelNumberRange,packagedUnit,manual,Daikin_CAT262_Maverick-II_MPS_Catalog.pdf,1,"Cover summary — Model MPS II, MPS 030-050",30 to 50 Tons,,,,,,"Up to 20,000",CFM,,,,,,,,,,,10.0+,,,,,,,,,,,,,,,,,,,,,,,,,,,,,,,,,,,,,,,,,,,,,,,
daikin-microtech-iii-4-rebel-roofpak-maverick-ii-rooftop-self-contained-bacnet,e5,Daikin,MicroTech III/4 — Rebel·RoofPak·Maverick II Rooftop & Self-Contained (BACnet),SWP-J 23-99,modelNumberRange,packagedUnit,manual,Daikin_CAT861_Self-Contained_SWP_Catalog.pdf,1,"Cover summary — Model SWP-J, Size 23 to 99",30 to 115 Tons,,,,,,"6,000 to 32,000",CFM,,,,,,,,,,,16.5 avg. AHRI,,,,,,,,,,,,,,,,,,,,,,,,,,,,,,,,,,,,,,,,,,,,,,,
johnson-controls-york-simplicity-se-smart-equipment-york-rooftop-units-modbus,e5,Johnson Controls / York,Simplicity SE (Smart Equipment) — York Rooftop Units (Modbus),ZJ037,modelNumber,packagedUnit,extracted,York_ZF-ZJ-ZR_3-12.5t_TechGuide_6046560-YTG-B-0921.pdf,15,ZJ037-061 Two Stage Gas Heat Physical Data + continued p16,3.0 Tons,,,,,,1200,CFM,,,,,,,36000,MBh,35000,MBh,12.2,,,,100,%,1/3,HP,,,18.5,sq ft,,,,,,,,,,,,,,,,,,,,,,,,,2.87,kW,,,,,TXV,,,,,
johnson-controls-york-simplicity-se-smart-equipment-york-rooftop-units-modbus,e5,Johnson Controls / York,Simplicity SE (Smart Equipment) — York Rooftop Units (Modbus),ZJ049,modelNumber,packagedUnit,extracted,York_ZF-ZJ-ZR_3-12.5t_TechGuide_6046560-YTG-B-0921.pdf,15,ZJ037-061 Two Stage Gas Heat Physical Data + continued p16,4.0 Tons,,,,,,1600,CFM,,,,,,,48500,MBh,47000,MBh,12.2,,,,100,%,1/3,HP,,,23.8,sq ft,,,,,,,,,,,,,,,,,,,,,,,,,3.85,kW,,,,,TXV,,,,,
johnson-controls-york-simplicity-se-smart-equipment-york-rooftop-units-modbus,e5,Johnson Controls / York,Simplicity SE (Smart Equipment) — York Rooftop Units (Modbus),ZJ061,modelNumber,packagedUnit,extracted,York_ZF-ZJ-ZR_3-12.5t_TechGuide_6046560-YTG-B-0921.pdf,15,ZJ037-061 Two Stage Gas Heat Physical Data + continued p16,5.0 Tons,,,,,,2000,CFM,,,,,,,59000,MBh,57000,MBh,12.2,,,,100,%,1/3,HP,,,23.8,sq ft,,,,,,,,,,,,,,,,,,,,,,,,,4.67,kW,,,,,TXV,,,,,
johnson-controls-york-simplicity-se-smart-equipment-york-rooftop-units-modbus,e5,Johnson Controls / York,Simplicity SE (Smart Equipment) — York Rooftop Units (Modbus),ZJ078,modelNumber,packagedUnit,extracted,York_ZF-ZJ-ZR_3-12.5t_TechGuide_6046560-YTG-B-0921.pdf,17,ZJ078-150 Physical Data + continued p18,6.5 Tons,,,,,,2500,CFM,,,,,,,76000,Btu/h,74000,Btu/h,11.8,,13.20,,50 / 100,%,1/3,HP,,,29.0,sq ft,,,,,,,,,,,,,,,,,,,,,,,,,6.40,kW,,,,,TXV,,,,,
johnson-controls-york-simplicity-se-smart-equipment-york-rooftop-units-modbus,e5,Johnson Controls / York,Simplicity SE (Smart Equipment) — York Rooftop Units (Modbus),ZJ090,modelNumber,packagedUnit,extracted,York_ZF-ZJ-ZR_3-12.5t_TechGuide_6046560-YTG-B-0921.pdf,17,ZJ078-150 Physical Data + continued p18,7.5 Tons,,,,,,2500,CFM,,,,,,,88000,Btu/h,86000,Btu/h,12.21/12.02,,13.21/13.02,,50 / 100,%,3/4,HP,,,23.8,sq ft,,,,,,,,,,,,,,,,,,,,,,,,,7.17,kW,,,,,TXV,,,,,
johnson-controls-york-simplicity-se-smart-equipment-york-rooftop-units-modbus,e5,Johnson Controls / York,Simplicity SE (Smart Equipment) — York Rooftop Units (Modbus),ZJ102,modelNumber,packagedUnit,extracted,York_ZF-ZJ-ZR_3-12.5t_TechGuide_6046560-YTG-B-0921.pdf,17,ZJ078-150 Physical Data + continued p18,8.5 Tons,,,,,,3300,CFM,,,,,,,99700,Btu/h,96000,Btu/h,12.21/12.02,,13.0,,50 / 100,%,3/4,HP,,,29.0,sq ft,,,,,,,,,,,,,,,,,,,,,,,,,8.00,kW,,,,,TXV,,,,,
johnson-controls-york-simplicity-se-smart-equipment-york-rooftop-units-modbus,e5,Johnson Controls / York,Simplicity SE (Smart Equipment) — York Rooftop Units (Modbus),ZJ120,modelNumber,packagedUnit,extracted,York_ZF-ZJ-ZR_3-12.5t_TechGuide_6046560-YTG-B-0921.pdf,17,ZJ078-150 Physical Data + continued p18,10 Tons,,,,,,3400,CFM,,,,,,,124000,Btu/h,120000,Btu/h,12.0,,12.91/12.82,,50 / 100,%,3/4,HP,,,29.0,sq ft,,,,,,,,,,,,,,,,,,,,,,,,,9.80,kW,,,,,TXV,,,,,
johnson-controls-york-simplicity-se-smart-equipment-york-rooftop-units-modbus,e5,Johnson Controls / York,Simplicity SE (Smart Equipment) — York Rooftop Units (Modbus),ZJ150,modelNumber,packagedUnit,extracted,York_ZF-ZJ-ZR_3-12.5t_TechGuide_6046560-YTG-B-0921.pdf,17,ZJ078-150 Physical Data + continued p18,12.5 Tons,,,,,,3500,CFM,,,,,,,154000,Btu/h,150000,Btu/h,12.11/122,,13.71/13.52,,50 / 100,%,1/3,HP,,,47.5,sq ft,,,,,,,,,,,,,,,,,,,,,,,,,12.50,kW,,,,,TXV,,,,,
johnson-controls-york-simplicity-se-smart-equipment-york-rooftop-units-modbus,e5,Johnson Controls / York,Simplicity SE (Smart Equipment) — York Rooftop Units (Modbus),ZR037,modelNumber,packagedUnit,extracted,York_ZF-ZJ-ZR_3-12.5t_TechGuide_6046560-YTG-B-0921.pdf,19,ZR037-061 Two Stage Gas Heat Physical Data + continued p20,3 Tons,,,,,,1200,CFM,,,,,,,37600,Btu/h,35600,Btu/h,12.2,,,,100,%,1/3,HP,,,11.9,sq ft,,,,,,,,,,,,,,,,,,,,,,,,,2.92,kW,,,,,TXV,,,,,
johnson-controls-york-simplicity-se-smart-equipment-york-rooftop-units-modbus,e5,Johnson Controls / York,Simplicity SE (Smart Equipment) — York Rooftop Units (Modbus),ZR049,modelNumber,packagedUnit,extracted,York_ZF-ZJ-ZR_3-12.5t_TechGuide_6046560-YTG-B-0921.pdf,19,ZR037-061 Two Stage Gas Heat Physical Data + continued p20,4 Tons,,,,,,1600,CFM,,,,,,,48500,Btu/h,47000,Btu/h,12.1,,,,100,%,1/3,HP,,,11.9,sq ft,,,,,,,,,,,,,,,,,,,,,,,,,3.88,kW,,,,,TXV,,,,,
johnson-controls-york-simplicity-se-smart-equipment-york-rooftop-units-modbus,e5,Johnson Controls / York,Simplicity SE (Smart Equipment) — York Rooftop Units (Modbus),ZR061,modelNumber,packagedUnit,extracted,York_ZF-ZJ-ZR_3-12.5t_TechGuide_6046560-YTG-B-0921.pdf,19,ZR037-061 Two Stage Gas Heat Physical Data + continued p20,5 Tons,,,,,,2000,CFM,,,,,,,60200,Btu/h,58000,Btu/h,12.1,,,,100,%,1/3,HP,,,11.9,sq ft,,,,,,,,,,,,,,,,,,,,,,,,,4.80,kW,,,,,TXV,,,,,
johnson-controls-york-simplicity-se-smart-equipment-york-rooftop-units-modbus,e5,Johnson Controls / York,Simplicity SE (Smart Equipment) — York Rooftop Units (Modbus),ZR078,modelNumber,packagedUnit,extracted,York_ZF-ZJ-ZR_3-12.5t_TechGuide_6046560-YTG-B-0921.pdf,22,ZR078-150 Physical Data + base physical p21 + continued p22,6.5 Tons,,,,,,2200,CFM,,,,,,,80000,MBh,78000,MBh,11.2,,12.5,,50 / 100,%,1/3,HP,,,23.8,sq ft,,,,,,,,,,,,,,,,,,,,,,,,,6.96,kW,,,,,TXV,,,,,
johnson-controls-york-simplicity-se-smart-equipment-york-rooftop-units-modbus,e5,Johnson Controls / York,Simplicity SE (Smart Equipment) — York Rooftop Units (Modbus),ZR090,modelNumber,packagedUnit,extracted,York_ZF-ZJ-ZR_3-12.5t_TechGuide_6046560-YTG-B-0921.pdf,22,ZR078-150 Physical Data + base physical p21 + continued p22,7.5 Tons,,,,,,2775,CFM,,,,,,,90000,MBh,88000,MBh,11.2,,12.5,,50 / 100,%,1/3,HP,,,23.8,sq ft,,,,,,,,,,,,,,,,,,,,,,,,,7.77,kW,,,,,TXV,,,,,
johnson-controls-york-simplicity-se-smart-equipment-york-rooftop-units-modbus,e5,Johnson Controls / York,Simplicity SE (Smart Equipment) — York Rooftop Units (Modbus),ZR102,modelNumber,packagedUnit,extracted,York_ZF-ZJ-ZR_3-12.5t_TechGuide_6046560-YTG-B-0921.pdf,22,ZR078-150 Physical Data + base physical p21 + continued p22,8.5 Tons,,,,,,3350,CFM,,,,,,,105000,MBh,1020001/1000002,MBh,11.2,,12.41/12.22,,50 / 100,%,1/3,HP,,,29.0,sq ft,,,,,,,,,,,,,,,,,,,,,,,,,9.11,kW,,,,,TXV,,,,,
johnson-controls-york-simplicity-se-smart-equipment-york-rooftop-units-modbus,e5,Johnson Controls / York,Simplicity SE (Smart Equipment) — York Rooftop Units (Modbus),ZR120,modelNumber,packagedUnit,extracted,York_ZF-ZJ-ZR_3-12.5t_TechGuide_6046560-YTG-B-0921.pdf,22,ZR078-150 Physical Data + base physical p21 + continued p22,10 Tons,,,,,,3750,CFM,,,,,,,124000,MBh,118000,MBh,11.2,,11.4,,50 / 100,%,3/4,HP,,,29.0,sq ft,,,,,,,,,,,,,,,,,,,,,,,,,10.71,kW,,,,,TXV,,,,,
johnson-controls-york-simplicity-se-smart-equipment-york-rooftop-units-modbus,e5,Johnson Controls / York,Simplicity SE (Smart Equipment) — York Rooftop Units (Modbus),ZR150,modelNumber,packagedUnit,extracted,York_ZF-ZJ-ZR_3-12.5t_TechGuide_6046560-YTG-B-0921.pdf,22,ZR078-150 Physical Data + base physical p21 + continued p22,12.5 Tons,,,,,,4450,CFM,,,,,,,157000,MBh,150000,MBh,11.0,,11.4,,50 / 100,%,1/3,HP,,,47.5,sq ft,,,,,,,,,,,,,,,,,,,,,,,,,13.39,kW,,,,,TXV,,,,,
johnson-controls-york-simplicity-se-smart-equipment-york-rooftop-units-modbus,e5,Johnson Controls / York,Simplicity SE (Smart Equipment) — York Rooftop Units (Modbus),ZF078,modelNumber,packagedUnit,extracted,York_ZF-ZJ-ZR_3-12.5t_TechGuide_6046560-YTG-B-0921.pdf,23,ZF078-150 Physical Data + continued p24,6.5 Tons,,,,,,2500,CFM,,,,,,,76500,MBh,74000,MBh,11.21/11.02,,12.4,,50 / 100,%,1/3,HP,,,18.5,sq ft,,,,,,,,,,,,,,,,,,,,,,,,,6.73,kW,,,,,TXV,,,,,
johnson-controls-york-simplicity-se-smart-equipment-york-rooftop-units-modbus,e5,Johnson Controls / York,Simplicity SE (Smart Equipment) — York Rooftop Units (Modbus),ZF090,modelNumber,packagedUnit,extracted,York_ZF-ZJ-ZR_3-12.5t_TechGuide_6046560-YTG-B-0921.pdf,23,ZF078-150 Physical Data + continued p24,7.5 Tons,,,,,,2500,CFM,,,,,,,86500,MBh,84000,MBh,11.21/11.02,,12.2,,50 / 100,%,1/3,HP,,,23.8,sq ft,,,,,,,,,,,,,,,,,,,,,,,,,7.64,kW,,,,,TXV,,,,,
johnson-controls-york-simplicity-se-smart-equipment-york-rooftop-units-modbus,e5,Johnson Controls / York,Simplicity SE (Smart Equipment) — York Rooftop Units (Modbus),ZF102,modelNumber,packagedUnit,extracted,York_ZF-ZJ-ZR_3-12.5t_TechGuide_6046560-YTG-B-0921.pdf,23,ZF078-150 Physical Data + continued p24,8.5 Tons,,,,,,3300,CFM,,,,,,,98800,MBh,96000,MBh,11.21/11.02,,12.01/11.72,,50 / 100,%,3/4,HP,,,29.0,sq ft,,,,,,,,,,,,,,,,,,,,,,,,,8.72,kW,,,,,TXV,,,,,
johnson-controls-york-simplicity-se-smart-equipment-york-rooftop-units-modbus,e5,Johnson Controls / York,Simplicity SE (Smart Equipment) — York Rooftop Units (Modbus),ZF120,modelNumber,packagedUnit,extracted,York_ZF-ZJ-ZR_3-12.5t_TechGuide_6046560-YTG-B-0921.pdf,23,ZF078-150 Physical Data + continued p24,10 Tons,,,,,,3400,CFM,,,,,,,121400,MBh,117000,MBh,11.21/11.02,,12.0,,50 / 100,%,3/4,HP,,,29.0,sq ft,,,,,,,,,,,,,,,,,,,,,,,,,10.63,kW,,,,,TXV,,,,,
johnson-controls-york-simplicity-se-smart-equipment-york-rooftop-units-modbus,e5,Johnson Controls / York,Simplicity SE (Smart Equipment) — York Rooftop Units (Modbus),ZF150,modelNumber,packagedUnit,extracted,York_ZF-ZJ-ZR_3-12.5t_TechGuide_6046560-YTG-B-0921.pdf,23,ZF078-150 Physical Data + continued p24,12.5 Tons,,,,,,4050,CFM,,,,,,,156000,MBh,149500,MBh,11.01/10.82,,12.41/12.02,,50 / 100,%,3/4,HP,,,29,sq ft,,,,,,,,,,,,,,,,,,,,,,,,,13.40,kW,,,,,TXV,,,,,
johnson-controls-york-simplicity-se-smart-equipment-york-rooftop-units-modbus,e5,Johnson Controls / York,Simplicity SE (Smart Equipment) — York Rooftop Units (Modbus),ZJ180,modelNumber,packagedUnit,extracted,York_ZJ-ZR-ZF_15-25t_TechGuide_5168277-YTG-K-0119.pdf,14,ZJ180-300 Physical Data + continued p15,15 Tons,,,,,,4500,CFM,,,,,,,181.4,MBh,172,MBh,12.2,,13.4,,25 / 50 / 75 / 100,%,1/3,HP,,,63.8,sq ft,,,,,,,,,,,,,,,,,,,,,,,,,14.10,kW,,,,,TXV,,,,,
johnson-controls-york-simplicity-se-smart-equipment-york-rooftop-units-modbus,e5,Johnson Controls / York,Simplicity SE (Smart Equipment) — York Rooftop Units (Modbus),ZJ210,modelNumber,packagedUnit,extracted,York_ZJ-ZR-ZF_15-25t_TechGuide_5168277-YTG-K-0119.pdf,14,ZJ180-300 Physical Data + continued p15,17.5 Tons,,,,,,5800,CFM,,,,,,,208,MBh,202,MBh,12.1,,13.0,,25 / 50 / 75 / 100,%,1/3,HP,,,63.8,sq ft,,,,,,,,,,,,,,,,,,,,,,,,,16.70,kW,,,,,TXV,,,,,
johnson-controls-york-simplicity-se-smart-equipment-york-rooftop-units-modbus,e5,Johnson Controls / York,Simplicity SE (Smart Equipment) — York Rooftop Units (Modbus),ZJ240,modelNumber,packagedUnit,extracted,York_ZJ-ZR-ZF_15-25t_TechGuide_5168277-YTG-K-0119.pdf,14,ZJ180-300 Physical Data + continued p15,20 Tons,,,,,,7000,CFM,,,,,,,255,MBh,242,MBh,11.0,,12.0,,25 / 50 / 75 / 100,%,1/3,HP,,,63.8,sq ft,,,,,,,,,,,,,,,,,,,,,,,,,21.82,kW,,,,,TXV,,,,,
johnson-controls-york-simplicity-se-smart-equipment-york-rooftop-units-modbus,e5,Johnson Controls / York,Simplicity SE (Smart Equipment) — York Rooftop Units (Modbus),ZJ300,modelNumber,packagedUnit,extracted,York_ZJ-ZR-ZF_15-25t_TechGuide_5168277-YTG-K-0119.pdf,14,ZJ180-300 Physical Data + continued p15,25 Tons,,,,,,7000,CFM,,,,,,,290,MBh,280,MBh,10.6,,,,25 / 50 / 75 / 100,%,1/3,HP,,,63.8,sq ft,,,,,,,,,,,,,,,,,,,,,,,,,26.67,kW,,,,,TXV,,,,,
johnson-controls-york-simplicity-se-smart-equipment-york-rooftop-units-modbus,e5,Johnson Controls / York,Simplicity SE (Smart Equipment) — York Rooftop Units (Modbus),ZR180,modelNumber,packagedUnit,extracted,York_ZJ-ZR-ZF_15-25t_TechGuide_5168277-YTG-K-0119.pdf,16,ZR180-300 Physical Data + continued p17,15 Tons,,,,,,5000,CFM,,,,,,,189,MBh,180,MBh,11.2,,12.41/12.22,,50 / 100,%,1/3,HP,,,63.8,sq ft,,,,,,,,,,,,,,,,,,,,,,,,,14.40,kW,,,,,TXV,,,,,
johnson-controls-york-simplicity-se-smart-equipment-york-rooftop-units-modbus,e5,Johnson Controls / York,Simplicity SE (Smart Equipment) — York Rooftop Units (Modbus),ZR240,modelNumber,packagedUnit,extracted,York_ZJ-ZR-ZF_15-25t_TechGuide_5168277-YTG-K-0119.pdf,16,ZR180-300 Physical Data + continued p17,20 Tons,,,,,,6000,CFM,,,,,,,243,MBh,228,MBh,11.0,,,,50 / 100,%,1/3,HP,,,63.8,sq ft,,,,,,,,,,,,,,,,,,,,,,,,,20.10,kW,,,,,TXV,,,,,
johnson-controls-york-simplicity-se-smart-equipment-york-rooftop-units-modbus,e5,Johnson Controls / York,Simplicity SE (Smart Equipment) — York Rooftop Units (Modbus),ZR300,modelNumber,packagedUnit,extracted,York_ZJ-ZR-ZF_15-25t_TechGuide_5168277-YTG-K-0119.pdf,16,ZR180-300 Physical Data + continued p17,25 Tons,,,,,,7600,CFM,,,,,,,303,MBh,288,MBh,10.0,,,,50 / 100,%,1/3,HP,,,63.8,sq ft,,,,,,,,,,,,,,,,,,,,,,,,,28.50,kW,,,,,TXV,,,,,
johnson-controls-york-simplicity-se-smart-equipment-york-rooftop-units-modbus,e5,Johnson Controls / York,Simplicity SE (Smart Equipment) — York Rooftop Units (Modbus),ZF180,modelNumber,packagedUnit,extracted,York_ZJ-ZR-ZF_15-25t_TechGuide_5168277-YTG-K-0119.pdf,18,ZF180-300 Physical Data + continued p19,15 Tons,,,,,,4430,CFM,,,,,,,175,MBh,172,MBh,11.01/10.82,,12.41/12.22,,50 / 100,%,1.25,HP,,,36.0,sq ft,,,,,,,,,,,,,,,,,,,,,,,,,15.0,kW,,,,,TXV,,,,,
johnson-controls-york-simplicity-se-smart-equipment-york-rooftop-units-modbus,e5,Johnson Controls / York,Simplicity SE (Smart Equipment) — York Rooftop Units (Modbus),ZF210,modelNumber,packagedUnit,extracted,York_ZJ-ZR-ZF_15-25t_TechGuide_5168277-YTG-K-0119.pdf,18,ZF180-300 Physical Data + continued p19,17.5 Tons,,,,,,5300,CFM,,,,,,,208,MBh,204,MBh,11.01/10.82,,,,50 / 100,%,1.25,HP,,,43.3,sq ft,,,,,,,,,,,,,,,,,,,,,,,,,18.5,kW,,,,,TXV,,,,,
johnson-controls-york-simplicity-se-smart-equipment-york-rooftop-units-modbus,e5,Johnson Controls / York,Simplicity SE (Smart Equipment) — York Rooftop Units (Modbus),ZF240,modelNumber,packagedUnit,extracted,York_ZJ-ZR-ZF_15-25t_TechGuide_5168277-YTG-K-0119.pdf,18,ZF180-300 Physical Data + continued p19,20 Tons,,,,,,6200,CFM,,,,,,,254.5,MBh,240,MBh,10.01/9.82,,,,50 / 100,%,1.25,HP,,,43.3,sq ft,,,,,,,,,,,,,,,,,,,,,,,,,24.7,kW,,,,,TXV,,,,,
johnson-controls-york-simplicity-se-smart-equipment-york-rooftop-units-modbus,e5,Johnson Controls / York,Simplicity SE (Smart Equipment) — York Rooftop Units (Modbus),ZF300,modelNumber,packagedUnit,extracted,York_ZJ-ZR-ZF_15-25t_TechGuide_5168277-YTG-K-0119.pdf,18,ZF180-300 Physical Data + continued p19,25 Tons,,,,,,6750,CFM,,,,,,,279,MBh,270,MBh,10.01/9.82,,,,50 / 100,%,1.50,HP,,,43.3,sq ft,,,,,,,,,,,,,,,,,,,,,,,,,27.0,kW,,,,,TXV,,,,,
lennox-core-unit-controller-enlight-model-l-rooftop-bacnet,e5,Lennox,CORE Unit Controller — Enlight·Model L Rooftop (BACnet),LGT036H4E,modelNumber,packagedUnit,extracted,Lennox_Enlight_LGT_EHB_210977.pdf#generaldata,20,General data — Enlight LGT 3-6 Ton (EHB text),3 Tons,,,,,,1200/800,CFM high/low,,,,,,,"36,600",,"36,000",Btu/h,13.3,,,,,,,,,,,,,,,,,,,,,,,,,,,,17.8,,16.8,,,,,,2.7,kW,75,dBA,,,,,,,,
lennox-core-unit-controller-enlight-model-l-rooftop-bacnet,e5,Lennox,CORE Unit Controller — Enlight·Model L Rooftop (BACnet),LGT048H4E,modelNumber,packagedUnit,extracted,Lennox_Enlight_LGT_EHB_210977.pdf#generaldata,20,General data — Enlight LGT 3-6 Ton (EHB text),4 Tons,,,,,,1800/1200,CFM high/low,,,,,,,"50,100",,"49,000",Btu/h,12.8,,,,,,,,,,,,,,,,,,,,,,,,,,,,17.6,,17.3,,,,,,3.8,kW,75,dBA,,,,,,,,
lennox-core-unit-controller-enlight-model-l-rooftop-bacnet,e5,Lennox,CORE Unit Controller — Enlight·Model L Rooftop (BACnet),LGT060H4E,modelNumber,packagedUnit,extracted,Lennox_Enlight_LGT_EHB_210977.pdf#generaldata,20,General data — Enlight LGT 3-6 Ton (EHB text),5 Tons,,,,,,1800/1350,CFM high/low,,,,,,,"61,600",,"60,000",Btu/h,12.7,,,,,,,,,,,,,,,,,,,,,,,,,,,,17.1,,16.3,,,,,,4.6,kW,82,dBA,,,,,,,,
lennox-core-unit-controller-enlight-model-l-rooftop-bacnet,e5,Lennox,CORE Unit Controller — Enlight·Model L Rooftop (BACnet),LGT072H4E,modelNumber,packagedUnit,extracted,Lennox_Enlight_LGT_EHB_210977.pdf#generaldata,20,General data — Enlight LGT 3-6 Ton (EHB text),6 Tons,,,,,,2000/1500,CFM high/low,,,,,,,"72,000",,"69,000",Btu/h,12.2,,17.0,,,,,,,,,,,,,,,,,,,,,,,,,,,,,,,,,,5.6,kW,82,dBA,,,,,,,,
lennox-core-unit-controller-enlight-model-l-rooftop-bacnet,e5,Lennox,CORE Unit Controller — Enlight·Model L Rooftop (BACnet),LHT156H4M,modelNumber,packagedUnit,extracted,Lennox_Enlight_LHT_EHB_2411.pdf#generaldata,20,General data — Enlight LHT 13-20 Ton (EHB text),13 Tons,,,,,,4500,CFM,,,,,,,"154,000",,"150,000",,12.1,,15.7,,,,,,,,,,,,,,,,,,,,,,,,,,,,,,"144,000",,3.40,,12.3,,,,,,,,,,,
lennox-core-unit-controller-enlight-model-l-rooftop-bacnet,e5,Lennox,CORE Unit Controller — Enlight·Model L Rooftop (BACnet),LHT180H4M,modelNumber,packagedUnit,extracted,Lennox_Enlight_LHT_EHB_2411.pdf#generaldata,20,General data — Enlight LHT 13-20 Ton (EHB text),15 Tons,,,,,,5500,CFM,,,,,,,"181,000",,"176,000",,11.1,,15.5,,,,,,,,,,,,,,,,,,,,,,,,,,,,,,"174,000",,3.40,,15.8,,,,,,,,,,,
lennox-core-unit-controller-enlight-model-l-rooftop-bacnet,e5,Lennox,CORE Unit Controller — Enlight·Model L Rooftop (BACnet),LHT240H4M,modelNumber,packagedUnit,extracted,Lennox_Enlight_LHT_EHB_2411.pdf#generaldata,20,General data — Enlight LHT 13-20 Ton (EHB text),20 Tons,,,,,,7000,CFM,,,,,,,"232,000",,"224,000",,11.1,,15.5,,,,,,,,,,,,,,,,,,,,,,,,,,,,,,"224,000",,3.40,,20.1,,,,,,,,,,,
lg-ahu-comm-kit-0caa0-02m-multi-v-single-ahu-interface-modbus-pahcmr000,e5,LG,AHU Comm Kit 0CAA0-02M — MULTI V·Single AHU Interface (Modbus) · 환기(RA) 제어 킷 PAHCMR000,PRLK048A0,modelNumber,eevKit,extracted,LG_AHU_CommKit_0CAA0-02M_PDB.pdf#eevkits,15,General data — EEV kit combination for PAHCMR000 (PDB),EEV kit,,3.6 – 28,kW,,,,,,,,,,,,,,,,,,,,,,,,,,,,,,,,,,,,,,,,,,,,,,,,,,,,,,,,,,,,,,
lg-ahu-comm-kit-0caa0-02m-multi-v-single-ahu-interface-modbus-pahcmr000,e5,LG,AHU Comm Kit 0CAA0-02M — MULTI V·Single AHU Interface (Modbus) · 환기(RA) 제어 킷 PAHCMR000,PRLK096A0,modelNumber,eevKit,extracted,LG_AHU_CommKit_0CAA0-02M_PDB.pdf#eevkits,15,General data — EEV kit combination for PAHCMR000 (PDB),EEV kit,,28.1 – 56,kW,,,,,,,,,,,,,,,,,,,,,,,,,,,,,,,,,,,,,,,,,,,,,,,,,,,,,,,,,,,,,,
lg-ahu-comm-kit-0caa0-02m-multi-v-single-ahu-interface-modbus-pahcmr000,e5,LG,AHU Comm Kit 0CAA0-02M — MULTI V·Single AHU Interface (Modbus) · 환기(RA) 제어 킷 PAHCMR000,PRLK396A0,modelNumber,eevKit,extracted,LG_AHU_CommKit_0CAA0-02M_PDB.pdf#eevkits,15,General data — EEV kit combination for PAHCMR000 (PDB),EEV kit,,56.1 – 112,kW,,,,,,,,,,,,,,,,,,,,,,,,,,,,,,,,,,,,,,,,,,,,,,,,,,,,,,,,,,,,,,
lg-ahu-comm-kit-0caa0-02m-multi-v-single-ahu-interface-modbus-pahcms000,e5,LG,AHU Comm Kit 0CAA0-02M — MULTI V·Single AHU Interface (Modbus) · 급기(SA) 제어 킷 PAHCMS000,PRLK048A0,modelNumber,eevKit,extracted,LG_AHU_CommKit_0CAA0-02M_PDB.pdf#eevkits,15,General data — EEV kit combination for PAHCMS000 (PDB),EEV kit,,3.6 – 28,kW,,,,,,,,,,,,,,,,,,,,,,,,,,,,,,,,,,,,,,,,,,,,,,,,,,,,,,,,,,,,,,
lg-ahu-comm-kit-0caa0-02m-multi-v-single-ahu-interface-modbus-pahcms000,e5,LG,AHU Comm Kit 0CAA0-02M — MULTI V·Single AHU Interface (Modbus) · 급기(SA) 제어 킷 PAHCMS000,PRLK096A0,modelNumber,eevKit,extracted,LG_AHU_CommKit_0CAA0-02M_PDB.pdf#eevkits,15,General data — EEV kit combination for PAHCMS000 (PDB),EEV kit,,28.1 – 56,kW,,,,,,,,,,,,,,,,,,,,,,,,,,,,,,,,,,,,,,,,,,,,,,,,,,,,,,,,,,,,,,
lg-ahu-comm-kit-0caa0-02m-multi-v-single-ahu-interface-modbus-pahcms000,e5,LG,AHU Comm Kit 0CAA0-02M — MULTI V·Single AHU Interface (Modbus) · 급기(SA) 제어 킷 PAHCMS000,PRLK396A0,modelNumber,eevKit,extracted,LG_AHU_CommKit_0CAA0-02M_PDB.pdf#eevkits,15,General data — EEV kit combination for PAHCMS000 (PDB),EEV kit,,56.1 – 112,kW,,,,,,,,,,,,,,,,,,,,,,,,,,,,,,,,,,,,,,,,,,,,,,,,,,,,,,,,,,,,,,
lg-ahu-comm-kit-0caa0-02m-multi-v-single-ahu-interface-modbus-pahcms000,e5,LG,AHU Comm Kit 0CAA0-02M — MULTI V·Single AHU Interface (Modbus) · 급기(SA) 제어 킷 PAHCMS000,PRLK594A0,modelNumber,eevKit,extracted,LG_AHU_CommKit_0CAA0-02M_PDB.pdf#eevkits,15,General data — EEV kit combination for PAHCMS000 (PDB),EEV kit,,112.1 – 168,kW,,,,,,,,,,,,,,,,,,,,,,,,,,,,,,,,,,,,,,,,,,,,,,,,,,,,,,,,,,,,,,
mitsubishi-electric-pac-if013b-sif013b-mr-slim-ahu-interface-modbus,e5,Mitsubishi Electric,PAC-IF013B/SIF013B — Mr.Slim AHU Interface (Modbus),ZRP35,modelNumber,packagedUnit,extracted,Mitsubishi_PAC-IF013_AHU_Design_Guideline.pdf#airflow,13,General data — Mr.Slim outdoor units for AHU (design guideline text) + nominal capacity p13,35,,,,,,372 – 738,m³/h,,,,,,,3.5,kW,,,,,,,,,,,,,,,,,,,,,,,,,,,,,,,,,,,4.1,kW,,,,,,,,,,,,,,
mitsubishi-electric-pac-if013b-sif013b-mr-slim-ahu-interface-modbus,e5,Mitsubishi Electric,PAC-IF013B/SIF013B — Mr.Slim AHU Interface (Modbus),ZRP50,modelNumber,packagedUnit,extracted,Mitsubishi_PAC-IF013_AHU_Design_Guideline.pdf#airflow,13,General data — Mr.Slim outdoor units for AHU (design guideline text) + nominal capacity p13,50,,,,,,516 – 1080,m³/h,,,,,,,5.0,kW,,,,,,,,,,,,,,,,,,,,,,,,,,,,,,,,,,,6.0,kW,,,,,,,,,,,,,,
mitsubishi-electric-pac-if013b-sif013b-mr-slim-ahu-interface-modbus,e5,Mitsubishi Electric,PAC-IF013B/SIF013B — Mr.Slim AHU Interface (Modbus),ZRP60,modelNumber,packagedUnit,extracted,Mitsubishi_PAC-IF013_AHU_Design_Guideline.pdf#airflow,13,General data — Mr.Slim outdoor units for AHU (design guideline text) + nominal capacity p13,60,,,,,,630 – 1260,m³/h,,,,,,,6.0,kW,,,,,,,,,,,,,,,,,,,,,,,,,,,,,,,,,,,7.0,kW,,,,,,,,,,,,,,
mitsubishi-electric-pac-if013b-sif013b-mr-slim-ahu-interface-modbus,e5,Mitsubishi Electric,PAC-IF013B/SIF013B — Mr.Slim AHU Interface (Modbus),ZRP71,modelNumber,packagedUnit,extracted,Mitsubishi_PAC-IF013_AHU_Design_Guideline.pdf#airflow,13,General data — Mr.Slim outdoor units for AHU (design guideline text) + nominal capacity p13,71,,,,,,732 – 1440,m³/h,,,,,,,7.1,kW,,,,,,,,,,,,,,,,,,,,,,,,,,,,,,,,,,,8.0,kW,,,,,,,,,,,,,,
mitsubishi-electric-pac-if013b-sif013b-mr-slim-ahu-interface-modbus,e5,Mitsubishi Electric,PAC-IF013B/SIF013B — Mr.Slim AHU Interface (Modbus),ZRP100,modelNumber,packagedUnit,extracted,Mitsubishi_PAC-IF013_AHU_Design_Guideline.pdf#airflow,13,General data — Mr.Slim outdoor units for AHU (design guideline text) + nominal capacity p13,100,,,,,,978 – 2016,m³/h,,,,,,,10.0,kW,,,,,,,,,,,,,,,,,,,,,,,,,,,,,,,,,,,11.2,kW,,,,,,,,,,,,,,
mitsubishi-electric-pac-if013b-sif013b-mr-slim-ahu-interface-modbus,e5,Mitsubishi Electric,PAC-IF013B/SIF013B — Mr.Slim AHU Interface (Modbus),ZRP125,modelNumber,packagedUnit,extracted,Mitsubishi_PAC-IF013_AHU_Design_Guideline.pdf#airflow,13,General data — Mr.Slim outdoor units for AHU (design guideline text) + nominal capacity p13,125,,,,,,1290 – 2520,m³/h,,,,,,,12.5,kW,,,,,,,,,,,,,,,,,,,,,,,,,,,,,,,,,,,14.0,kW,,,,,,,,,,,,,,
mitsubishi-electric-pac-if013b-sif013b-mr-slim-ahu-interface-modbus,e5,Mitsubishi Electric,PAC-IF013B/SIF013B — Mr.Slim AHU Interface (Modbus),ZRP140,modelNumber,packagedUnit,extracted,Mitsubishi_PAC-IF013_AHU_Design_Guideline.pdf#airflow,13,General data — Mr.Slim outdoor units for AHU (design guideline text) + nominal capacity p13,140,,,,,,1380 – 2880,m³/h,,,,,,,14.0,kW,,,,,,,,,,,,,,,,,,,,,,,,,,,,,,,,,,,16.0,kW,,,,,,,,,,,,,,
mitsubishi-electric-pac-if013b-sif013b-mr-slim-ahu-interface-modbus,e5,Mitsubishi Electric,PAC-IF013B/SIF013B — Mr.Slim AHU Interface (Modbus),ZRP200,modelNumber,packagedUnit,extracted,Mitsubishi_PAC-IF013_AHU_Design_Guideline.pdf#airflow,13,General data — Mr.Slim outdoor units for AHU (design guideline text) + nominal capacity p13,200,,,,,,1956 – 4032,m³/h,,,,,,,20.0,kW,,,,,,,,,,,,,,,,,,,,,,,,,,,,,,,,,,,22.4,kW,,,,,,,,,,,,,,
mitsubishi-electric-pac-if013b-sif013b-mr-slim-ahu-interface-modbus,e5,Mitsubishi Electric,PAC-IF013B/SIF013B — Mr.Slim AHU Interface (Modbus),ZRP250,modelNumber,packagedUnit,extracted,Mitsubishi_PAC-IF013_AHU_Design_Guideline.pdf#airflow,13,General data — Mr.Slim outdoor units for AHU (design guideline text) + nominal capacity p13,250,,,,,,2268 – 4860,m³/h,,,,,,,25.0,kW,,,,,,,,,,,,,,,,,,,,,,,,,,,,,,,,,,,27.0,kW,,,,,,,,,,,,,,
mitsubishi-electric-pac-if013b-sif013b-mr-slim-ahu-interface-modbus,e5,Mitsubishi Electric,PAC-IF013B/SIF013B — Mr.Slim AHU Interface (Modbus),P200,modelNumber,packagedUnit,extracted,Mitsubishi_PAC-IF013_AHU_Design_Guideline.pdf#airflow,13,General data — Mr.Slim outdoor units for AHU (design guideline text) + nominal capacity p13,200,,,,,,1956 – 4032,m³/h,,,,,,,20.0,kW,,,,,,,,,,,,,,,,,,,,,,,,,,,,,,,,,,,22.4,kW,,,,,,,,,,,,,,
mitsubishi-electric-pac-if013b-sif013b-mr-slim-ahu-interface-modbus,e5,Mitsubishi Electric,PAC-IF013B/SIF013B — Mr.Slim AHU Interface (Modbus),P250,modelNumber,packagedUnit,extracted,Mitsubishi_PAC-IF013_AHU_Design_Guideline.pdf#airflow,13,General data — Mr.Slim outdoor units for AHU (design guideline text) + nominal capacity p13,250,,,,,,2268 – 4860,m³/h,,,,,,,25.0,kW,,,,,,,,,,,,,,,,,,,,,,,,,,,,,,,,,,,27.0,kW,,,,,,,,,,,,,,
mitsubishi-electric-pac-if013b-sif013b-mr-slim-ahu-interface-modbus,e5,Mitsubishi Electric,PAC-IF013B/SIF013B — Mr.Slim AHU Interface (Modbus),SHW80,modelNumber,packagedUnit,extracted,Mitsubishi_PAC-IF013_AHU_Design_Guideline.pdf#airflow,13,General data — Mr.Slim outdoor units for AHU (design guideline text) + nominal capacity p13,80,,,,,,732 – 1440,m³/h,,,,,,,7.1,kW,,,,,,,,,,,,,,,,,,,,,,,,,,,,,,,,,,,8.0,kW,,,,,,,,,,,,,,
mitsubishi-electric-pac-if013b-sif013b-mr-slim-ahu-interface-modbus,e5,Mitsubishi Electric,PAC-IF013B/SIF013B — Mr.Slim AHU Interface (Modbus),SHW112,modelNumber,packagedUnit,extracted,Mitsubishi_PAC-IF013_AHU_Design_Guideline.pdf#airflow,13,General data — Mr.Slim outdoor units for AHU (design guideline text) + nominal capacity p13,112,,,,,,978 – 2016,m³/h,,,,,,,10.0,kW,,,,,,,,,,,,,,,,,,,,,,,,,,,,,,,,,,,11.2,kW,,,,,,,,,,,,,,
mitsubishi-electric-pac-if013b-sif013b-mr-slim-ahu-interface-modbus,e5,Mitsubishi Electric,PAC-IF013B/SIF013B — Mr.Slim AHU Interface (Modbus),SHW140,modelNumber,packagedUnit,extracted,Mitsubishi_PAC-IF013_AHU_Design_Guideline.pdf#airflow,13,General data — Mr.Slim outdoor units for AHU (design guideline text) + nominal capacity p13,140,,,,,,1290 – 2520,m³/h,,,,,,,12.5,kW,,,,,,,,,,,,,,,,,,,,,,,,,,,,,,,,,,,14.0,kW,,,,,,,,,,,,,,
mitsubishi-electric-pac-if013b-sif013b-mr-slim-ahu-interface-modbus,e5,Mitsubishi Electric,PAC-IF013B/SIF013B — Mr.Slim AHU Interface (Modbus),SHW230,modelNumber,packagedUnit,extracted,Mitsubishi_PAC-IF013_AHU_Design_Guideline.pdf#airflow,13,General data — Mr.Slim outdoor units for AHU (design guideline text) + nominal capacity p13,230,,,,,,1956 – 4032,m³/h,,,,,,,20.0,kW,,,,,,,,,,,,,,,,,,,,,,,,,,,,,,,,,,,22.4,kW,,,,,,,,,,,,,,
mitsubishi-electric-pac-if013b-sif013b-mr-slim-ahu-interface-modbus,e5,Mitsubishi Electric,PAC-IF013B/SIF013B — Mr.Slim AHU Interface (Modbus),ZM35,modelNumber,packagedUnit,extracted,Mitsubishi_PAC-IF013_AHU_Design_Guideline.pdf#airflow,13,General data — Mr.Slim outdoor units for AHU (design guideline text) + nominal capacity p13,35,,,,,,372 – 738,m³/h,,,,,,,3.5,kW,,,,,,,,,,,,,,,,,,,,,,,,,,,,,,,,,,,4.1,kW,,,,,,,,,,,,,,
mitsubishi-electric-pac-if013b-sif013b-mr-slim-ahu-interface-modbus,e5,Mitsubishi Electric,PAC-IF013B/SIF013B — Mr.Slim AHU Interface (Modbus),ZM50,modelNumber,packagedUnit,extracted,Mitsubishi_PAC-IF013_AHU_Design_Guideline.pdf#airflow,13,General data — Mr.Slim outdoor units for AHU (design guideline text) + nominal capacity p13,50,,,,,,516 – 1080,m³/h,,,,,,,5.0,kW,,,,,,,,,,,,,,,,,,,,,,,,,,,,,,,,,,,6.0,kW,,,,,,,,,,,,,,
mitsubishi-electric-pac-if013b-sif013b-mr-slim-ahu-interface-modbus,e5,Mitsubishi Electric,PAC-IF013B/SIF013B — Mr.Slim AHU Interface (Modbus),ZM60,modelNumber,packagedUnit,extracted,Mitsubishi_PAC-IF013_AHU_Design_Guideline.pdf#airflow,13,General data — Mr.Slim outdoor units for AHU (design guideline text) + nominal capacity p13,60,,,,,,630 – 1260,m³/h,,,,,,,6.0,kW,,,,,,,,,,,,,,,,,,,,,,,,,,,,,,,,,,,7.0,kW,,,,,,,,,,,,,,
mitsubishi-electric-pac-if013b-sif013b-mr-slim-ahu-interface-modbus,e5,Mitsubishi Electric,PAC-IF013B/SIF013B — Mr.Slim AHU Interface (Modbus),ZM71,modelNumber,packagedUnit,extracted,Mitsubishi_PAC-IF013_AHU_Design_Guideline.pdf#airflow,13,General data — Mr.Slim outdoor units for AHU (design guideline text) + nominal capacity p13,71,,,,,,732 – 1440,m³/h,,,,,,,7.1,kW,,,,,,,,,,,,,,,,,,,,,,,,,,,,,,,,,,,8.0,kW,,,,,,,,,,,,,,
mitsubishi-electric-pac-if013b-sif013b-mr-slim-ahu-interface-modbus,e5,Mitsubishi Electric,PAC-IF013B/SIF013B — Mr.Slim AHU Interface (Modbus),ZM100,modelNumber,packagedUnit,extracted,Mitsubishi_PAC-IF013_AHU_Design_Guideline.pdf#airflow,13,General data — Mr.Slim outdoor units for AHU (design guideline text) + nominal capacity p13,100,,,,,,978 – 2016,m³/h,,,,,,,10.0,kW,,,,,,,,,,,,,,,,,,,,,,,,,,,,,,,,,,,11.2,kW,,,,,,,,,,,,,,
mitsubishi-electric-pac-if013b-sif013b-mr-slim-ahu-interface-modbus,e5,Mitsubishi Electric,PAC-IF013B/SIF013B — Mr.Slim AHU Interface (Modbus),ZM125,modelNumber,packagedUnit,extracted,Mitsubishi_PAC-IF013_AHU_Design_Guideline.pdf#airflow,13,General data — Mr.Slim outdoor units for AHU (design guideline text) + nominal capacity p13,125,,,,,,1290 – 2520,m³/h,,,,,,,12.5,kW,,,,,,,,,,,,,,,,,,,,,,,,,,,,,,,,,,,14.0,kW,,,,,,,,,,,,,,
mitsubishi-electric-pac-if013b-sif013b-mr-slim-ahu-interface-modbus,e5,Mitsubishi Electric,PAC-IF013B/SIF013B — Mr.Slim AHU Interface (Modbus),ZM140,modelNumber,packagedUnit,extracted,Mitsubishi_PAC-IF013_AHU_Design_Guideline.pdf#airflow,13,General data — Mr.Slim outdoor units for AHU (design guideline text) + nominal capacity p13,140,,,,,,1380 – 2880,m³/h,,,,,,,14.0,kW,,,,,,,,,,,,,,,,,,,,,,,,,,,,,,,,,,,16.0,kW,,,,,,,,,,,,,,
siemens-climatix-pol908-iv-produkt-ahu-application-bacnet,e5,Siemens,Climatix POL908 — IV Produkt AHU Application (BACnet),Envistar 04 · catalog p32,capacityClass,packagedUnit,extracted,IVProdukt_Envistar_Catalog_2024-3_en.pdf,32,정격 사양 — IVProdukt_Envistar_Catalog_2024-3_en.pdf p32,크기 04,,,,,,"0,10 – 0,43",m³/s,,,,,,,6.5,kW,,,,,,,,,,,,,,,,,,,,,,,,,,,1365/1910,,1570,,,,,,,,,,,,,,,,,,,,,
siemens-climatix-pol908-iv-produkt-ahu-application-bacnet,e5,Siemens,Climatix POL908 — IV Produkt AHU Application (BACnet),Envistar 06 · catalog p32,capacityClass,packagedUnit,extracted,IVProdukt_Envistar_Catalog_2024-3_en.pdf,32,정격 사양 — IVProdukt_Envistar_Catalog_2024-3_en.pdf p32,크기 06,,,,,,"0,15 – 0,68",m³/s,,,,,,,12.2,kW,,,,,,,,,,,,,,,,,,,,,,,,,,,1365/1910,,1720,,,,,,,,,,,,,,,,,,,,,
siemens-climatix-pol908-iv-produkt-ahu-application-bacnet,e5,Siemens,Climatix POL908 — IV Produkt AHU Application (BACnet),Envistar 09 · catalog p32,capacityClass,packagedUnit,extracted,IVProdukt_Envistar_Catalog_2024-3_en.pdf,32,정격 사양 — IVProdukt_Envistar_Catalog_2024-3_en.pdf p32,크기 09,,,,,,"0,20 – 0,98",m³/s,,,,,,,19.2,kW,,,,,,,,,,,,,,,,,,,,,,,,,,,1435/1600,,2000 e 2370,,,,,,,,,,,,,,,,,,,,,
siemens-climatix-pol908-iv-produkt-ahu-application-bacnet,e5,Siemens,Climatix POL908 — IV Produkt AHU Application (BACnet),Envistar 10 · catalog p32,capacityClass,packagedUnit,extracted,IVProdukt_Envistar_Catalog_2024-3_en.pdf,32,정격 사양 — IVProdukt_Envistar_Catalog_2024-3_en.pdf p32,크기 10,,,,,,"0,20 – 0,98",m³/s,,,,,,,18.3,kW,,,,,,,,,,,,,,,,,,,,,,,,,,,1435/1980,,1990,,,,,,,,,,,,,,,,,,,,,
siemens-climatix-pol908-iv-produkt-ahu-application-bacnet,e5,Siemens,Climatix POL908 — IV Produkt AHU Application (BACnet),Envistar 12 · catalog p32,capacityClass,packagedUnit,extracted,IVProdukt_Envistar_Catalog_2024-3_en.pdf,32,정격 사양 — IVProdukt_Envistar_Catalog_2024-3_en.pdf p32,크기 12,,,,,,"0,25 – 1,20",m³/s,,,,,,,18.3 20.3,kW,,,,,,,,,,,,,,,,,,,,,,,,,,,1530/1915,,2000 e 2370,,,,,,,,,,,,,,,,,,,,,
siemens-climatix-pol908-iv-produkt-ahu-application-bacnet,e5,Siemens,Climatix POL908 — IV Produkt AHU Application (BACnet),Envistar 17 · catalog p32,capacityClass,packagedUnit,extracted,IVProdukt_Envistar_Catalog_2024-3_en.pdf,32,정격 사양 — IVProdukt_Envistar_Catalog_2024-3_en.pdf p32,크기 17,,,,,,"0,30 – 1,90",m³/s,,,,,,,"29,0",kW,,,,,,,,,,,,,,,,,,,,,,,,,,,1835,,2200 f,,,,,,,,,,,,,,,,,,,,,
siemens-climatix-pol908-iv-produkt-ahu-application-bacnet,e5,Siemens,Climatix POL908 — IV Produkt AHU Application (BACnet),Envistar 22 · catalog p32,capacityClass,packagedUnit,extracted,IVProdukt_Envistar_Catalog_2024-3_en.pdf,32,정격 사양 — IVProdukt_Envistar_Catalog_2024-3_en.pdf p32,크기 22,,,,,,"0,40 – 2,30",m³/s,,,,,,,"32,0",kW,,,,,,,,,,,,,,,,,,,,,,,,,,,1885,,2200 f,,,,,,,,,,,,,,,,,,,,,
siemens-climatix-pol908-iv-produkt-ahu-application-bacnet,e5,Siemens,Climatix POL908 — IV Produkt AHU Application (BACnet),Envistar 28 · catalog p32,capacityClass,packagedUnit,extracted,IVProdukt_Envistar_Catalog_2024-3_en.pdf,32,정격 사양 — IVProdukt_Envistar_Catalog_2024-3_en.pdf p32,크기 28,,,,,,"0,40 – 3,00",m³/s,,,,,,,69,kW,,,,,,,,,,,,,,,,,,,,,,,,,,,1995,,2200 f/j,,,,,,,,,,,,,,,,,,,,,
siemens-climatix-pol908-iv-produkt-ahu-application-bacnet,e5,Siemens,Climatix POL908 — IV Produkt AHU Application (BACnet),Envistar 04 · catalog p34,capacityClass,packagedUnit,extracted,IVProdukt_Envistar_Catalog_2024-3_en.pdf,34,Air flow (m3/s) a Cooling,크기 04,,,,,,"0,13 – 0,42",m³/s,,,,,,,6.3,kW,,,,,,,,,,,,,,,,,,,,,,,,,,,1540,,2067,,,,,,,,,,,,,,,,,,,,,
siemens-climatix-pol908-iv-produkt-ahu-application-bacnet,e5,Siemens,Climatix POL908 — IV Produkt AHU Application (BACnet),Envistar 06 · catalog p34,capacityClass,packagedUnit,extracted,IVProdukt_Envistar_Catalog_2024-3_en.pdf,34,Air flow (m3/s) a Cooling,크기 06,,,,,,"0,18 – 0,60",m³/s,,,,,,,11.2,kW,,,,,,,,,,,,,,,,,,,,,,,,,,,1625,,2207,,,,,,,,,,,,,,,,,,,,,
siemens-climatix-pol908-iv-produkt-ahu-application-bacnet,e5,Siemens,Climatix POL908 — IV Produkt AHU Application (BACnet),Envistar 09 · catalog p34,capacityClass,packagedUnit,extracted,IVProdukt_Envistar_Catalog_2024-3_en.pdf,34,Air flow (m3/s) a Cooling,크기 09,,,,,,"0,25 – 0,95",m³/s,,,,,,,14.1,kW,,,,,,,,,,,,,,,,,,,,,,,,,,,1530,,3040,,,,,,,,,,,,,,,,,,,,,
siemens-climatix-pol908-iv-produkt-ahu-application-bacnet,e5,Siemens,Climatix POL908 — IV Produkt AHU Application (BACnet),Envistar 10 · catalog p34,capacityClass,packagedUnit,extracted,IVProdukt_Envistar_Catalog_2024-3_en.pdf,34,Air flow (m3/s) a Cooling,크기 10,,,,,,"0,25 – 0,95",m³/s,,,,,,,17.5,kW,,,,,,,,,,,,,,,,,,,,,,,,,,,1990/2020,,2466,,,,,,,,,,,,,,,,,,,,,
siemens-climatix-pol908-iv-produkt-ahu-application-bacnet,e5,Siemens,Climatix POL908 — IV Produkt AHU Application (BACnet),Envistar 12 · catalog p34,capacityClass,packagedUnit,extracted,IVProdukt_Envistar_Catalog_2024-3_en.pdf,34,Air flow (m3/s) a Cooling,크기 12,,,,,,"0,30 – 1,15",m³/s,,,,,,,20.6,kW,,,,,,,,,,,,,,,,,,,,,,,,,,,1530,,3040,,,,,,,,,,,,,,,,,,,,,
siemens-climatix-pol908-iv-produkt-ahu-application-bacnet,e5,Siemens,Climatix POL908 — IV Produkt AHU Application (BACnet),Envistar 17 · catalog p34,capacityClass,packagedUnit,extracted,IVProdukt_Envistar_Catalog_2024-3_en.pdf,34,Air flow (m3/s) a Cooling,크기 17,,,,,,"0,42 – 1,65",m³/s,,,,,,,27.4,kW,,,,,,,,,,,,,,,,,,,,,,,,,,,1835,,3235,,,,,,,,,,,,,,,,,,,,,
siemens-climatix-pol908-iv-produkt-ahu-application-bacnet,e5,Siemens,Climatix POL908 — IV Produkt AHU Application (BACnet),Envistar 22 · catalog p34,capacityClass,packagedUnit,extracted,IVProdukt_Envistar_Catalog_2024-3_en.pdf,34,Air flow (m3/s) a Cooling,크기 22,,,,,,"0,55 – 2,25",m³/s,,,,,,,40.0,kW,,,,,,,,,,,,,,,,,,,,,,,,,,,1885,,3800,,,,,,,,,,,,,,,,,,,,,
siemens-climatix-pol908-iv-produkt-ahu-application-bacnet,e5,Siemens,Climatix POL908 — IV Produkt AHU Application (BACnet),Envistar 28 · catalog p34,capacityClass,packagedUnit,extracted,IVProdukt_Envistar_Catalog_2024-3_en.pdf,34,Air flow (m3/s) a Cooling,크기 28,,,,,,"0,55 – 2,80",m³/s,,,,,,,45 / 51,kW,,,,,,,,,,,,,,,,,,,,,,,,,,,1995,,3800,,,,,,,,,,,,,,,,,,,,,
siemens-climatix-pol908-iv-produkt-ahu-application-bacnet,e5,Siemens,Climatix POL908 — IV Produkt AHU Application (BACnet),Envistar 04 · catalog p35,capacityClass,packagedUnit,extracted,IVProdukt_Envistar_Catalog_2024-3_en.pdf,35,정격 사양 — IVProdukt_Envistar_Catalog_2024-3_en.pdf p35,크기 04,,,,,,0.10 – 0.44,m³/s,,,,,,,4.7 5.8,kW,,,,,,,,,,,,,,,,,,,,,,,,,,,"1,250",,"1,435/2,475",,,,,,,,,,,,,,,,,,,,,
siemens-climatix-pol908-iv-produkt-ahu-application-bacnet,e5,Siemens,Climatix POL908 — IV Produkt AHU Application (BACnet),Envistar 06 · catalog p35,capacityClass,packagedUnit,extracted,IVProdukt_Envistar_Catalog_2024-3_en.pdf,35,정격 사양 — IVProdukt_Envistar_Catalog_2024-3_en.pdf p35,크기 06,,,,,,0.15 – 0.65,m³/s,,,,,,,6.6,kW,,,,,,,,,,,,,,,,,,,,,,,,,,,"1,312",,"1,555/2,525",,,,,,,,,,,,,,,,,,,,,
siemens-climatix-pol908-iv-produkt-ahu-application-bacnet,e5,Siemens,Climatix POL908 — IV Produkt AHU Application (BACnet),Envistar 10 · catalog p35,capacityClass,packagedUnit,extracted,IVProdukt_Envistar_Catalog_2024-3_en.pdf,35,정격 사양 — IVProdukt_Envistar_Catalog_2024-3_en.pdf p35,크기 10,,,,,,0.20 – 0.97,m³/s,,,,,,,12 14,kW,,,,,,,,,,,,,,,,,,,,,,,,,,,"1,413",,"1,616/2,586",,,,,,,,,,,,,,,,,,,,,
siemens-climatix-pol908-iv-produkt-ahu-application-bacnet,e5,Siemens,Climatix POL908 — IV Produkt AHU Application (BACnet),Envistar 16 · catalog p35,capacityClass,packagedUnit,extracted,IVProdukt_Envistar_Catalog_2024-3_en.pdf,35,정격 사양 — IVProdukt_Envistar_Catalog_2024-3_en.pdf p35,크기 16,,,,,,0.30 – 1.65,m³/s,,,,,,,16,kW,,,,,,,,,,,,,,,,,,,,,,,,,,,"1,688",,"1,860/2,830",,,,,,,,,,,,,,,,,,,,,
siemens-climatix-pol908-iv-produkt-ahu-application-bacnet,e5,Siemens,Climatix POL908 — IV Produkt AHU Application (BACnet),Envistar 060 · catalog p37,capacityClass,packagedUnit,extracted,IVProdukt_Envistar_Catalog_2024-3_en.pdf,37,정격 사양 — IVProdukt_Envistar_Catalog_2024-3_en.pdf p37,크기 060,,,,,,0.11 – 0.60,m³/s,,,,,,,–,kW,,,,,,,,,,,,,,,,,,,,,,,,,,,960,,,,,,,,,,,,,,,,,,,,,,,
siemens-climatix-pol908-iv-produkt-ahu-application-bacnet,e5,Siemens,Climatix POL908 — IV Produkt AHU Application (BACnet),Envistar 100 · catalog p37,capacityClass,packagedUnit,extracted,IVProdukt_Envistar_Catalog_2024-3_en.pdf,37,정격 사양 — IVProdukt_Envistar_Catalog_2024-3_en.pdf p37,크기 100,,,,,,0.17 – 0.99,m³/s,,,,,,,17.8,kW,,,,,,,,,,,,,,,,,,,,,,,,,,,"1,090",,,,,,,,,,,,,,,,,,,,,,,
siemens-climatix-pol908-iv-produkt-ahu-application-bacnet,e5,Siemens,Climatix POL908 — IV Produkt AHU Application (BACnet),Envistar 150 · catalog p37,capacityClass,packagedUnit,extracted,IVProdukt_Envistar_Catalog_2024-3_en.pdf,37,정격 사양 — IVProdukt_Envistar_Catalog_2024-3_en.pdf p37,크기 150,,,,,,0.29 – 1.70,m³/s,,,,,,,26.3,kW,,,,,,,,,,,,,,,,,,,,,,,,,,,"1,470",,,,,,,,,,,,,,,,,,,,,,,
siemens-climatix-pol908-iv-produkt-ahu-application-bacnet,e5,Siemens,Climatix POL908 — IV Produkt AHU Application (BACnet),Envistar 190 · catalog p37,capacityClass,packagedUnit,extracted,IVProdukt_Envistar_Catalog_2024-3_en.pdf,37,정격 사양 — IVProdukt_Envistar_Catalog_2024-3_en.pdf p37,크기 190,,,,,,0.38 – 2.00,m³/s,,,,,,,35.6,kW,,,,,,,,,,,,,,,,,,,,,,,,,,,"1,470",,,,,,,,,,,,,,,,,,,,,,,
siemens-climatix-pol908-iv-produkt-ahu-application-bacnet,e5,Siemens,Climatix POL908 — IV Produkt AHU Application (BACnet),Envistar 240 · catalog p37,capacityClass,packagedUnit,extracted,IVProdukt_Envistar_Catalog_2024-3_en.pdf,37,정격 사양 — IVProdukt_Envistar_Catalog_2024-3_en.pdf p37,크기 240,,,,,,0.47 – 2.60,m³/s,,,,,,,36.6,kW,,,,,,,,,,,,,,,,,,,,,,,,,,,"1,686",,,,,,,,,,,,,,,,,,,,,,,
siemens-climatix-pol908-iv-produkt-ahu-application-bacnet,e5,Siemens,Climatix POL908 — IV Produkt AHU Application (BACnet),Envistar 300 · catalog p37,capacityClass,packagedUnit,extracted,IVProdukt_Envistar_Catalog_2024-3_en.pdf,37,정격 사양 — IVProdukt_Envistar_Catalog_2024-3_en.pdf p37,크기 300,,,,,,0.54 – 3.00,m³/s,,,,,,,47.2,kW,,,,,,,,,,,,,,,,,,,,,,,,,,,"1,686",,,,,,,,,,,,,,,,,,,,,,,
siemens-climatix-pol908-iv-produkt-ahu-application-bacnet,e5,Siemens,Climatix POL908 — IV Produkt AHU Application (BACnet),Envistar 360 · catalog p37,capacityClass,packagedUnit,extracted,IVProdukt_Envistar_Catalog_2024-3_en.pdf,37,정격 사양 — IVProdukt_Envistar_Catalog_2024-3_en.pdf p37,크기 360,,,,,,0.66 – 3.80,m³/s,,,,,,,59.5,kW,,,,,,,,,,,,,,,,,,,,,,,,,,,"2,060",,,,,,,,,,,,,,,,,,,,,,,
siemens-climatix-pol908-iv-produkt-ahu-application-bacnet,e5,Siemens,Climatix POL908 — IV Produkt AHU Application (BACnet),Envistar 400 · catalog p37,capacityClass,packagedUnit,extracted,IVProdukt_Envistar_Catalog_2024-3_en.pdf,37,정격 사양 — IVProdukt_Envistar_Catalog_2024-3_en.pdf p37,크기 400,,,,,,0.66 – 4.00,m³/s,,,,,,,66.3,kW,,,,,,,,,,,,,,,,,,,,,,,,,,,"1,900",,,,,,,,,,,,,,,,,,,,,,,
siemens-climatix-pol908-iv-produkt-ahu-application-bacnet,e5,Siemens,Climatix POL908 — IV Produkt AHU Application (BACnet),Envistar 480 · catalog p37,capacityClass,packagedUnit,extracted,IVProdukt_Envistar_Catalog_2024-3_en.pdf,37,정격 사양 — IVProdukt_Envistar_Catalog_2024-3_en.pdf p37,크기 480,,,,,,0.85 – 5.10,m³/s,,,,,,,51.4 84.6,kW,,,,,,,,,,,,,,,,,,,,,,,,,,,"2,060",,,,,,,,,,,,,,,,,,,,,,,
siemens-climatix-pol908-iv-produkt-ahu-application-bacnet,e5,Siemens,Climatix POL908 — IV Produkt AHU Application (BACnet),Envistar 600 · catalog p37,capacityClass,packagedUnit,extracted,IVProdukt_Envistar_Catalog_2024-3_en.pdf,37,정격 사양 — IVProdukt_Envistar_Catalog_2024-3_en.pdf p37,크기 600,,,,,,1.06 – 6.00,m³/s,,,,,,,64.7,kW,,,,,,,,,,,,,,,,,,,,,,,,,,,"2,270",,,,,,,,,,,,,,,,,,,,,,,
siemens-climatix-pol908-iv-produkt-ahu-application-bacnet,e5,Siemens,Climatix POL908 — IV Produkt AHU Application (BACnet),Envistar 740 · catalog p37,capacityClass,packagedUnit,extracted,IVProdukt_Envistar_Catalog_2024-3_en.pdf,37,정격 사양 — IVProdukt_Envistar_Catalog_2024-3_en.pdf p37,크기 740,,,,,,1.21 – 8.30,m³/s,,,,,,,95.6 129.8,kW,,,,,,,,,,,,,,,,,,,,,,,,,,,"2,675",,,,,,,,,,,,,,,,,,,,,,,
siemens-climatix-pol908-iv-produkt-ahu-application-bacnet,e5,Siemens,Climatix POL908 — IV Produkt AHU Application (BACnet),Envistar 850 · catalog p37,capacityClass,packagedUnit,extracted,IVProdukt_Envistar_Catalog_2024-3_en.pdf,37,정격 사양 — IVProdukt_Envistar_Catalog_2024-3_en.pdf p37,크기 850,,,,,,1.41 – 10.0,m³/s,,,,,,,101.0,kW,,,,,,,,,,,,,,,,,,,,,,,,,,,"2,935",,,,,,,,,,,,,,,,,,,,,,,
siemens-climatix-pol908-iv-produkt-ahu-application-bacnet,e5,Siemens,Climatix POL908 — IV Produkt AHU Application (BACnet),Envistar 980 · catalog p37,capacityClass,packagedUnit,extracted,IVProdukt_Envistar_Catalog_2024-3_en.pdf,37,정격 사양 — IVProdukt_Envistar_Catalog_2024-3_en.pdf p37,크기 980,,,,,,1.69 – 10.6,m³/s,,,,,,,105.5 162.0,kW,,,,,,,,,,,,,,,,,,,,,,,,,,,"3,085",,,,,,,,,,,,,,,,,,,,,,,
siemens-climatix-pol908-iv-produkt-ahu-application-bacnet,e5,Siemens,Climatix POL908 — IV Produkt AHU Application (BACnet),Envistar 100 · catalog p38,capacityClass,packagedUnit,extracted,IVProdukt_Envistar_Catalog_2024-3_en.pdf,38,IV Produkt Designer,크기 100,,,,,,0.25 – 0.95,m³/s,,,,,,,13.6,kW,,,,,,,,,,,,,,,,,,,,,,,,,,,"1,090",,"2,550",,,,,,,,,,,,,,,,,,,,,
siemens-climatix-pol908-iv-produkt-ahu-application-bacnet,e5,Siemens,Climatix POL908 — IV Produkt AHU Application (BACnet),Envistar 150 · catalog p38,capacityClass,packagedUnit,extracted,IVProdukt_Envistar_Catalog_2024-3_en.pdf,38,IV Produkt Designer,크기 150,,,,,,0.38 – 1.61,m³/s,,,,,,,21.9,kW,,,,,,,,,,,,,,,,,,,,,,,,,,,"1,470",,"2,850",,,,,,,,,,,,,,,,,,,,,
siemens-climatix-pol908-iv-produkt-ahu-application-bacnet,e5,Siemens,Climatix POL908 — IV Produkt AHU Application (BACnet),Envistar 190 · catalog p38,capacityClass,packagedUnit,extracted,IVProdukt_Envistar_Catalog_2024-3_en.pdf,38,IV Produkt Designer,크기 190,,,,,,0.50 – 2.12,m³/s,,,,,,,28.2,kW,,,,,,,,,,,,,,,,,,,,,,,,,,,"1,470",,"2,850",,,,,,,,,,,,,,,,,,,,,
siemens-climatix-pol908-iv-produkt-ahu-application-bacnet,e5,Siemens,Climatix POL908 — IV Produkt AHU Application (BACnet),Envistar 240 · catalog p38,capacityClass,packagedUnit,extracted,IVProdukt_Envistar_Catalog_2024-3_en.pdf,38,IV Produkt Designer,크기 240,,,,,,0.58 – 2.48,m³/s,,,,,,,29.9,kW,,,,,,,,,,,,,,,,,,,,,,,,,,,"1,686",,"2,990",,,,,,,,,,,,,,,,,,,,,
siemens-climatix-pol908-iv-produkt-ahu-application-bacnet,e5,Siemens,Climatix POL908 — IV Produkt AHU Application (BACnet),Envistar 300 · catalog p38,capacityClass,packagedUnit,extracted,IVProdukt_Envistar_Catalog_2024-3_en.pdf,38,IV Produkt Designer,크기 300,,,,,,0.68 – 2.91,m³/s,,,,,,,43.0,kW,,,,,,,,,,,,,,,,,,,,,,,,,,,"1,686",,"3,020",,,,,,,,,,,,,,,,,,,,,
siemens-climatix-pol908-iv-produkt-ahu-application-bacnet,e5,Siemens,Climatix POL908 — IV Produkt AHU Application (BACnet),Envistar 360 · catalog p38,capacityClass,packagedUnit,extracted,IVProdukt_Envistar_Catalog_2024-3_en.pdf,38,IV Produkt Designer,크기 360,,,,,,0.85 – 3.64,m³/s,,,,,,,46.4,kW,,,,,,,,,,,,,,,,,,,,,,,,,,,"2,060",,"3,550",,,,,,,,,,,,,,,,,,,,,
siemens-climatix-pol908-iv-produkt-ahu-application-bacnet,e5,Siemens,Climatix POL908 — IV Produkt AHU Application (BACnet),Envistar 400 · catalog p38,capacityClass,packagedUnit,extracted,IVProdukt_Envistar_Catalog_2024-3_en.pdf,38,IV Produkt Designer,크기 400,,,,,,0.92 – 3.93,m³/s,,,,,,,47.2,kW,,,,,,,,,,,,,,,,,,,,,,,,,,,"1,900",,"3,090",,,,,,,,,,,,,,,,,,,,,
siemens-climatix-pol908-iv-produkt-ahu-application-bacnet,e5,Siemens,Climatix POL908 — IV Produkt AHU Application (BACnet),Envistar 480 · catalog p38,capacityClass,packagedUnit,extracted,IVProdukt_Envistar_Catalog_2024-3_en.pdf,38,IV Produkt Designer,크기 480,,,,,,1.07 – 4.61,m³/s,,,,,,,58.0,kW,,,,,,,,,,,,,,,,,,,,,,,,,,,"2,060",,"3,850",,,,,,,,,,,,,,,,,,,,,
siemens-climatix-pol908-iv-produkt-ahu-application-bacnet,e5,Siemens,Climatix POL908 — IV Produkt AHU Application (BACnet),Envistar 600 · catalog p38,capacityClass,packagedUnit,extracted,IVProdukt_Envistar_Catalog_2024-3_en.pdf,38,IV Produkt Designer,크기 600,,,,,,1.34 – 5.75,m³/s,,,,,,,84.0,kW,,,,,,,,,,,,,,,,,,,,,,,,,,,"2,270",,"3,850",,,,,,,,,,,,,,,,,,,,,
siemens-climatix-pol908-iv-produkt-ahu-application-bacnet,e5,Siemens,Climatix POL908 — IV Produkt AHU Application (BACnet),Envistar 740 · catalog p38,capacityClass,packagedUnit,extracted,IVProdukt_Envistar_Catalog_2024-3_en.pdf,38,IV Produkt Designer,크기 740,,,,,,1.71 – 7.34,m³/s,,,,,,,103,kW,,,,,,,,,,,,,,,,,,,,,,,,,,,"2,675",,"4,150",,,,,,,,,,,,,,,,,,,,,
siemens-climatix-pol908-iv-produkt-ahu-application-bacnet,e5,Siemens,Climatix POL908 — IV Produkt AHU Application (BACnet),Envistar 850 · catalog p38,capacityClass,packagedUnit,extracted,IVProdukt_Envistar_Catalog_2024-3_en.pdf,38,IV Produkt Designer,크기 850,,,,,,1.98 – 8.47,m³/s,,,,,,,118,kW,,,,,,,,,,,,,,,,,,,,,,,,,,,"2,935",,"4,150",,,,,,,,,,,,,,,,,,,,,
siemens-climatix-pol908-iv-produkt-ahu-application-bacnet,e5,Siemens,Climatix POL908 — IV Produkt AHU Application (BACnet),Envistar 980 · catalog p38,capacityClass,packagedUnit,extracted,IVProdukt_Envistar_Catalog_2024-3_en.pdf,38,IV Produkt Designer,크기 980,,,,,,2.38 – 9.95,m³/s,,,,,,,132,kW,,,,,,,,,,,,,,,,,,,,,,,,,,,"3,085",,"4,150",,,,,,,,,,,,,,,,,,,,,
swegon-iqlogic-gold-rx-px-cx-sd-ahu-modbus,e5,Swegon,IQlogic — GOLD RX/PX/CX/SD AHU (Modbus),GOLD RX 004,capacityClass,packagedUnit,extracted,Swegon_AHU_QuickGuide.pdf,4,치수·중량 — Swegon_AHU_QuickGuide.pdf p4,크기 004,,,,,,290 - 1620,m³/h,290 - 1620,m³/h,1356,m³/h,1620,m³/h,,,,,,,,,,,,,,,,,,,,,,,,,,,,,,,,,,,,,,,,,,,,,,,,,,,GOLD RX,
swegon-iqlogic-gold-rx-px-cx-sd-ahu-modbus,e5,Swegon,IQlogic — GOLD RX/PX/CX/SD AHU (Modbus),GOLD RX 005,capacityClass,packagedUnit,extracted,Swegon_AHU_QuickGuide.pdf,4,치수·중량 — Swegon_AHU_QuickGuide.pdf p4,크기 005,,,,,,290 - 1960,m³/h,290 - 1960,m³/h,1356,m³/h,1800,m³/h,,,,,,,,,,,,,,,,,,,,,,,,,,,,,,,,,,,,,,,,,,,,,,,,,,,GOLD RX,
swegon-iqlogic-gold-rx-px-cx-sd-ahu-modbus,e5,Swegon,IQlogic — GOLD RX/PX/CX/SD AHU (Modbus),GOLD RX 007,capacityClass,packagedUnit,extracted,Swegon_AHU_QuickGuide.pdf,4,치수·중량 — Swegon_AHU_QuickGuide.pdf p4,크기 007,,,,,,290 - 2700,m³/h,290 - 2700,m³/h,2196,m³/h,2700,m³/h,,,,,,,,,,,,,,,,,,,,,,,,,,,,,,,,,,,,,,,,,,,,,,,,,,,GOLD RX,
swegon-iqlogic-gold-rx-px-cx-sd-ahu-modbus,e5,Swegon,IQlogic — GOLD RX/PX/CX/SD AHU (Modbus),GOLD RX 008,capacityClass,packagedUnit,extracted,Swegon_AHU_QuickGuide.pdf,4,치수·중량 — Swegon_AHU_QuickGuide.pdf p4,크기 008,,,,,,720 - 3110,m³/h,720 - 3110,m³/h,2310,m³/h,2925,m³/h,,,,,,,,,,,,,,,,,,,,,,,,,,,,,,,,,,,,,,,,,,,,,,,,,,,GOLD RX,
swegon-iqlogic-gold-rx-px-cx-sd-ahu-modbus,e5,Swegon,IQlogic — GOLD RX/PX/CX/SD AHU (Modbus),GOLD RX 011,capacityClass,packagedUnit,extracted,Swegon_AHU_QuickGuide.pdf,4,치수·중량 — Swegon_AHU_QuickGuide.pdf p4,크기 011,,,,,,720 - 3960,m³/h,720 - 3960,m³/h,3259,m³/h,3960,m³/h,,,,,,,,,,,,,,,,,,,,,,,,,,,,,,,,,,,,,,,,,,,,,,,,,,,GOLD RX,
swegon-iqlogic-gold-rx-px-cx-sd-ahu-modbus,e5,Swegon,IQlogic — GOLD RX/PX/CX/SD AHU (Modbus),GOLD RX 012,capacityClass,packagedUnit,extracted,Swegon_AHU_QuickGuide.pdf,4,치수·중량 — Swegon_AHU_QuickGuide.pdf p4,크기 012,,,,,,720 - 4390,m³/h,720 - 4390,m³/h,3463,m³/h,4341,m³/h,,,,,,,,,,,,,,,,,,,,,,,,,,,,,,,,,,,,,,,,,,,,,,,,,,,GOLD RX,
swegon-iqlogic-gold-rx-px-cx-sd-ahu-modbus,e5,Swegon,IQlogic — GOLD RX/PX/CX/SD AHU (Modbus),GOLD RX 014,capacityClass,packagedUnit,extracted,Swegon_AHU_QuickGuide.pdf,4,치수·중량 — Swegon_AHU_QuickGuide.pdf p4,크기 014,,,,,,720 - 5940,m³/h,720 - 5940,m³/h,5400,m³/h,5940,m³/h,,,,,,,,,,,,,,,,,,,,,,,,,,,,,,,,,,,,,,,,,,,,,,,,,,,GOLD RX,
swegon-iqlogic-gold-rx-px-cx-sd-ahu-modbus,e5,Swegon,IQlogic — GOLD RX/PX/CX/SD AHU (Modbus),GOLD RX 014+,capacityClass,packagedUnit,extracted,Swegon_AHU_QuickGuide.pdf,4,치수·중량 — Swegon_AHU_QuickGuide.pdf p4,크기 014+,,,,,,720 - 5940,m³/h,720 - 5940,m³/h,5940,m³/h,5940,m³/h,,,,,,,,,,,,,,,,,,,,,,,,,,,,,,,,,,,,,,,,,,,,,,,,,,,GOLD RX,
swegon-iqlogic-gold-rx-px-cx-sd-ahu-modbus,e5,Swegon,IQlogic — GOLD RX/PX/CX/SD AHU (Modbus),GOLD RX 020,capacityClass,packagedUnit,extracted,Swegon_AHU_QuickGuide.pdf,4,치수·중량 — Swegon_AHU_QuickGuide.pdf p4,크기 020,,,,,,1080 - 6560,m³/h,1080 - 6560,m³/h,5760,m³/h,7200,m³/h,,,,,,,,,,,,,,,,,,,,,,,,,,,,,,,,,,,,,,,,,,,,,,,,,,,GOLD RX,
swegon-iqlogic-gold-rx-px-cx-sd-ahu-modbus,e5,Swegon,IQlogic — GOLD RX/PX/CX/SD AHU (Modbus),GOLD RX 020+,capacityClass,packagedUnit,extracted,Swegon_AHU_QuickGuide.pdf,4,치수·중량 — Swegon_AHU_QuickGuide.pdf p4,크기 020+,,,,,,1080 - 7560,m³/h,1080 - 7560,m³/h,6840,m³/h,7560,m³/h,,,,,,,,,,,,,,,,,,,,,,,,,,,,,,,,,,,,,,,,,,,,,,,,,,,GOLD RX,
swegon-iqlogic-gold-rx-px-cx-sd-ahu-modbus,e5,Swegon,IQlogic — GOLD RX/PX/CX/SD AHU (Modbus),GOLD RX 025,capacityClass,packagedUnit,extracted,Swegon_AHU_QuickGuide.pdf,4,치수·중량 — Swegon_AHU_QuickGuide.pdf p4,크기 025,,,,,,1080 - 8600,m³/h,1080 - 8600,m³/h,7560,m³/h,9000,m³/h,,,,,,,,,,,,,,,,,,,,,,,,,,,,,,,,,,,,,,,,,,,,,,,,,,,GOLD RX,
swegon-iqlogic-gold-rx-px-cx-sd-ahu-modbus,e5,Swegon,IQlogic — GOLD RX/PX/CX/SD AHU (Modbus),GOLD RX 025+,capacityClass,packagedUnit,extracted,Swegon_AHU_QuickGuide.pdf,4,치수·중량 — Swegon_AHU_QuickGuide.pdf p4,크기 025+,,,,,,1080 - 9000,m³/h,1080 - 9000,m³/h,8640,m³/h,9000,m³/h,,,,,,,,,,,,,,,,,,,,,,,,,,,,,,,,,,,,,,,,,,,,,,,,,,,GOLD RX,
swegon-iqlogic-gold-rx-px-cx-sd-ahu-modbus,e5,Swegon,IQlogic — GOLD RX/PX/CX/SD AHU (Modbus),GOLD RX 030,capacityClass,packagedUnit,extracted,Swegon_AHU_QuickGuide.pdf,4,치수·중량 — Swegon_AHU_QuickGuide.pdf p4,크기 030,,,,,,1080 - 9000,m³/h,1080 - 9000,m³/h,7920,m³/h,9720,m³/h,,,,,,,,,,,,,,,,,,,,,,,,,,,,,,,,,,,,,,,,,,,,,,,,,,,GOLD RX,
swegon-iqlogic-gold-rx-px-cx-sd-ahu-modbus,e5,Swegon,IQlogic — GOLD RX/PX/CX/SD AHU (Modbus),GOLD RX 030+,capacityClass,packagedUnit,extracted,Swegon_AHU_QuickGuide.pdf,4,치수·중량 — Swegon_AHU_QuickGuide.pdf p4,크기 030+,,,,,,1080 - 10440,m³/h,1080 - 10440,m³/h,9360,m³/h,11520,m³/h,,,,,,,,,,,,,,,,,,,,,,,,,,,,,,,,,,,,,,,,,,,,,,,,,,,GOLD RX,
swegon-iqlogic-gold-rx-px-cx-sd-ahu-modbus,e5,Swegon,IQlogic — GOLD RX/PX/CX/SD AHU (Modbus),GOLD RX 035,capacityClass,packagedUnit,extracted,Swegon_AHU_QuickGuide.pdf,4,치수·중량 — Swegon_AHU_QuickGuide.pdf p4,크기 035,,,,,,1800 - 12900,m³/h,1800 - 12900,m³/h,10860,m³/h,13069,m³/h,,,,,,,,,,,,,,,,,,,,,,,,,,,,,,,,,,,,,,,,,,,,,,,,,,,GOLD RX,
swegon-iqlogic-gold-rx-px-cx-sd-ahu-modbus,e5,Swegon,IQlogic — GOLD RX/PX/CX/SD AHU (Modbus),GOLD RX 040,capacityClass,packagedUnit,extracted,Swegon_AHU_QuickGuide.pdf,4,치수·중량 — Swegon_AHU_QuickGuide.pdf p4,크기 040,,,,,,2700 - 14000,m³/h,2700 - 14000,m³/h,11952,m³/h,14976,m³/h,,,,,,,,,,,,,,,,,,,,,,,,,,,,,,,,,,,,,,,,,,,,,,,,,,,GOLD RX,
swegon-iqlogic-gold-rx-px-cx-sd-ahu-modbus,e5,Swegon,IQlogic — GOLD RX/PX/CX/SD AHU (Modbus),GOLD RX 050,capacityClass,packagedUnit,extracted,Swegon_AHU_QuickGuide.pdf,4,치수·중량 — Swegon_AHU_QuickGuide.pdf p4,크기 050,,,,,,2700 - 17800,m³/h,2700 - 17800,m³/h,15120,m³/h,18000,m³/h,,,,,,,,,,,,,,,,,,,,,,,,,,,,,,,,,,,,,,,,,,,,,,,,,,,GOLD RX,
swegon-iqlogic-gold-rx-px-cx-sd-ahu-modbus,e5,Swegon,IQlogic — GOLD RX/PX/CX/SD AHU (Modbus),GOLD RX 060,capacityClass,packagedUnit,extracted,Swegon_AHU_QuickGuide.pdf,4,치수·중량 — Swegon_AHU_QuickGuide.pdf p4,크기 060,,,,,,3600 - 18500,m³/h,3600 - 18500,m³/h,15583,m³/h,19667,m³/h,,,,,,,,,,,,,,,,,,,,,,,,,,,,,,,,,,,,,,,,,,,,,,,,,,,GOLD RX,
swegon-iqlogic-gold-rx-px-cx-sd-ahu-modbus,e5,Swegon,IQlogic — GOLD RX/PX/CX/SD AHU (Modbus),GOLD RX 070,capacityClass,packagedUnit,extracted,Swegon_AHU_QuickGuide.pdf,4,치수·중량 — Swegon_AHU_QuickGuide.pdf p4,크기 070,,,,,,3600 - 25200,m³/h,3600 - 25200,m³/h,22680,m³/h,26640,m³/h,,,,,,,,,,,,,,,,,,,,,,,,,,,,,,,,,,,,,,,,,,,,,,,,,,,GOLD RX,
swegon-iqlogic-gold-rx-px-cx-sd-ahu-modbus,e5,Swegon,IQlogic — GOLD RX/PX/CX/SD AHU (Modbus),GOLD RX 070+,capacityClass,packagedUnit,extracted,Swegon_AHU_QuickGuide.pdf,4,치수·중량 — Swegon_AHU_QuickGuide.pdf p4,크기 070+,,,,,,3600 - 28800,m³/h,3600 - 28800,m³/h,25560,m³/h,28800,m³/h,,,,,,,,,,,,,,,,,,,,,,,,,,,,,,,,,,,,,,,,,,,,,,,,,,,GOLD RX,
swegon-iqlogic-gold-rx-px-cx-sd-ahu-modbus,e5,Swegon,IQlogic — GOLD RX/PX/CX/SD AHU (Modbus),GOLD RX 080,capacityClass,packagedUnit,extracted,Swegon_AHU_QuickGuide.pdf,4,치수·중량 — Swegon_AHU_QuickGuide.pdf p4,크기 080,,,,,,5400 - 25200,m³/h,5400 - 25200,m³/h,22680,m³/h,27360,m³/h,,,,,,,,,,,,,,,,,,,,,,,,,,,,,,,,,,,,,,,,,,,,,,,,,,,GOLD RX,
swegon-iqlogic-gold-rx-px-cx-sd-ahu-modbus,e5,Swegon,IQlogic — GOLD RX/PX/CX/SD AHU (Modbus),GOLD RX 080+,capacityClass,packagedUnit,extracted,Swegon_AHU_QuickGuide.pdf,4,치수·중량 — Swegon_AHU_QuickGuide.pdf p4,크기 080+,,,,,,5400 - 31320,m³/h,5400 - 31320,m³/h,27000,m³/h,31320,m³/h,,,,,,,,,,,,,,,,,,,,,,,,,,,,,,,,,,,,,,,,,,,,,,,,,,,GOLD RX,
swegon-iqlogic-gold-rx-px-cx-sd-ahu-modbus,e5,Swegon,IQlogic — GOLD RX/PX/CX/SD AHU (Modbus),GOLD RX 100,capacityClass,packagedUnit,extracted,Swegon_AHU_QuickGuide.pdf,4,치수·중량 — Swegon_AHU_QuickGuide.pdf p4,크기 100,,,,,,5400 - 37950,m³/h,5400 - 37950,m³/h,31320,m³/h,38618,m³/h,,,,,,,,,,,,,,,,,,,,,,,,,,,,,,,,,,,,,,,,,,,,,,,,,,,GOLD RX,
swegon-iqlogic-gold-rx-px-cx-sd-ahu-modbus,e5,Swegon,IQlogic — GOLD RX/PX/CX/SD AHU (Modbus),GOLD RX 120,capacityClass,packagedUnit,extracted,Swegon_AHU_QuickGuide.pdf,4,치수·중량 — Swegon_AHU_QuickGuide.pdf p4,크기 120,,,,,,9000 - 39180,m³/h,9000 - 39180,m³/h,32400,m³/h,40358,m³/h,,,,,,,,,,,,,,,,,,,,,,,,,,,,,,,,,,,,,,,,,,,,,,,,,,,GOLD RX,
swegon-iqlogic-gold-rx-px-cx-sd-ahu-modbus,e5,Swegon,IQlogic — GOLD RX/PX/CX/SD AHU (Modbus),GOLD RX Top 004 Top,capacityClass,packagedUnit,extracted,Swegon_AHU_QuickGuide.pdf,4,치수·중량 — Swegon_AHU_QuickGuide.pdf p4,크기 004 Top,,,,,,290 - 1620,m³/h,290 - 1620,m³/h,1215,m³/h,1618,m³/h,,,,,,,,,,,,,,,,,,,,,,,,,,,,,,,,,,,,,,,,,,,,,,,,,,,GOLD RX Top,
swegon-iqlogic-gold-rx-px-cx-sd-ahu-modbus,e5,Swegon,IQlogic — GOLD RX/PX/CX/SD AHU (Modbus),GOLD RX Top 005 Top,capacityClass,packagedUnit,extracted,Swegon_AHU_QuickGuide.pdf,4,치수·중량 — Swegon_AHU_QuickGuide.pdf p4,크기 005 Top,,,,,,290 - 1840,m³/h,290 - 1840,m³/h,1215,m³/h,1618,m³/h,,,,,,,,,,,,,,,,,,,,,,,,,,,,,,,,,,,,,,,,,,,,,,,,,,,GOLD RX Top,
swegon-iqlogic-gold-rx-px-cx-sd-ahu-modbus,e5,Swegon,IQlogic — GOLD RX/PX/CX/SD AHU (Modbus),GOLD RX Top 007 Top,capacityClass,packagedUnit,extracted,Swegon_AHU_QuickGuide.pdf,4,치수·중량 — Swegon_AHU_QuickGuide.pdf p4,크기 007 Top,,,,,,290 - 2540,m³/h,290 - 2540,m³/h,2028,m³/h,2516,m³/h,,,,,,,,,,,,,,,,,,,,,,,,,,,,,,,,,,,,,,,,,,,,,,,,,,,GOLD RX Top,
swegon-iqlogic-gold-rx-px-cx-sd-ahu-modbus,e5,Swegon,IQlogic — GOLD RX/PX/CX/SD AHU (Modbus),GOLD RX Top 008 Top,capacityClass,packagedUnit,extracted,Swegon_AHU_QuickGuide.pdf,4,치수·중량 — Swegon_AHU_QuickGuide.pdf p4,크기 008 Top,,,,,,720 - 2770,m³/h,720 - 2770,m³/h,2099,m³/h,2610,m³/h,,,,,,,,,,,,,,,,,,,,,,,,,,,,,,,,,,,,,,,,,,,,,,,,,,,GOLD RX Top,
swegon-iqlogic-gold-rx-px-cx-sd-ahu-modbus,e5,Swegon,IQlogic — GOLD RX/PX/CX/SD AHU (Modbus),GOLD RX Top 011 Top,capacityClass,packagedUnit,extracted,Swegon_AHU_QuickGuide.pdf,4,치수·중량 — Swegon_AHU_QuickGuide.pdf p4,크기 011 Top,,,,,,720 - 3950,m³/h,720 - 3950,m³/h,3186,m³/h,3960,m³/h,,,,,,,,,,,,,,,,,,,,,,,,,,,,,,,,,,,,,,,,,,,,,,,,,,,GOLD RX Top,
swegon-iqlogic-gold-rx-px-cx-sd-ahu-modbus,e5,Swegon,IQlogic — GOLD RX/PX/CX/SD AHU (Modbus),GOLD RX Top 012 Top,capacityClass,packagedUnit,extracted,Swegon_AHU_QuickGuide.pdf,4,치수·중량 — Swegon_AHU_QuickGuide.pdf p4,크기 012 Top,,,,,,720 - 4270,m³/h,720 - 4270,m³/h,3288,m³/h,4122,m³/h,,,,,,,,,,,,,,,,,,,,,,,,,,,,,,,,,,,,,,,,,,,,,,,,,,,GOLD RX Top,
swegon-iqlogic-gold-rx-px-cx-sd-ahu-modbus,e5,Swegon,IQlogic — GOLD RX/PX/CX/SD AHU (Modbus),GOLD RX Top 014 Top,capacityClass,packagedUnit,extracted,Swegon_AHU_QuickGuide.pdf,4,치수·중량 — Swegon_AHU_QuickGuide.pdf p4,크기 014 Top,,,,,,720 - 5940,m³/h,720 - 5940,m³/h,5400,m³/h,5940,m³/h,,,,,,,,,,,,,,,,,,,,,,,,,,,,,,,,,,,,,,,,,,,,,,,,,,,GOLD RX Top,
swegon-iqlogic-gold-rx-px-cx-sd-ahu-modbus,e5,Swegon,IQlogic — GOLD RX/PX/CX/SD AHU (Modbus),GOLD RX Top 014+ Top,capacityClass,packagedUnit,extracted,Swegon_AHU_QuickGuide.pdf,4,치수·중량 — Swegon_AHU_QuickGuide.pdf p4,크기 014+ Top,,,,,,720 - 5940,m³/h,720 - 5940,m³/h,5760,m³/h,5940,m³/h,,,,,,,,,,,,,,,,,,,,,,,,,,,,,,,,,,,,,,,,,,,,,,,,,,,GOLD RX Top,
swegon-iqlogic-gold-rx-px-cx-sd-ahu-modbus,e5,Swegon,IQlogic — GOLD RX/PX/CX/SD AHU (Modbus),GOLD RX Top 020 Top,capacityClass,packagedUnit,extracted,Swegon_AHU_QuickGuide.pdf,4,치수·중량 — Swegon_AHU_QuickGuide.pdf p4,크기 020 Top,,,,,,1080 - 6530,m³/h,1080 - 6530,m³/h,5760,m³/h,6840,m³/h,,,,,,,,,,,,,,,,,,,,,,,,,,,,,,,,,,,,,,,,,,,,,,,,,,,GOLD RX Top,
swegon-iqlogic-gold-rx-px-cx-sd-ahu-modbus,e5,Swegon,IQlogic — GOLD RX/PX/CX/SD AHU (Modbus),GOLD RX Top 020+ Top,capacityClass,packagedUnit,extracted,Swegon_AHU_QuickGuide.pdf,4,치수·중량 — Swegon_AHU_QuickGuide.pdf p4,크기 020+ Top,,,,,,1080 - 7200,m³/h,1080 - 7200,m³/h,6480,m³/h,7560,m³/h,,,,,,,,,,,,,,,,,,,,,,,,,,,,,,,,,,,,,,,,,,,,,,,,,,,GOLD RX Top,
swegon-iqlogic-gold-rx-px-cx-sd-ahu-modbus,e5,Swegon,IQlogic — GOLD RX/PX/CX/SD AHU (Modbus),GOLD RX Top 025 Top,capacityClass,packagedUnit,extracted,Swegon_AHU_QuickGuide.pdf,4,치수·중량 — Swegon_AHU_QuickGuide.pdf p4,크기 025 Top,,,,,,1080 - 8210,m³/h,1080 - 8210,m³/h,7560,m³/h,9000,m³/h,,,,,,,,,,,,,,,,,,,,,,,,,,,,,,,,,,,,,,,,,,,,,,,,,,,GOLD RX Top,
swegon-iqlogic-gold-rx-px-cx-sd-ahu-modbus,e5,Swegon,IQlogic — GOLD RX/PX/CX/SD AHU (Modbus),GOLD RX Top 025+ Top,capacityClass,packagedUnit,extracted,Swegon_AHU_QuickGuide.pdf,4,치수·중량 — Swegon_AHU_QuickGuide.pdf p4,크기 025+ Top,,,,,,1080 - 9000,m³/h,1080 - 9000,m³/h,8640,m³/h,9000,m³/h,,,,,,,,,,,,,,,,,,,,,,,,,,,,,,,,,,,,,,,,,,,,,,,,,,,GOLD RX Top,
swegon-iqlogic-gold-rx-px-cx-sd-ahu-modbus,e5,Swegon,IQlogic — GOLD RX/PX/CX/SD AHU (Modbus),GOLD RX Top 030 Top,capacityClass,packagedUnit,extracted,Swegon_AHU_QuickGuide.pdf,4,치수·중량 — Swegon_AHU_QuickGuide.pdf p4,크기 030 Top,,,,,,1800 - 8160,m³/h,1800 - 8160,m³/h,7560,m³/h,9360,m³/h,,,,,,,,,,,,,,,,,,,,,,,,,,,,,,,,,,,,,,,,,,,,,,,,,,,GOLD RX Top,
swegon-iqlogic-gold-rx-px-cx-sd-ahu-modbus,e5,Swegon,IQlogic — GOLD RX/PX/CX/SD AHU (Modbus),GOLD RX Top 030+ Top,capacityClass,packagedUnit,extracted,Swegon_AHU_QuickGuide.pdf,4,치수·중량 — Swegon_AHU_QuickGuide.pdf p4,크기 030+ Top,,,,,,1800 - 10080,m³/h,1800 - 10080,m³/h,9360,m³/h,10800,m³/h,,,,,,,,,,,,,,,,,,,,,,,,,,,,,,,,,,,,,,,,,,,,,,,,,,,GOLD RX Top,
swegon-iqlogic-gold-rx-px-cx-sd-ahu-modbus,e5,Swegon,IQlogic — GOLD RX/PX/CX/SD AHU (Modbus),GOLD PX 004,capacityClass,packagedUnit,extracted,Swegon_AHU_QuickGuide.pdf,5,치수·중량 — Swegon_AHU_QuickGuide.pdf p5,크기 004,,,,,,290 - 2012,m³/h,290 - 2012,m³/h,1468,m³/h,1620,m³/h,,,,,,,,,,,,,,,,,,,,,,,,,,,,,,,,,,,,,,,,,,,,,,,,,,,GOLD PX,
swegon-iqlogic-gold-rx-px-cx-sd-ahu-modbus,e5,Swegon,IQlogic — GOLD RX/PX/CX/SD AHU (Modbus),GOLD PX 005,capacityClass,packagedUnit,extracted,Swegon_AHU_QuickGuide.pdf,5,치수·중량 — Swegon_AHU_QuickGuide.pdf p5,크기 005,,,,,,290 - 1944,m³/h,290 - 1944,m³/h,1620,m³/h,2012,m³/h,,,,,,,,,,,,,,,,,,,,,,,,,,,,,,,,,,,,,,,,,,,,,,,,,,,GOLD PX,
swegon-iqlogic-gold-rx-px-cx-sd-ahu-modbus,e5,Swegon,IQlogic — GOLD RX/PX/CX/SD AHU (Modbus),GOLD PX 007,capacityClass,packagedUnit,extracted,Swegon_AHU_QuickGuide.pdf,5,치수·중량 — Swegon_AHU_QuickGuide.pdf p5,크기 007,,,,,,290 - 2793,m³/h,290 - 2793,m³/h,2356,m³/h,2700,m³/h,,,,,,,,,,,,,,,,,,,,,,,,,,,,,,,,,,,,,,,,,,,,,,,,,,,GOLD PX,
swegon-iqlogic-gold-rx-px-cx-sd-ahu-modbus,e5,Swegon,IQlogic — GOLD RX/PX/CX/SD AHU (Modbus),GOLD PX 008,capacityClass,packagedUnit,extracted,Swegon_AHU_QuickGuide.pdf,5,치수·중량 — Swegon_AHU_QuickGuide.pdf p5,크기 008,,,,,,720 - 2844,m³/h,720 - 2844,m³/h,2482,m³/h,2980,m³/h,,,,,,,,,,,,,,,,,,,,,,,,,,,,,,,,,,,,,,,,,,,,,,,,,,,GOLD PX,
swegon-iqlogic-gold-rx-px-cx-sd-ahu-modbus,e5,Swegon,IQlogic — GOLD RX/PX/CX/SD AHU (Modbus),GOLD PX 011,capacityClass,packagedUnit,extracted,Swegon_AHU_QuickGuide.pdf,5,치수·중량 — Swegon_AHU_QuickGuide.pdf p5,크기 011,,,,,,720 - 3883,m³/h,720 - 3883,m³/h,3367,m³/h,3960,m³/h,,,,,,,,,,,,,,,,,,,,,,,,,,,,,,,,,,,,,,,,,,,,,,,,,,,GOLD PX,
swegon-iqlogic-gold-rx-px-cx-sd-ahu-modbus,e5,Swegon,IQlogic — GOLD RX/PX/CX/SD AHU (Modbus),GOLD PX 012,capacityClass,packagedUnit,extracted,Swegon_AHU_QuickGuide.pdf,5,치수·중량 — Swegon_AHU_QuickGuide.pdf p5,크기 012,,,,,,720 - 3993,m³/h,720 - 3993,m³/h,3561,m³/h,4320,m³/h,,,,,,,,,,,,,,,,,,,,,,,,,,,,,,,,,,,,,,,,,,,,,,,,,,,GOLD PX,
swegon-iqlogic-gold-rx-px-cx-sd-ahu-modbus,e5,Swegon,IQlogic — GOLD RX/PX/CX/SD AHU (Modbus),GOLD PX 014,capacityClass,packagedUnit,extracted,Swegon_AHU_QuickGuide.pdf,5,치수·중량 — Swegon_AHU_QuickGuide.pdf p5,크기 014,,,,,,720 - 6495,m³/h,720 - 6495,m³/h,5976,m³/h,5940,m³/h,,,,,,,,,,,,,,,,,,,,,,,,,,,,,,,,,,,,,,,,,,,,,,,,,,,GOLD PX,
swegon-iqlogic-gold-rx-px-cx-sd-ahu-modbus,e5,Swegon,IQlogic — GOLD RX/PX/CX/SD AHU (Modbus),GOLD PX 020,capacityClass,packagedUnit,extracted,Swegon_AHU_QuickGuide.pdf,5,치수·중량 — Swegon_AHU_QuickGuide.pdf p5,크기 020,,,,,,1080 - 6844,m³/h,1080 - 6844,m³/h,6768,m³/h,7560,m³/h,,,,,,,,,,,,,,,,,,,,,,,,,,,,,,,,,,,,,,,,,,,,,,,,,,,GOLD PX,
swegon-iqlogic-gold-rx-px-cx-sd-ahu-modbus,e5,Swegon,IQlogic — GOLD RX/PX/CX/SD AHU (Modbus),GOLD PX 025,capacityClass,packagedUnit,extracted,Swegon_AHU_QuickGuide.pdf,5,치수·중량 — Swegon_AHU_QuickGuide.pdf p5,크기 025,,,,,,1080 - 9000,m³/h,1080 - 9000,m³/h,8280,m³/h,9000,m³/h,,,,,,,,,,,,,,,,,,,,,,,,,,,,,,,,,,,,,,,,,,,,,,,,,,,GOLD PX,
swegon-iqlogic-gold-rx-px-cx-sd-ahu-modbus,e5,Swegon,IQlogic — GOLD RX/PX/CX/SD AHU (Modbus),GOLD PX 030,capacityClass,packagedUnit,extracted,Swegon_AHU_QuickGuide.pdf,5,치수·중량 — Swegon_AHU_QuickGuide.pdf p5,크기 030,,,,,,1800 - 9537,m³/h,1800 - 9537,m³/h,9000,m³/h,10855,m³/h,,,,,,,,,,,,,,,,,,,,,,,,,,,,,,,,,,,,,,,,,,,,,,,,,,,GOLD PX,
swegon-iqlogic-gold-rx-px-cx-sd-ahu-modbus,e5,Swegon,IQlogic — GOLD RX/PX/CX/SD AHU (Modbus),GOLD PX 035,capacityClass,packagedUnit,extracted,Swegon_AHU_QuickGuide.pdf,5,치수·중량 — Swegon_AHU_QuickGuide.pdf p5,크기 035,,,,,,1800 - 12803,m³/h,1800 - 12803,m³/h,11786,m³/h,14040,m³/h,,,,,,,,,,,,,,,,,,,,,,,,,,,,,,,,,,,,,,,,,,,,,,,,,,,GOLD PX,
swegon-iqlogic-gold-rx-px-cx-sd-ahu-modbus,e5,Swegon,IQlogic — GOLD RX/PX/CX/SD AHU (Modbus),GOLD PX 040,capacityClass,packagedUnit,extracted,Swegon_AHU_QuickGuide.pdf,5,치수·중량 — Swegon_AHU_QuickGuide.pdf p5,크기 040,,,,,,2700-14476,m³/h,2700-14476,m³/h,13176,m³/h,15948,m³/h,,,,,,,,,,,,,,,,,,,,,,,,,,,,,,,,,,,,,,,,,,,,,,,,,,,GOLD PX,
swegon-iqlogic-gold-rx-px-cx-sd-ahu-modbus,e5,Swegon,IQlogic — GOLD RX/PX/CX/SD AHU (Modbus),GOLD PX 040+,capacityClass,packagedUnit,extracted,Swegon_AHU_QuickGuide.pdf,5,치수·중량 — Swegon_AHU_QuickGuide.pdf p5,크기 040+,,,,,,2700-16560,m³/h,2700-16560,m³/h,15012,m³/h,17928,m³/h,,,,,,,,,,,,,,,,,,,,,,,,,,,,,,,,,,,,,,,,,,,,,,,,,,,GOLD PX,
swegon-iqlogic-gold-rx-px-cx-sd-ahu-modbus,e5,Swegon,IQlogic — GOLD RX/PX/CX/SD AHU (Modbus),GOLD PX 050+,capacityClass,packagedUnit,extracted,Swegon_AHU_QuickGuide.pdf,5,치수·중량 — Swegon_AHU_QuickGuide.pdf p5,크기 050+,,,,,,2700-17262,m³/h,2700-17262,m³/h,16020,m³/h,19188,m³/h,,,,,,,,,,,,,,,,,,,,,,,,,,,,,,,,,,,,,,,,,,,,,,,,,,,GOLD PX,
swegon-iqlogic-gold-rx-px-cx-sd-ahu-modbus,e5,Swegon,IQlogic — GOLD RX/PX/CX/SD AHU (Modbus),GOLD PX 060+,capacityClass,packagedUnit,extracted,Swegon_AHU_QuickGuide.pdf,5,치수·중량 — Swegon_AHU_QuickGuide.pdf p5,크기 060+,,,,,,3600-18112,m³/h,3600-18112,m³/h,17280,m³/h,20952,m³/h,,,,,,,,,,,,,,,,,,,,,,,,,,,,,,,,,,,,,,,,,,,,,,,,,,,GOLD PX,
swegon-iqlogic-gold-rx-px-cx-sd-ahu-modbus,e5,Swegon,IQlogic — GOLD RX/PX/CX/SD AHU (Modbus),GOLD PX 070,capacityClass,packagedUnit,extracted,Swegon_AHU_QuickGuide.pdf,5,치수·중량 — Swegon_AHU_QuickGuide.pdf p5,크기 070,,,,,,3600-24840,m³/h,3600-24840,m³/h,24120,m³/h,27900,m³/h,,,,,,,,,,,,,,,,,,,,,,,,,,,,,,,,,,,,,,,,,,,,,,,,,,,GOLD PX,
swegon-iqlogic-gold-rx-px-cx-sd-ahu-modbus,e5,Swegon,IQlogic — GOLD RX/PX/CX/SD AHU (Modbus),GOLD PX 080,capacityClass,packagedUnit,extracted,Swegon_AHU_QuickGuide.pdf,5,치수·중량 — Swegon_AHU_QuickGuide.pdf p5,크기 080,,,,,,5040-24740,m³/h,5040-24740,m³/h,24120,m³/h,29050,m³/h,,,,,,,,,,,,,,,,,,,,,,,,,,,,,,,,,,,,,,,,,,,,,,,,,,,GOLD PX,
swegon-iqlogic-gold-rx-px-cx-sd-ahu-modbus,e5,Swegon,IQlogic — GOLD RX/PX/CX/SD AHU (Modbus),GOLD PX Top 004 Top,capacityClass,packagedUnit,extracted,Swegon_AHU_QuickGuide.pdf,5,치수·중량 — Swegon_AHU_QuickGuide.pdf p5,크기 004 Top,,,,,,290 - 2032,m³/h,290 - 2032,m³/h,1401,m³/h,1620,m³/h,,,,,,,,,,,,,,,,,,,,,,,,,,,,,,,,,,,,,,,,,,,,,,,,,,,GOLD PX Top,
swegon-iqlogic-gold-rx-px-cx-sd-ahu-modbus,e5,Swegon,IQlogic — GOLD RX/PX/CX/SD AHU (Modbus),GOLD PX Top 005 Top,capacityClass,packagedUnit,extracted,Swegon_AHU_QuickGuide.pdf,5,치수·중량 — Swegon_AHU_QuickGuide.pdf p5,크기 005 Top,,,,,,290 - 2032,m³/h,290 - 2032,m³/h,1401,m³/h,1736,m³/h,,,,,,,,,,,,,,,,,,,,,,,,,,,,,,,,,,,,,,,,,,,,,,,,,,,GOLD PX Top,
swegon-iqlogic-gold-rx-px-cx-sd-ahu-modbus,e5,Swegon,IQlogic — GOLD RX/PX/CX/SD AHU (Modbus),GOLD PX Top 007 Top,capacityClass,packagedUnit,extracted,Swegon_AHU_QuickGuide.pdf,5,치수·중량 — Swegon_AHU_QuickGuide.pdf p5,크기 007 Top,,,,,,290 - 2534,m³/h,290 - 2534,m³/h,2118,m³/h,2556,m³/h,,,,,,,,,,,,,,,,,,,,,,,,,,,,,,,,,,,,,,,,,,,,,,,,,,,GOLD PX Top,
swegon-iqlogic-gold-rx-px-cx-sd-ahu-modbus,e5,Swegon,IQlogic — GOLD RX/PX/CX/SD AHU (Modbus),GOLD PX Top 008 Top,capacityClass,packagedUnit,extracted,Swegon_AHU_QuickGuide.pdf,5,치수·중량 — Swegon_AHU_QuickGuide.pdf p5,크기 008 Top,,,,,,720 - 2533,m³/h,720 - 2533,m³/h,2152,m³/h,2603,m³/h,,,,,,,,,,,,,,,,,,,,,,,,,,,,,,,,,,,,,,,,,,,,,,,,,,,GOLD PX Top,
swegon-iqlogic-gold-rx-px-cx-sd-ahu-modbus,e5,Swegon,IQlogic — GOLD RX/PX/CX/SD AHU (Modbus),GOLD PX Top 011 Top,capacityClass,packagedUnit,extracted,Swegon_AHU_QuickGuide.pdf,5,치수·중량 — Swegon_AHU_QuickGuide.pdf p5,크기 011 Top,,,,,,720 - 3793,m³/h,720 - 3793,m³/h,3300,m³/h,3960,m³/h,,,,,,,,,,,,,,,,,,,,,,,,,,,,,,,,,,,,,,,,,,,,,,,,,,,GOLD PX Top,
swegon-iqlogic-gold-rx-px-cx-sd-ahu-modbus,e5,Swegon,IQlogic — GOLD RX/PX/CX/SD AHU (Modbus),GOLD PX Top 012 Top,capacityClass,packagedUnit,extracted,Swegon_AHU_QuickGuide.pdf,5,치수·중량 — Swegon_AHU_QuickGuide.pdf p5,크기 012 Top,,,,,,720 - 3831,m³/h,720 - 3831,m³/h,3375,m³/h,4140,m³/h,,,,,,,,,,,,,,,,,,,,,,,,,,,,,,,,,,,,,,,,,,,,,,,,,,,GOLD PX Top,
swegon-iqlogic-gold-rx-px-cx-sd-ahu-modbus,e5,Swegon,IQlogic — GOLD RX/PX/CX/SD AHU (Modbus),GOLD PX Top 014 Top,capacityClass,packagedUnit,extracted,Swegon_AHU_QuickGuide.pdf,5,치수·중량 — Swegon_AHU_QuickGuide.pdf p5,크기 014 Top,,,,,,720 - 6534,m³/h,720 - 6534,m³/h,5796,m³/h,5940,m³/h,,,,,,,,,,,,,,,,,,,,,,,,,,,,,,,,,,,,,,,,,,,,,,,,,,,GOLD PX Top,
swegon-iqlogic-gold-rx-px-cx-sd-ahu-modbus,e5,Swegon,IQlogic — GOLD RX/PX/CX/SD AHU (Modbus),GOLD PX Top 020 Top,capacityClass,packagedUnit,extracted,Swegon_AHU_QuickGuide.pdf,5,치수·중량 — Swegon_AHU_QuickGuide.pdf p5,크기 020 Top,,,,,,1080 - 6713,m³/h,1080 - 6713,m³/h,6438,m³/h,7560,m³/h,,,,,,,,,,,,,,,,,,,,,,,,,,,,,,,,,,,,,,,,,,,,,,,,,,,GOLD PX Top,
swegon-iqlogic-gold-rx-px-cx-sd-ahu-modbus,e5,Swegon,IQlogic — GOLD RX/PX/CX/SD AHU (Modbus),GOLD PX Top 025 Top,capacityClass,packagedUnit,extracted,Swegon_AHU_QuickGuide.pdf,5,치수·중량 — Swegon_AHU_QuickGuide.pdf p5,크기 025 Top,,,,,,1080 - 8331,m³/h,1080 - 8331,m³/h,7760,m³/h,9000,m³/h,,,,,,,,,,,,,,,,,,,,,,,,,,,,,,,,,,,,,,,,,,,,,,,,,,,GOLD PX Top,
swegon-iqlogic-gold-rx-px-cx-sd-ahu-modbus,e5,Swegon,IQlogic — GOLD RX/PX/CX/SD AHU (Modbus),GOLD PX Top 030 Top,capacityClass,packagedUnit,extracted,Swegon_AHU_QuickGuide.pdf,5,치수·중량 — Swegon_AHU_QuickGuide.pdf p5,크기 030 Top,,,,,,1800 - 8315,m³/h,1800 - 8315,m³/h,9480,m³/h,9736,m³/h,,,,,,,,,,,,,,,,,,,,,,,,,,,,,,,,,,,,,,,,,,,,,,,,,,,GOLD PX Top,
swegon-iqlogic-gold-rx-px-cx-sd-ahu-modbus,e5,Swegon,IQlogic — GOLD RX/PX/CX/SD AHU (Modbus),GOLD CX Sections 035,capacityClass,packagedUnit,extracted,Swegon_AHU_QuickGuide.pdf,5,치수·중량 — Swegon_AHU_QuickGuide.pdf p5,크기 035,,,,,,1800 - 14040,m³/h,1800 - 14040,m³/h,11580,m³/h,13464,m³/h,,,,,,,,,,,,,,,,,,,,,,,,,,,,,,,,,,,,,,,,,,,,,,,,,,,GOLD CX Sections,
swegon-iqlogic-gold-rx-px-cx-sd-ahu-modbus,e5,Swegon,IQlogic — GOLD RX/PX/CX/SD AHU (Modbus),GOLD CX Sections 040,capacityClass,packagedUnit,extracted,Swegon_AHU_QuickGuide.pdf,5,치수·중량 — Swegon_AHU_QuickGuide.pdf p5,크기 040,,,,,,2700 - 15837,m³/h,2700 - 15837,m³/h,13234,m³/h,15751,m³/h,,,,,,,,,,,,,,,,,,,,,,,,,,,,,,,,,,,,,,,,,,,,,,,,,,,GOLD CX Sections,
swegon-iqlogic-gold-rx-px-cx-sd-ahu-modbus,e5,Swegon,IQlogic — GOLD RX/PX/CX/SD AHU (Modbus),GOLD CX Sections 050,capacityClass,packagedUnit,extracted,Swegon_AHU_QuickGuide.pdf,5,치수·중량 — Swegon_AHU_QuickGuide.pdf p5,크기 050,,,,,,2700 - 19328,m³/h,2700 - 19328,m³/h,16009,m³/h,18000,m³/h,,,,,,,,,,,,,,,,,,,,,,,,,,,,,,,,,,,,,,,,,,,,,,,,,,,GOLD CX Sections,
swegon-iqlogic-gold-rx-px-cx-sd-ahu-modbus,e5,Swegon,IQlogic — GOLD RX/PX/CX/SD AHU (Modbus),GOLD CX Sections 060,capacityClass,packagedUnit,extracted,Swegon_AHU_QuickGuide.pdf,5,치수·중량 — Swegon_AHU_QuickGuide.pdf p5,크기 060,,,,,,3600 - 20168,m³/h,3600 - 20168,m³/h,17169,m³/h,20993,m³/h,,,,,,,,,,,,,,,,,,,,,,,,,,,,,,,,,,,,,,,,,,,,,,,,,,,GOLD CX Sections,
swegon-iqlogic-gold-rx-px-cx-sd-ahu-modbus,e5,Swegon,IQlogic — GOLD RX/PX/CX/SD AHU (Modbus),GOLD CX Sections 070,capacityClass,packagedUnit,extracted,Swegon_AHU_QuickGuide.pdf,5,치수·중량 — Swegon_AHU_QuickGuide.pdf p5,크기 070,,,,,,3600 - 24394,m³/h,3600 - 24394,m³/h,20957,m³/h,24800,m³/h,,,,,,,,,,,,,,,,,,,,,,,,,,,,,,,,,,,,,,,,,,,,,,,,,,,GOLD CX Sections,
swegon-iqlogic-gold-rx-px-cx-sd-ahu-modbus,e5,Swegon,IQlogic — GOLD RX/PX/CX/SD AHU (Modbus),GOLD CX Sections 080,capacityClass,packagedUnit,extracted,Swegon_AHU_QuickGuide.pdf,5,치수·중량 — Swegon_AHU_QuickGuide.pdf p5,크기 080,,,,,,5400 - 24830,m³/h,5400 - 24830,m³/h,21185,m³/h,25586,m³/h,,,,,,,,,,,,,,,,,,,,,,,,,,,,,,,,,,,,,,,,,,,,,,,,,,,GOLD CX Sections,
swegon-iqlogic-gold-rx-px-cx-sd-ahu-modbus,e5,Swegon,IQlogic — GOLD RX/PX/CX/SD AHU (Modbus),GOLD CX Sections 100,capacityClass,packagedUnit,extracted,Swegon_AHU_QuickGuide.pdf,5,치수·중량 — Swegon_AHU_QuickGuide.pdf p5,크기 100,,,,,,5400 - 38058,m³/h,5400 - 38058,m³/h,31860,m³/h,37800,m³/h,,,,,,,,,,,,,,,,,,,,,,,,,,,,,,,,,,,,,,,,,,,,,,,,,,,GOLD CX Sections,
swegon-iqlogic-gold-rx-px-cx-sd-ahu-modbus,e5,Swegon,IQlogic — GOLD RX/PX/CX/SD AHU (Modbus),GOLD CX Sections 120,capacityClass,packagedUnit,extracted,Swegon_AHU_QuickGuide.pdf,5,치수·중량 — Swegon_AHU_QuickGuide.pdf p5,크기 120,,,,,,9000 - 39188,m³/h,9000 - 39188,m³/h,32760,m³/h,39960,m³/h,,,,,,,,,,,,,,,,,,,,,,,,,,,,,,,,,,,,,,,,,,,,,,,,,,,GOLD CX Sections,
swegon-iqlogic-gold-rx-px-cx-sd-ahu-modbus,e5,Swegon,IQlogic — GOLD RX/PX/CX/SD AHU (Modbus),GOLD CX Longest section 011,capacityClass,packagedUnit,extracted,Swegon_AHU_QuickGuide.pdf,6,치수·중량 — Swegon_AHU_QuickGuide.pdf p6,크기 011,,,,,,1620 - 3960,m³/h,1620 - 3960,m³/h,3060,m³/h,3803,m³/h,,,,,,,,,,,,,,,,,,,,,,,,,,,,,,,,,,,,,,,,,,,,,,,,,,,GOLD CX Longest section,
swegon-iqlogic-gold-rx-px-cx-sd-ahu-modbus,e5,Swegon,IQlogic — GOLD RX/PX/CX/SD AHU (Modbus),GOLD CX Longest section 012,capacityClass,packagedUnit,extracted,Swegon_AHU_QuickGuide.pdf,6,치수·중량 — Swegon_AHU_QuickGuide.pdf p6,크기 012,,,,,,1800 - 4390,m³/h,1800 - 4390,m³/h,3168,m³/h,3997,m³/h,,,,,,,,,,,,,,,,,,,,,,,,,,,,,,,,,,,,,,,,,,,,,,,,,,,GOLD CX Longest section,
swegon-iqlogic-gold-rx-px-cx-sd-ahu-modbus,e5,Swegon,IQlogic — GOLD RX/PX/CX/SD AHU (Modbus),GOLD CX Longest section 014,capacityClass,packagedUnit,extracted,Swegon_AHU_QuickGuide.pdf,6,치수·중량 — Swegon_AHU_QuickGuide.pdf p6,크기 014,,,,,,2700 - 5940,m³/h,2700 - 5940,m³/h,4791,m³/h,5997,m³/h,,,,,,,,,,,,,,,,,,,,,,,,,,,,,,,,,,,,,,,,,,,,,,,,,,,GOLD CX Longest section,
swegon-iqlogic-gold-rx-px-cx-sd-ahu-modbus,e5,Swegon,IQlogic — GOLD RX/PX/CX/SD AHU (Modbus),GOLD CX Longest section 020,capacityClass,packagedUnit,extracted,Swegon_AHU_QuickGuide.pdf,6,치수·중량 — Swegon_AHU_QuickGuide.pdf p6,크기 020,,,,,,2700 - 9500,m³/h,2700 - 9500,m³/h,4896,m³/h,6270,m³/h,,,,,,,,,,,,,,,,,,,,,,,,,,,,,,,,,,,,,,,,,,,,,,,,,,,GOLD CX Longest section,
swegon-iqlogic-gold-rx-px-cx-sd-ahu-modbus,e5,Swegon,IQlogic — GOLD RX/PX/CX/SD AHU (Modbus),GOLD CX Longest section 025,capacityClass,packagedUnit,extracted,Swegon_AHU_QuickGuide.pdf,6,치수·중량 — Swegon_AHU_QuickGuide.pdf p6,크기 025,,,,,,3420 - 8600,m³/h,3420 - 8600,m³/h,6696,m³/h,7869,m³/h,,,,,,,,,,,,,,,,,,,,,,,,,,,,,,,,,,,,,,,,,,,,,,,,,,,GOLD CX Longest section,
swegon-iqlogic-gold-rx-px-cx-sd-ahu-modbus,e5,Swegon,IQlogic — GOLD RX/PX/CX/SD AHU (Modbus),GOLD CX Longest section 030,capacityClass,packagedUnit,extracted,Swegon_AHU_QuickGuide.pdf,6,치수·중량 — Swegon_AHU_QuickGuide.pdf p6,크기 030,,,,,,3420 - 8890,m³/h,3420 - 8890,m³/h,6615,m³/h,8407,m³/h,,,,,,,,,,,,,,,,,,,,,,,,,,,,,,,,,,,,,,,,,,,,,,,,,,,GOLD CX Longest section,
swegon-iqlogic-gold-rx-px-cx-sd-ahu-modbus,e5,Swegon,IQlogic — GOLD RX/PX/CX/SD AHU (Modbus),GOLD CX Longest section 035,capacityClass,packagedUnit,extracted,Swegon_AHU_QuickGuide.pdf,6,치수·중량 — Swegon_AHU_QuickGuide.pdf p6,크기 035,,,,,,5400 - 12900,m³/h,5400 - 12900,m³/h,10260,m³/h,12500,m³/h,,,,,,,,,,,,,,,,,,,,,,,,,,,,,,,,,,,,,,,,,,,,,,,,,,,GOLD CX Longest section,
swegon-iqlogic-gold-rx-px-cx-sd-ahu-modbus,e5,Swegon,IQlogic — GOLD RX/PX/CX/SD AHU (Modbus),GOLD CX Longest section 040,capacityClass,packagedUnit,extracted,Swegon_AHU_QuickGuide.pdf,6,치수·중량 — Swegon_AHU_QuickGuide.pdf p6,크기 040,,,,,,3960 - 14000,m³/h,3960 - 14000,m³/h,11040,m³/h,13560,m³/h,,,,,,,,,,,,,,,,,,,,,,,,,,,,,,,,,,,,,,,,,,,,,,,,,,,GOLD CX Longest section,
swegon-iqlogic-gold-rx-px-cx-sd-ahu-modbus,e5,Swegon,IQlogic — GOLD RX/PX/CX/SD AHU (Modbus),GOLD CX Longest section 050,capacityClass,packagedUnit,extracted,Swegon_AHU_QuickGuide.pdf,6,치수·중량 — Swegon_AHU_QuickGuide.pdf p6,크기 050,,,,,,5040 - 17800,m³/h,5040 - 17800,m³/h,14112,m³/h,17084,m³/h,,,,,,,,,,,,,,,,,,,,,,,,,,,,,,,,,,,,,,,,,,,,,,,,,,,GOLD CX Longest section,
swegon-iqlogic-gold-rx-px-cx-sd-ahu-modbus,e5,Swegon,IQlogic — GOLD RX/PX/CX/SD AHU (Modbus),GOLD CX Longest section 060,capacityClass,packagedUnit,extracted,Swegon_AHU_QuickGuide.pdf,6,치수·중량 — Swegon_AHU_QuickGuide.pdf p6,크기 060,,,,,,5400 - 18500,m³/h,5400 - 18500,m³/h,14040,m³/h,17600,m³/h,,,,,,,,,,,,,,,,,,,,,,,,,,,,,,,,,,,,,,,,,,,,,,,,,,,GOLD CX Longest section,
swegon-iqlogic-gold-rx-px-cx-sd-ahu-modbus,e5,Swegon,IQlogic — GOLD RX/PX/CX/SD AHU (Modbus),GOLD CX Longest section 070,capacityClass,packagedUnit,extracted,Swegon_AHU_QuickGuide.pdf,6,치수·중량 — Swegon_AHU_QuickGuide.pdf p6,크기 070,,,,,,7200 - 24400,m³/h,7200 - 24400,m³/h,18000,m³/h,22320,m³/h,,,,,,,,,,,,,,,,,,,,,,,,,,,,,,,,,,,,,,,,,,,,,,,,,,,GOLD CX Longest section,
swegon-iqlogic-gold-rx-px-cx-sd-ahu-modbus,e5,Swegon,IQlogic — GOLD RX/PX/CX/SD AHU (Modbus),GOLD CX Longest section 080,capacityClass,packagedUnit,extracted,Swegon_AHU_QuickGuide.pdf,6,치수·중량 — Swegon_AHU_QuickGuide.pdf p6,크기 080,,,,,,7560 - 24800,m³/h,7560 - 24800,m³/h,17520,m³/h,22320,m³/h,,,,,,,,,,,,,,,,,,,,,,,,,,,,,,,,,,,,,,,,,,,,,,,,,,,GOLD CX Longest section,
swegon-iqlogic-gold-rx-px-cx-sd-ahu-modbus,e5,Swegon,IQlogic — GOLD RX/PX/CX/SD AHU (Modbus),GOLD CX Top 011 Top,capacityClass,packagedUnit,extracted,Swegon_AHU_QuickGuide.pdf,6,치수·중량 — Swegon_AHU_QuickGuide.pdf p6,크기 011 Top,,,,,,1620 - 3950,m³/h,1620 - 3950,m³/h,3000,m³/h,3706,m³/h,,,,,,,,,,,,,,,,,,,,,,,,,,,,,,,,,,,,,,,,,,,,,,,,,,,GOLD CX Top,
swegon-iqlogic-gold-rx-px-cx-sd-ahu-modbus,e5,Swegon,IQlogic — GOLD RX/PX/CX/SD AHU (Modbus),GOLD CX Top 012 Top,capacityClass,packagedUnit,extracted,Swegon_AHU_QuickGuide.pdf,6,치수·중량 — Swegon_AHU_QuickGuide.pdf p6,크기 012 Top,,,,,,1800 - 4270,m³/h,1800 - 4270,m³/h,3007,m³/h,3816,m³/h,,,,,,,,,,,,,,,,,,,,,,,,,,,,,,,,,,,,,,,,,,,,,,,,,,,GOLD CX Top,
swegon-iqlogic-gold-rx-px-cx-sd-ahu-modbus,e5,Swegon,IQlogic — GOLD RX/PX/CX/SD AHU (Modbus),GOLD CX Top 014 Top,capacityClass,packagedUnit,extracted,Swegon_AHU_QuickGuide.pdf,6,치수·중량 — Swegon_AHU_QuickGuide.pdf p6,크기 014 Top,,,,,,2700 - 5940,m³/h,2700 - 5940,m³/h,4680,m³/h,5887,m³/h,,,,,,,,,,,,,,,,,,,,,,,,,,,,,,,,,,,,,,,,,,,,,,,,,,,GOLD CX Top,
swegon-iqlogic-gold-rx-px-cx-sd-ahu-modbus,e5,Swegon,IQlogic — GOLD RX/PX/CX/SD AHU (Modbus),GOLD CX Top 020 Top,capacityClass,packagedUnit,extracted,Swegon_AHU_QuickGuide.pdf,6,치수·중량 — Swegon_AHU_QuickGuide.pdf p6,크기 020 Top,,,,,,2700 - 6530,m³/h,2700 - 6530,m³/h,4909,m³/h,6180,m³/h,,,,,,,,,,,,,,,,,,,,,,,,,,,,,,,,,,,,,,,,,,,,,,,,,,,GOLD CX Top,
swegon-iqlogic-gold-rx-px-cx-sd-ahu-modbus,e5,Swegon,IQlogic — GOLD RX/PX/CX/SD AHU (Modbus),GOLD CX Top 025 Top,capacityClass,packagedUnit,extracted,Swegon_AHU_QuickGuide.pdf,6,치수·중량 — Swegon_AHU_QuickGuide.pdf p6,크기 025 Top,,,,,,3420 - 8210,m³/h,3420 - 8210,m³/h,6223,m³/h,7650,m³/h,,,,,,,,,,,,,,,,,,,,,,,,,,,,,,,,,,,,,,,,,,,,,,,,,,,GOLD CX Top,
swegon-iqlogic-gold-rx-px-cx-sd-ahu-modbus,e5,Swegon,IQlogic — GOLD RX/PX/CX/SD AHU (Modbus),GOLD CX Top 030 Top,capacityClass,packagedUnit,extracted,Swegon_AHU_QuickGuide.pdf,6,치수·중량 — Swegon_AHU_QuickGuide.pdf p6,크기 030 Top,,,,,,3420 - 8160,m³/h,3420 - 8160,m³/h,5968,m³/h,7560,m³/h,,,,,,,,,,,,,,,,,,,,,,,,,,,,,,,,,,,,,,,,,,,,,,,,,,,GOLD CX Top,
systemair-access-geniox-geniox-go-ahu-modbus,e5,Systemair,Access — Geniox·Geniox GO AHU (Modbus),Geniox 10,capacityClass,packagedUnit,extracted,Systemair_Geniox_QuickGuide.pdf#quickselection,12,"General data — Geniox sizes (quick guide, rotary heat exchanger)",크기 10,,,,,,,,,,,,,,,,,,,,,,,,,,,,,,,,,,,,,,,,1082,mm,1082,mm,2282,mm,,,,,,,,,,,,,,,,,,,,
systemair-access-geniox-geniox-go-ahu-modbus,e5,Systemair,Access — Geniox·Geniox GO AHU (Modbus),Geniox 11,capacityClass,packagedUnit,extracted,Systemair_Geniox_QuickGuide.pdf#quickselection,12,"General data — Geniox sizes (quick guide, rotary heat exchanger)",크기 11,,,,,,,,,,,,,,,,,,,,,,,,,,,,,,,,,,,,,,,,1182,mm,1182,mm,2282,mm,,,,,,,,,,,,,,,,,,,,
systemair-access-geniox-geniox-go-ahu-modbus,e5,Systemair,Access — Geniox·Geniox GO AHU (Modbus),Geniox 12,capacityClass,packagedUnit,extracted,Systemair_Geniox_QuickGuide.pdf#quickselection,12,"General data — Geniox sizes (quick guide, rotary heat exchanger)",크기 12,,,,,,,,,,,,,,,,,,,,,,,,,,,,,,,,,,,,,,,,1282,mm,1282,mm,2282,mm,,,,,,,,,,,,,,,,,,,,
systemair-access-geniox-geniox-go-ahu-modbus,e5,Systemair,Access — Geniox·Geniox GO AHU (Modbus),Geniox 14,capacityClass,packagedUnit,extracted,Systemair_Geniox_QuickGuide.pdf#quickselection,12,"General data — Geniox sizes (quick guide, rotary heat exchanger)",크기 14,,,,,,,,,,,,,,,,,,,,,,,,,,,,,,,,,,,,,,,,1482,mm,1482,mm,2282,mm,,,,,,,,,,,,,,,,,,,,
systemair-access-geniox-geniox-go-ahu-modbus,e5,Systemair,Access — Geniox·Geniox GO AHU (Modbus),Geniox 16,capacityClass,packagedUnit,extracted,Systemair_Geniox_QuickGuide.pdf#quickselection,12,"General data — Geniox sizes (quick guide, rotary heat exchanger)",크기 16,,,,,,,,,,,,,,,,,,,,,,,,,,,,,,,,,,,,,,,,1682,mm,1682,mm,2282,mm,,,,,,,,,,,,,,,,,,,,
systemair-access-geniox-geniox-go-ahu-modbus,e5,Systemair,Access — Geniox·Geniox GO AHU (Modbus),Geniox 18,capacityClass,packagedUnit,extracted,Systemair_Geniox_QuickGuide.pdf#quickselection,12,"General data — Geniox sizes (quick guide, rotary heat exchanger)",크기 18,,,,,,,,,,,,,,,,,,,,,,,,,,,,,,,,,,,,,,,,1882,mm,1882,mm,2282,mm,,,,,,,,,,,,,,,,,,,,
systemair-access-geniox-geniox-go-ahu-modbus,e5,Systemair,Access — Geniox·Geniox GO AHU (Modbus),Geniox 20,capacityClass,packagedUnit,extracted,Systemair_Geniox_QuickGuide.pdf#quickselection,12,"General data — Geniox sizes (quick guide, rotary heat exchanger)",크기 20,,,,,,,,,,,,,,,,,,,,,,,,,,,,,,,,,,,,,,,,2082,mm,2082,mm,2382,mm,,,,,,,,,,,,,,,,,,,,
systemair-access-geniox-geniox-go-ahu-modbus,e5,Systemair,Access — Geniox·Geniox GO AHU (Modbus),Geniox 22,capacityClass,packagedUnit,extracted,Systemair_Geniox_QuickGuide.pdf#quickselection,12,"General data — Geniox sizes (quick guide, rotary heat exchanger)",크기 22,,,,,,,,,,,,,,,,,,,,,,,,,,,,,,,,,,,,,,,,2282,mm,2282,mm,2382,mm,,,,,,,,,,,,,,,,,,,,
systemair-access-geniox-geniox-go-ahu-modbus,e5,Systemair,Access — Geniox·Geniox GO AHU (Modbus),Geniox 24,capacityClass,packagedUnit,extracted,Systemair_Geniox_QuickGuide.pdf#quickselection,12,"General data — Geniox sizes (quick guide, rotary heat exchanger)",크기 24,,,,,,,,,,,,,,,,,,,,,,,,,,,,,,,,,,,,,,,,2482,mm,2482,mm,2582,mm,,,,,,,,,,,,,,,,,,,,
systemair-access-geniox-geniox-go-ahu-modbus,e5,Systemair,Access — Geniox·Geniox GO AHU (Modbus),Geniox 27,capacityClass,packagedUnit,extracted,Systemair_Geniox_QuickGuide.pdf#quickselection,12,"General data — Geniox sizes (quick guide, rotary heat exchanger)",크기 27,,,,,,,,,,,,,,,,,,,,,,,,,,,,,,,,,,,,,,,,2782,mm,2764,mm,2882,mm,,,,,,,,,,,,,,,,,,,,
systemair-access-geniox-geniox-go-ahu-modbus,e5,Systemair,Access — Geniox·Geniox GO AHU (Modbus),Geniox 29,capacityClass,packagedUnit,extracted,Systemair_Geniox_QuickGuide.pdf#quickselection,12,"General data — Geniox sizes (quick guide, rotary heat exchanger)",크기 29,,,,,,,,,,,,,,,,,,,,,,,,,,,,,,,,,,,,,,,,2982,mm,2964,mm,2982,mm,,,,,,,,,,,,,,,,,,,,
systemair-access-geniox-geniox-go-ahu-modbus,e5,Systemair,Access — Geniox·Geniox GO AHU (Modbus),Geniox 31,capacityClass,packagedUnit,extracted,Systemair_Geniox_QuickGuide.pdf#quickselection,12,"General data — Geniox sizes (quick guide, rotary heat exchanger)",크기 31,,,,,,,,,,,,,,,,,,,,,,,,,,,,,,,,,,,,,,,,3182,mm,3164,mm,2982,mm,,,,,,,,,,,,,,,,,,,,
trane-symbio-700-odyssey-lontalk-scc,e5,Trane,Symbio™ 700 — Odyssey™ (LonTalk) · SCC 프로파일 (실내 쾌적 제어),Single Compressor TTA0724*A*,modelNumber,condensingUnit,extracted,SS-PRC028AA-EN_06262022.pdf,23,Table 6. General data — 6-7.5 tons (TTA0724*A*-TTA0904*D*) condensing units — 60 Hz,6 Tons,,,,TWE0904*A*,,"2,400",,,,,,,,"78,000",,"76,000",,11.5,,,,,,,,"1,100",RPM,18.5,sq ft,1/23,,,,,,,,,,,,,,,,,,,,,,,,,,,,10.0,lbs,,,,,,
trane-symbio-700-odyssey-lontalk-scc,e5,Trane,Symbio™ 700 — Odyssey™ (LonTalk) · SCC 프로파일 (실내 쾌적 제어),Dual Compressor TTA0724*D*,modelNumber,condensingUnit,extracted,SS-PRC028AA-EN_06262022.pdf,23,Table 6. General data — 6-7.5 tons (TTA0724*A*-TTA0904*D*) condensing units — 60 Hz,6 Tons,,,,TWE0724*B*,,"2,400",,,,,,,,"77,000",,"75,000",,11.5,,,,,,,,"1,100",RPM,17.4,sq ft,1/23,,,,,,,,,,,,,,,,,,,,,,,,,,,,7.0 / 7.0,lbs,,,,,,
trane-symbio-700-odyssey-lontalk-scc,e5,Trane,Symbio™ 700 — Odyssey™ (LonTalk) · SCC 프로파일 (실내 쾌적 제어),Single Compressor TTA0904*A*,modelNumber,condensingUnit,extracted,SS-PRC028AA-EN_06262022.pdf,23,Table 6. General data — 6-7.5 tons (TTA0724*A*-TTA0904*D*) condensing units — 60 Hz,7.5 Tons,,,,TWE0904*A*,,"3,000",,,,,,,,"98,000",,"95,000",,11.5,,,,,,,,"1,100",RPM,18.5,sq ft,1/23,,,,,,,,,,,,,,,,,,,,,,,,,,,,10.4,lbs,,,,,,
trane-symbio-700-odyssey-lontalk-scc,e5,Trane,Symbio™ 700 — Odyssey™ (LonTalk) · SCC 프로파일 (실내 쾌적 제어),Dual Compressor TTA0904*D*,modelNumber,condensingUnit,extracted,SS-PRC028AA-EN_06262022.pdf,23,Table 6. General data — 6-7.5 tons (TTA0724*A*-TTA0904*D*) condensing units — 60 Hz,7.5 Tons,,,,TWE0904*B*,,3000,,,,,,,,"96,000",,"93,000",,11.5,,,,,,,,"1,100",RPM,17.4,sq ft,1/23,,,,,,,,,,,,,,,,,,,,,,,,,,,,7.1 / 7.5,lbs,,,,,,
trane-symbio-700-odyssey-lontalk-scc,e5,Trane,Symbio™ 700 — Odyssey™ (LonTalk) · SCC 프로파일 (실내 쾌적 제어),Dual Compressor TTA1204*D*,modelNumber,condensingUnit,extracted,SS-PRC028AA-EN_06262022.pdf,24,Table 7. General data — 10-12.5 tons (TTA1204*D*-TTA1504*D*) condensing units — 60 Hz,10 Tons,,,,TWE1204*B*,,"4,000(a)",,,,,,,,"120,000",,"116,000",,11.5,,,,,,,,"1,125",RPM,22.7,sq ft,1/23,,,,,,,,,,,,,,,,,,,,,,,,,,,,8.2 / 8.4,lbs,,,,,,
trane-symbio-700-odyssey-lontalk-scc,e5,Trane,Symbio™ 700 — Odyssey™ (LonTalk) · SCC 프로파일 (실내 쾌적 제어),Manifolded Compressor TTA1204*C*,modelNumber,condensingUnit,extracted,SS-PRC028AA-EN_06262022.pdf,24,Table 7. General data — 10-12.5 tons (TTA1204*D*-TTA1504*D*) condensing units — 60 Hz,10 Tons,,,,TWE1204*A*,,"4,000(a)",,,,,,,,"126,000",,"122,000(b)",,11.5,,,,,,,,"1,125",RPM,23.8,sq ft,1/23,,,,,,,,,,,,,,,,,,,,,,,,,,,,13.1,lbs,,,,,,
trane-symbio-700-odyssey-lontalk-scc,e5,Trane,Symbio™ 700 — Odyssey™ (LonTalk) · SCC 프로파일 (실내 쾌적 제어),Dual Compressor TTA1504*D*,modelNumber,condensingUnit,extracted,SS-PRC028AA-EN_06262022.pdf,24,Table 7. General data — 10-12.5 tons (TTA1204*D*-TTA1504*D*) condensing units — 60 Hz,12.5 Tons,,,,TWE1504*B*,,"5,000",,,,,,,,"159,000",,"155,000",,11.2,,,,,,,,"1,125",RPM,27.0,sq ft,1/23,,,,,,,,,,,,,,,,,,,,,,,,,,,,10.4/10.4,lbs,,,,,,
trane-symbio-700-odyssey-lontalk-scc,e5,Trane,Symbio™ 700 — Odyssey™ (LonTalk) · SCC 프로파일 (실내 쾌적 제어),Dual Compressor TTA1804*D*,modelNumber,condensingUnit,extracted,SS-PRC028AA-EN_06262022.pdf,25,Table 8. General data — 15-25 tons (TTA1804*D*-TTA3004*C*) condensing units — 60 Hz,15 Tons,,,,TWE1804*B*,,"6,000",,,,,,,,"198,000",,"193,000",,11.2,,,,,,,,"1,125",RPM,44.3,sq ft,1/23,,,,,,,,,,,,,,,,,,,,,,,,,,,,11.5 / 11.5,lbs,,,,,,
trane-symbio-700-odyssey-lontalk-scc,e5,Trane,Symbio™ 700 — Odyssey™ (LonTalk) · SCC 프로파일 (실내 쾌적 제어),Manifolded Compressor TTA1804*C*,modelNumber,condensingUnit,extracted,SS-PRC028AA-EN_06262022.pdf,25,Table 8. General data — 15-25 tons (TTA1804*D*-TTA3004*C*) condensing units — 60 Hz,15 Tons,,,,TWE1804*B*,,"6,000",,,,,,,,"194,000",,"188,000",,11.2,,,,,,,,"1,125",RPM,44.3,sq ft,1/23,,,,,,,,,,,,,,,,,,,,,,,,,,,,22.5,lbs,,,,,,
trane-symbio-700-odyssey-lontalk-scc,e5,Trane,Symbio™ 700 — Odyssey™ (LonTalk) · SCC 프로파일 (실내 쾌적 제어),Dual Compressor TTA2404*D*,modelNumber,condensingUnit,extracted,SS-PRC028AA-EN_06262022.pdf,25,Table 8. General data — 15-25 tons (TTA1804*D*-TTA3004*C*) condensing units — 60 Hz,20 Tons,,,,TWE2404*B*,,"8,000",,,,,,,,"254,000",,"246,000",,10.2,,,,,,,,"1,125",RPM,44.3,sq ft,1/23,,,,,,,,,,,,,,,,,,,,,,,,,,,,11.2 / 11.2,lbs,,,,,,
trane-symbio-700-odyssey-lontalk-scc,e5,Trane,Symbio™ 700 — Odyssey™ (LonTalk) · SCC 프로파일 (실내 쾌적 제어),Manifolded Compressor TTA2404*C*,modelNumber,condensingUnit,extracted,SS-PRC028AA-EN_06262022.pdf,25,Table 8. General data — 15-25 tons (TTA1804*D*-TTA3004*C*) condensing units — 60 Hz,20 Tons,,,,TWE2404*B*,,"8,000",,,,,,,,"258,000",,"250,000",,10.2,,,,,,,,"1,125",RPM,44.3,sq ft,1/23,,,,,,,,,,,,,,,,,,,,,,,,,,,,23.8,lbs,,,,,,
trane-symbio-700-odyssey-lontalk-scc,e5,Trane,Symbio™ 700 — Odyssey™ (LonTalk) · SCC 프로파일 (실내 쾌적 제어),Manifolded Compressor TTA3004*C*,modelNumber,condensingUnit,extracted,SS-PRC028AA-EN_06262022.pdf,25,Table 8. General data — 15-25 tons (TTA1804*D*-TTA3004*C*) condensing units — 60 Hz,25 Tons,,,,TWE3004*B*,,"8,750",,,,,,,,"308,000",,"297,000",,10.1,,,,,,,,"1,125",RPM,51.3,sq ft,1/23,,,,,,,,,,,,,,,,,,,,,,,,,,,,29.8,lbs,,,,,,
trane-symbio-700-odyssey-lontalk-scc,e5,Trane,Symbio™ 700 — Odyssey™ (LonTalk) · SCC 프로파일 (실내 쾌적 제어),"Dual Circuit TWE07243B*, 4B*, WB*",modelNumber,airHandler,extracted,SS-PRC028AA-EN_06262022.pdf,26,Table 9. General data - 6-10 tons (TWE0724*B* - TWE1204*B*) SZVAV and 2-speed VFD air hand,6 Tons,,,,,,2400,CFM,,,,,,,,,,,,,,,,,2.0/3.0,HP,1725,RPM,8.1,sq ft,4/14,,,,,,,,,,,,,,,,,,,,,,,,,,,,,,Expansion Valve,,,,,
trane-symbio-700-odyssey-lontalk-scc,e5,Trane,Symbio™ 700 — Odyssey™ (LonTalk) · SCC 프로파일 (실내 쾌적 제어),"Single Circuit TWE09043A*, 4A*, WA*",modelNumber,airHandler,extracted,SS-PRC028AA-EN_06262022.pdf,26,Table 9. General data - 6-10 tons (TWE0724*B* - TWE1204*B*) SZVAV and 2-speed VFD air hand,7.5 Tons,,,,,,3000,CFM,,,,,,,,,,,,,,,,,2.0/3.0,HP,1725,RPM,8.1,sq ft,4/14,,,,,,,,,,,,,,,,,,,,,,,,,,,,,,Expansion Valve,,,,,
trane-symbio-700-odyssey-lontalk-scc,e5,Trane,Symbio™ 700 — Odyssey™ (LonTalk) · SCC 프로파일 (실내 쾌적 제어),"Dual Circuit TWE09043B*, 4B*, WB*",modelNumber,airHandler,extracted,SS-PRC028AA-EN_06262022.pdf,26,Table 9. General data - 6-10 tons (TWE0724*B* - TWE1204*B*) SZVAV and 2-speed VFD air hand,7.5 Tons,,,,,,3000,CFM,,,,,,,,,,,,,,,,,2.0/3.0,HP,1725,RPM,8.1,sq ft,4/14,,,,,,,,,,,,,,,,,,,,,,,,,,,,,,Expansion Valve,,,,,
trane-symbio-700-odyssey-lontalk-scc,e5,Trane,Symbio™ 700 — Odyssey™ (LonTalk) · SCC 프로파일 (실내 쾌적 제어),"Single Circuit TWE12043A*, 4A*, WA*",modelNumber,airHandler,extracted,SS-PRC028AA-EN_06262022.pdf,26,Table 9. General data - 6-10 tons (TWE0724*B* - TWE1204*B*) SZVAV and 2-speed VFD air hand,10 Tons,,,,,,4000,CFM,,,,,,,,,,,,,,,,,2.0/3.0,HP,1725,RPM,11.2,sq ft,4/14,,,,,,,,,,,,,,,,,,,,,,,,,,,,,,Expansion Valve,,,,,
trane-symbio-700-odyssey-lontalk-scc,e5,Trane,Symbio™ 700 — Odyssey™ (LonTalk) · SCC 프로파일 (실내 쾌적 제어),"Dual Circuit TWE12043B*, 4B*, WB*",modelNumber,airHandler,extracted,SS-PRC028AA-EN_06262022.pdf,26,Table 9. General data - 6-10 tons (TWE0724*B* - TWE1204*B*) SZVAV and 2-speed VFD air hand,10 Tons,,,,,,4000,CFM,,,,,,,,,,,,,,,,,2.0/3.0,HP,1725,RPM,11.2,sq ft,4/14,,,,,,,,,,,,,,,,,,,,,,,,,,,,,,Expansion Valve,,,,,
trane-symbio-700-precedent-and-axiom-rooftop-wshp-lontalk-dac,e5,Trane,Symbio™ 700 — Precedent® and Axiom™ Rooftop WSHP (LonTalk) · DAC 프로파일 (급기 제어),"T/YSC036G3,4,W",modelNumber,packagedUnit,extracted,RT-PRC023AY-EN_12202022.pdf,29,Table 5. General data — 3 to 5 tons — standard efficiency,3 Tons,,,,,,"1,200/1,200",CFM,,,,,,,"37,000",,"36,000",,12.0/14.0,,,,,,0.25,HP,"1,100",RPM,10.50,sq ft,1/23,,,,,,,,,,,,,,,,,,,,,,,,3.00,kW,79,dB,3.2,lbs,Thermal Expansion Valve,,,,,
trane-symbio-700-precedent-and-axiom-rooftop-wshp-lontalk-dac,e5,Trane,Symbio™ 700 — Precedent® and Axiom™ Rooftop WSHP (LonTalk) · DAC 프로파일 (급기 제어),"T/YSC048G3,4,W",modelNumber,packagedUnit,extracted,RT-PRC023AY-EN_12202022.pdf,29,Table 5. General data — 3 to 5 tons — standard efficiency,4 Tons,,,,,,"1,600/1,600",CFM,,,,,,,"49,000",,"48,000",,12.0/14.0,,,,,,0.33,HP,"1,100",RPM,10.50,sq ft,1/23,,,,,,,,,,,,,,,,,,,,,,,,4.00,kW,80,dB,3.5,lbs,Thermal Expansion Valve,,,,,
trane-symbio-700-precedent-and-axiom-rooftop-wshp-lontalk-dac,e5,Trane,Symbio™ 700 — Precedent® and Axiom™ Rooftop WSHP (LonTalk) · DAC 프로파일 (급기 제어),"T/YSC060G3,4,W",modelNumber,packagedUnit,extracted,RT-PRC023AY-EN_12202022.pdf,29,Table 5. General data — 3 to 5 tons — standard efficiency,5 Tons,,,,,,"2,000/2,000",CFM,,,,,,,"60,000",,"58,500",,12.0/14.0,,,,,,0.40,HP,1100,RPM,11.90,sq ft,1/23,,,,,,,,,,,,,,,,,,,,,,,,4.88,kW,81,dB,4.8,lbs,Thermal Expansion Valve,,,,,
trane-symbio-700-precedent-and-axiom-rooftop-wshp-lontalk-dac,e5,Trane,Symbio™ 700 — Precedent® and Axiom™ Rooftop WSHP (LonTalk) · DAC 프로파일 (급기 제어),"T/YSC072H3,4,W",modelNumber,packagedUnit,extracted,RT-PRC023AY-EN_12202022.pdf,31,Table 6. General data — 6 to 10 tons — standard efficiency,6 Tons,,,,,,"2,400/2,100",CFM,,,,,,,"75,000",,"71,000",,11.2,,12.9 / 12.7,,,,0.70,HP,"1,100",RPM,16.91,sq ft,1/23,,,,,,,,,,,,,,,,,,,,,,,,6.36,kW,89,dB,5.5,lbs,Thermal Expansion Valve,,,,,
trane-symbio-700-precedent-and-axiom-rooftop-wshp-lontalk-dac,e5,Trane,Symbio™ 700 — Precedent® and Axiom™ Rooftop WSHP (LonTalk) · DAC 프로파일 (급기 제어),"Single Compressor T/YSC090H3,4,W",modelNumber,packagedUnit,extracted,RT-PRC023AY-EN_12202022.pdf,31,Table 6. General data — 6 to 10 tons — standard efficiency,7.5 Tons,,,,,,"3,000/2,400",CFM,,,,,,,"92,500",,"87,000",,11.2,,12.9 / 12.7,,,,0.70,HP,"1,100",RPM,16.91,sq ft,1/21,,,,,,,,,,,,,,,,,,,,,,,,7.77,kW,89,dB,7.5,lbs,Thermal Expansion Valve,,,,,
trane-symbio-700-precedent-and-axiom-rooftop-wshp-lontalk-dac,e5,Trane,Symbio™ 700 — Precedent® and Axiom™ Rooftop WSHP (LonTalk) · DAC 프로파일 (급기 제어),"Dual Compressor T/YSC092H3,4,W",modelNumber,packagedUnit,extracted,RT-PRC023AY-EN_12202022.pdf,31,Table 6. General data — 6 to 10 tons — standard efficiency,7.5 Tons,,,,,,"3,000/2,325",CFM,,,,,,,"94,800",,"90,000",,11.2,,12.9/12.7(d),,,,0.70,HP,"1,100",RPM,17.31,sq ft,1/23,,,,,,,,,,,,,,,,,,,,,,,,8.04,kW,91,dB,3.8/3.6,lbs,Thermal Expansion Valve,,,,,
trane-symbio-700-precedent-and-axiom-rooftop-wshp-lontalk-dac,e5,Trane,Symbio™ 700 — Precedent® and Axiom™ Rooftop WSHP (LonTalk) · DAC 프로파일 (급기 제어),"T/YSC102H3,4,W",modelNumber,packagedUnit,extracted,RT-PRC023AY-EN_12202022.pdf,31,Table 6. General data — 6 to 10 tons — standard efficiency,8.5 Tons,,,,,,"3,400/2,720",CFM,,,,,,,"107,200",,"102,000",,11.2,,12.9 / 12.7(e),,,,0.70,HP,"1,100",RPM,20.77,sq ft,1/21,,,,,,,,,,,,,,,,,,,,,,,,9.11,kW,88,dB,5.9/4.0,lbs,Thermal Expansion Valve,,,,,
trane-symbio-700-precedent-and-axiom-rooftop-wshp-lontalk-dac,e5,Trane,Symbio™ 700 — Precedent® and Axiom™ Rooftop WSHP (LonTalk) · DAC 프로파일 (급기 제어),"T/YSC120H3,4,W",modelNumber,packagedUnit,extracted,RT-PRC023AY-EN_12202022.pdf,31,Table 6. General data — 6 to 10 tons — standard efficiency,10 Tons,,,,,,"4,000/4,000",CFM,,,,,,,"116,000",,"113,000",,11.2,,12.9/12.7,,,,0.70,HP,"1,100",RPM,20.77,sq ft,1/20,,,,,,,,,,,,,,,,,,,,,,,,10.09,kW,88,dB,5.6/4.4,lbs,Thermal Expansion Valve,,,,,
trane-symbio-700-precedent-and-axiom-rooftop-wshp-lontalk-dac,e5,Trane,Symbio™ 700 — Precedent® and Axiom™ Rooftop WSHP (LonTalk) · DAC 프로파일 (급기 제어),"T/YHC036E3,4,W",modelNumber,packagedUnit,extracted,RT-PRC023AY-EN_12202022.pdf,33,Table 7. General data — 3 to 5 tons — high efficiency,3 Tons,,,,,,"1,200/1,200",CFM,,,,,,,"37,600",,"37,000",,"E3,4= 12.7/15.0 EW=12.0/14.4",,,,,,0.20,HP,"1,075",RPM,10.96,sq ft,2/16,,,,,,,,,,,,,,,,,,,,,,,,2.99,kW,81,dB,,,Thermal Expansion Valve,,,,,
trane-symbio-700-precedent-and-axiom-rooftop-wshp-lontalk-dac,e5,Trane,Symbio™ 700 — Precedent® and Axiom™ Rooftop WSHP (LonTalk) · DAC 프로파일 (급기 제어),"T/YHC048E3,4,W",modelNumber,packagedUnit,extracted,RT-PRC023AY-EN_12202022.pdf,33,Table 7. General data — 3 to 5 tons — high efficiency,4 Tons,,,,,,"1,600/1,600",CFM,,,,,,,"49,930",,"49,000",,14.2,,,,,,0.40,HP,"1,075",RPM,17.00,sq ft,3/16,,,,,,,,,,,,,,,,,,,,,,,,3.67,kW,87,dB,,,Thermal Expansion Valve,,,,,
trane-symbio-700-precedent-and-axiom-rooftop-wshp-lontalk-dac,e5,Trane,Symbio™ 700 — Precedent® and Axiom™ Rooftop WSHP (LonTalk) · DAC 프로파일 (급기 제어),"T/YHC048F3,4,W",modelNumber,packagedUnit,extracted,RT-PRC023AY-EN_12202022.pdf,33,Table 7. General data — 3 to 5 tons — high efficiency,4 Tons,,,,,,"1,600/1,600",CFM,,,,,,,"49,930",,"49,000",,13.2/15.0,,,,,,0.40,HP,"1,075",RPM,16.91,sq ft,1/23,,,,,,,,,,,,,,,,,,,,,,,,3.67,kW,87,dB,,,Thermal Expansion Valve,,,,,
trane-symbio-700-precedent-and-axiom-rooftop-wshp-lontalk-dac,e5,Trane,Symbio™ 700 — Precedent® and Axiom™ Rooftop WSHP (LonTalk) · DAC 프로파일 (급기 제어),"T/YHC060E3,4,W",modelNumber,packagedUnit,extracted,RT-PRC023AY-EN_12202022.pdf,33,Table 7. General data — 3 to 5 tons — high efficiency,5 Tons,,,,,,"2,000/2,000",CFM,,,,,,,"61,000",,"60,000",,14.2,,,,,,0.40,HP,"1,075",RPM,17,sq ft,3/16,,,,,,,,,,,,,,,,,,,,,,,,4.67,kW,87,dB,,,Thermal Expansion Valve,,,,,
trane-symbio-700-precedent-and-axiom-rooftop-wshp-lontalk-dac,e5,Trane,Symbio™ 700 — Precedent® and Axiom™ Rooftop WSHP (LonTalk) · DAC 프로파일 (급기 제어),"T/YHC060F3,4,W",modelNumber,packagedUnit,extracted,RT-PRC023AY-EN_12202022.pdf,33,Table 7. General data — 3 to 5 tons — high efficiency,5 Tons,,,,,,"2,000/2,000",CFM,,,,,,,"61,000",,"60,000",,12.85/15.0,,,,,,0.40,HP,"1,075",RPM,16.91,sq ft,1/23,,,,,,,,,,,,,,,,,,,,,,,,4.67,kW,87,dB,,,Thermal Expansion Valve,,,,,
trane-symbio-700-precedent-and-axiom-rooftop-wshp-lontalk-dac,e5,Trane,Symbio™ 700 — Precedent® and Axiom™ Rooftop WSHP (LonTalk) · DAC 프로파일 (급기 제어),"Single Compressor T/YHC072E/F3,4,W",modelNumber,packagedUnit,extracted,RT-PRC023AY-EN_12202022.pdf,35,Table 8. General data — 6 to 7.5 tons — high efficiency,6 Tons,,,,,,"2,400/2,100",CFM,,,,,,,"72,000",,"68,000",,12.6,,14.5,,,,0.7,HP,1100,RPM,20.77,sq ft,1/23,,,,,,,,,,,,,,,,,,,,,,,,5.37,kW,89,dB,,,Thermal Expansion Valve,,,,,
trane-symbio-700-precedent-and-axiom-rooftop-wshp-lontalk-dac,e5,Trane,Symbio™ 700 — Precedent® and Axiom™ Rooftop WSHP (LonTalk) · DAC 프로파일 (급기 제어),"Dual Compressor T/YHC074F3,4",modelNumber,packagedUnit,extracted,RT-PRC023AY-EN_12202022.pdf,35,Table 8. General data — 6 to 7.5 tons — high efficiency,6 Tons,,,,,,"2,400/2,100",CFM,,,,,,,"73,000",,"71,000",,13.1,,15.5(d),,,,0.7,HP,1100,RPM,20.77,sq ft,1/20,,,,,,,,,,,,,,,,,,,,,,,,5.42,kW,89,dB,,,Thermal Expansion Valve,,,,,
trane-symbio-700-precedent-and-axiom-rooftop-wshp-lontalk-dac,e5,Trane,Symbio™ 700 — Precedent® and Axiom™ Rooftop WSHP (LonTalk) · DAC 프로파일 (급기 제어),"T/YHC092F3,4,W",modelNumber,packagedUnit,extracted,RT-PRC023AY-EN_12202022.pdf,35,Table 8. General data — 6 to 7.5 tons — high efficiency,7.5 Tons,,,,,,"3,000/2,625",CFM,,,,,,,"92,000",,"89,000",,12.6,,14.5(e),,,,0.75,HP,1100,RPM,20.77,sq ft,1/20,,,,,,,,,,,,,,,,,,,,,,,,7.06,kW,88,dB,,,Thermal Expansion Valve,,,,,
trane-symbio-700-precedent-and-axiom-rooftop-wshp-lontalk-dac,e5,Trane,Symbio™ 700 — Precedent® and Axiom™ Rooftop WSHP (LonTalk) · DAC 프로파일 (급기 제어),"T/YHC102F3,4,W",modelNumber,packagedUnit,extracted,RT-PRC023AY-EN_12202022.pdf,37,Table 9. General data — 8.5 to 10 tons — high efficiency,8.5 Tons,,,,,,"3,400/2,720",CFM,,,,,,,"104,000",,"99,000",,12.5 YHC102FW = 12.4,,14.7(d) YHC102FW = 14.5,,,,0.75,HP,"1,100",RPM,20.77,sq ft,1/20,,,,,,,,,,,,,,,,,,,,,,,,7.92,kW,89,dB,,,Thermal Expansion Valve,,,,,
trane-symbio-700-precedent-and-axiom-rooftop-wshp-lontalk-dac,e5,Trane,Symbio™ 700 — Precedent® and Axiom™ Rooftop WSHP (LonTalk) · DAC 프로파일 (급기 제어),"T/YHC120F3,4,W",modelNumber,packagedUnit,extracted,RT-PRC023AY-EN_12202022.pdf,37,Table 9. General data — 8.5 to 10 tons — high efficiency,10 Tons,,,,,,"4,000/3,800",CFM,,,,,,,"116,000",,"113,000",,12.4,,"14.7 SZVAV, 15.2",,,,0.75,HP,"1,100",RPM,26.77,sq ft,1/23,,,,,,,,,,,,,,,,,,,,,,,,9.11,kW,87,dB,,,Thermal Expansion Valve,,,,,
trane-symbio-700-precedent-and-axiom-rooftop-wshp-lontalk-scc,e5,Trane,Symbio™ 700 — Precedent® and Axiom™ Rooftop WSHP (LonTalk) · SCC 프로파일 (실내 쾌적 제어),"T/YSC036G3,4,W",modelNumber,packagedUnit,extracted,RT-PRC023AY-EN_12202022.pdf,29,Table 5. General data — 3 to 5 tons — standard efficiency,3 Tons,,,,,,"1,200/1,200",CFM,,,,,,,"37,000",,"36,000",,12.0/14.0,,,,,,0.25,HP,"1,100",RPM,10.50,sq ft,1/23,,,,,,,,,,,,,,,,,,,,,,,,3.00,kW,79,dB,3.2,lbs,Thermal Expansion Valve,,,,,
trane-symbio-700-precedent-and-axiom-rooftop-wshp-lontalk-scc,e5,Trane,Symbio™ 700 — Precedent® and Axiom™ Rooftop WSHP (LonTalk) · SCC 프로파일 (실내 쾌적 제어),"T/YSC048G3,4,W",modelNumber,packagedUnit,extracted,RT-PRC023AY-EN_12202022.pdf,29,Table 5. General data — 3 to 5 tons — standard efficiency,4 Tons,,,,,,"1,600/1,600",CFM,,,,,,,"49,000",,"48,000",,12.0/14.0,,,,,,0.33,HP,"1,100",RPM,10.50,sq ft,1/23,,,,,,,,,,,,,,,,,,,,,,,,4.00,kW,80,dB,3.5,lbs,Thermal Expansion Valve,,,,,
trane-symbio-700-precedent-and-axiom-rooftop-wshp-lontalk-scc,e5,Trane,Symbio™ 700 — Precedent® and Axiom™ Rooftop WSHP (LonTalk) · SCC 프로파일 (실내 쾌적 제어),"T/YSC060G3,4,W",modelNumber,packagedUnit,extracted,RT-PRC023AY-EN_12202022.pdf,29,Table 5. General data — 3 to 5 tons — standard efficiency,5 Tons,,,,,,"2,000/2,000",CFM,,,,,,,"60,000",,"58,500",,12.0/14.0,,,,,,0.40,HP,1100,RPM,11.90,sq ft,1/23,,,,,,,,,,,,,,,,,,,,,,,,4.88,kW,81,dB,4.8,lbs,Thermal Expansion Valve,,,,,
trane-symbio-700-precedent-and-axiom-rooftop-wshp-lontalk-scc,e5,Trane,Symbio™ 700 — Precedent® and Axiom™ Rooftop WSHP (LonTalk) · SCC 프로파일 (실내 쾌적 제어),"T/YSC072H3,4,W",modelNumber,packagedUnit,extracted,RT-PRC023AY-EN_12202022.pdf,31,Table 6. General data — 6 to 10 tons — standard efficiency,6 Tons,,,,,,"2,400/2,100",CFM,,,,,,,"75,000",,"71,000",,11.2,,12.9 / 12.7,,,,0.70,HP,"1,100",RPM,16.91,sq ft,1/23,,,,,,,,,,,,,,,,,,,,,,,,6.36,kW,89,dB,5.5,lbs,Thermal Expansion Valve,,,,,
trane-symbio-700-precedent-and-axiom-rooftop-wshp-lontalk-scc,e5,Trane,Symbio™ 700 — Precedent® and Axiom™ Rooftop WSHP (LonTalk) · SCC 프로파일 (실내 쾌적 제어),"Single Compressor T/YSC090H3,4,W",modelNumber,packagedUnit,extracted,RT-PRC023AY-EN_12202022.pdf,31,Table 6. General data — 6 to 10 tons — standard efficiency,7.5 Tons,,,,,,"3,000/2,400",CFM,,,,,,,"92,500",,"87,000",,11.2,,12.9 / 12.7,,,,0.70,HP,"1,100",RPM,16.91,sq ft,1/21,,,,,,,,,,,,,,,,,,,,,,,,7.77,kW,89,dB,7.5,lbs,Thermal Expansion Valve,,,,,
trane-symbio-700-precedent-and-axiom-rooftop-wshp-lontalk-scc,e5,Trane,Symbio™ 700 — Precedent® and Axiom™ Rooftop WSHP (LonTalk) · SCC 프로파일 (실내 쾌적 제어),"Dual Compressor T/YSC092H3,4,W",modelNumber,packagedUnit,extracted,RT-PRC023AY-EN_12202022.pdf,31,Table 6. General data — 6 to 10 tons — standard efficiency,7.5 Tons,,,,,,"3,000/2,325",CFM,,,,,,,"94,800",,"90,000",,11.2,,12.9/12.7(d),,,,0.70,HP,"1,100",RPM,17.31,sq ft,1/23,,,,,,,,,,,,,,,,,,,,,,,,8.04,kW,91,dB,3.8/3.6,lbs,Thermal Expansion Valve,,,,,
trane-symbio-700-precedent-and-axiom-rooftop-wshp-lontalk-scc,e5,Trane,Symbio™ 700 — Precedent® and Axiom™ Rooftop WSHP (LonTalk) · SCC 프로파일 (실내 쾌적 제어),"T/YSC102H3,4,W",modelNumber,packagedUnit,extracted,RT-PRC023AY-EN_12202022.pdf,31,Table 6. General data — 6 to 10 tons — standard efficiency,8.5 Tons,,,,,,"3,400/2,720",CFM,,,,,,,"107,200",,"102,000",,11.2,,12.9 / 12.7(e),,,,0.70,HP,"1,100",RPM,20.77,sq ft,1/21,,,,,,,,,,,,,,,,,,,,,,,,9.11,kW,88,dB,5.9/4.0,lbs,Thermal Expansion Valve,,,,,
trane-symbio-700-precedent-and-axiom-rooftop-wshp-lontalk-scc,e5,Trane,Symbio™ 700 — Precedent® and Axiom™ Rooftop WSHP (LonTalk) · SCC 프로파일 (실내 쾌적 제어),"T/YSC120H3,4,W",modelNumber,packagedUnit,extracted,RT-PRC023AY-EN_12202022.pdf,31,Table 6. General data — 6 to 10 tons — standard efficiency,10 Tons,,,,,,"4,000/4,000",CFM,,,,,,,"116,000",,"113,000",,11.2,,12.9/12.7,,,,0.70,HP,"1,100",RPM,20.77,sq ft,1/20,,,,,,,,,,,,,,,,,,,,,,,,10.09,kW,88,dB,5.6/4.4,lbs,Thermal Expansion Valve,,,,,
trane-symbio-700-precedent-and-axiom-rooftop-wshp-lontalk-scc,e5,Trane,Symbio™ 700 — Precedent® and Axiom™ Rooftop WSHP (LonTalk) · SCC 프로파일 (실내 쾌적 제어),"T/YHC036E3,4,W",modelNumber,packagedUnit,extracted,RT-PRC023AY-EN_12202022.pdf,33,Table 7. General data — 3 to 5 tons — high efficiency,3 Tons,,,,,,"1,200/1,200",CFM,,,,,,,"37,600",,"37,000",,"E3,4= 12.7/15.0 EW=12.0/14.4",,,,,,0.20,HP,"1,075",RPM,10.96,sq ft,2/16,,,,,,,,,,,,,,,,,,,,,,,,2.99,kW,81,dB,,,Thermal Expansion Valve,,,,,
trane-symbio-700-precedent-and-axiom-rooftop-wshp-lontalk-scc,e5,Trane,Symbio™ 700 — Precedent® and Axiom™ Rooftop WSHP (LonTalk) · SCC 프로파일 (실내 쾌적 제어),"T/YHC048E3,4,W",modelNumber,packagedUnit,extracted,RT-PRC023AY-EN_12202022.pdf,33,Table 7. General data — 3 to 5 tons — high efficiency,4 Tons,,,,,,"1,600/1,600",CFM,,,,,,,"49,930",,"49,000",,14.2,,,,,,0.40,HP,"1,075",RPM,17.00,sq ft,3/16,,,,,,,,,,,,,,,,,,,,,,,,3.67,kW,87,dB,,,Thermal Expansion Valve,,,,,
trane-symbio-700-precedent-and-axiom-rooftop-wshp-lontalk-scc,e5,Trane,Symbio™ 700 — Precedent® and Axiom™ Rooftop WSHP (LonTalk) · SCC 프로파일 (실내 쾌적 제어),"T/YHC048F3,4,W",modelNumber,packagedUnit,extracted,RT-PRC023AY-EN_12202022.pdf,33,Table 7. General data — 3 to 5 tons — high efficiency,4 Tons,,,,,,"1,600/1,600",CFM,,,,,,,"49,930",,"49,000",,13.2/15.0,,,,,,0.40,HP,"1,075",RPM,16.91,sq ft,1/23,,,,,,,,,,,,,,,,,,,,,,,,3.67,kW,87,dB,,,Thermal Expansion Valve,,,,,
trane-symbio-700-precedent-and-axiom-rooftop-wshp-lontalk-scc,e5,Trane,Symbio™ 700 — Precedent® and Axiom™ Rooftop WSHP (LonTalk) · SCC 프로파일 (실내 쾌적 제어),"T/YHC060E3,4,W",modelNumber,packagedUnit,extracted,RT-PRC023AY-EN_12202022.pdf,33,Table 7. General data — 3 to 5 tons — high efficiency,5 Tons,,,,,,"2,000/2,000",CFM,,,,,,,"61,000",,"60,000",,14.2,,,,,,0.40,HP,"1,075",RPM,17,sq ft,3/16,,,,,,,,,,,,,,,,,,,,,,,,4.67,kW,87,dB,,,Thermal Expansion Valve,,,,,
trane-symbio-700-precedent-and-axiom-rooftop-wshp-lontalk-scc,e5,Trane,Symbio™ 700 — Precedent® and Axiom™ Rooftop WSHP (LonTalk) · SCC 프로파일 (실내 쾌적 제어),"T/YHC060F3,4,W",modelNumber,packagedUnit,extracted,RT-PRC023AY-EN_12202022.pdf,33,Table 7. General data — 3 to 5 tons — high efficiency,5 Tons,,,,,,"2,000/2,000",CFM,,,,,,,"61,000",,"60,000",,12.85/15.0,,,,,,0.40,HP,"1,075",RPM,16.91,sq ft,1/23,,,,,,,,,,,,,,,,,,,,,,,,4.67,kW,87,dB,,,Thermal Expansion Valve,,,,,
trane-symbio-700-precedent-and-axiom-rooftop-wshp-lontalk-scc,e5,Trane,Symbio™ 700 — Precedent® and Axiom™ Rooftop WSHP (LonTalk) · SCC 프로파일 (실내 쾌적 제어),"Single Compressor T/YHC072E/F3,4,W",modelNumber,packagedUnit,extracted,RT-PRC023AY-EN_12202022.pdf,35,Table 8. General data — 6 to 7.5 tons — high efficiency,6 Tons,,,,,,"2,400/2,100",CFM,,,,,,,"72,000",,"68,000",,12.6,,14.5,,,,0.7,HP,1100,RPM,20.77,sq ft,1/23,,,,,,,,,,,,,,,,,,,,,,,,5.37,kW,89,dB,,,Thermal Expansion Valve,,,,,
trane-symbio-700-precedent-and-axiom-rooftop-wshp-lontalk-scc,e5,Trane,Symbio™ 700 — Precedent® and Axiom™ Rooftop WSHP (LonTalk) · SCC 프로파일 (실내 쾌적 제어),"Dual Compressor T/YHC074F3,4",modelNumber,packagedUnit,extracted,RT-PRC023AY-EN_12202022.pdf,35,Table 8. General data — 6 to 7.5 tons — high efficiency,6 Tons,,,,,,"2,400/2,100",CFM,,,,,,,"73,000",,"71,000",,13.1,,15.5(d),,,,0.7,HP,1100,RPM,20.77,sq ft,1/20,,,,,,,,,,,,,,,,,,,,,,,,5.42,kW,89,dB,,,Thermal Expansion Valve,,,,,
trane-symbio-700-precedent-and-axiom-rooftop-wshp-lontalk-scc,e5,Trane,Symbio™ 700 — Precedent® and Axiom™ Rooftop WSHP (LonTalk) · SCC 프로파일 (실내 쾌적 제어),"T/YHC092F3,4,W",modelNumber,packagedUnit,extracted,RT-PRC023AY-EN_12202022.pdf,35,Table 8. General data — 6 to 7.5 tons — high efficiency,7.5 Tons,,,,,,"3,000/2,625",CFM,,,,,,,"92,000",,"89,000",,12.6,,14.5(e),,,,0.75,HP,1100,RPM,20.77,sq ft,1/20,,,,,,,,,,,,,,,,,,,,,,,,7.06,kW,88,dB,,,Thermal Expansion Valve,,,,,
trane-symbio-700-precedent-and-axiom-rooftop-wshp-lontalk-scc,e5,Trane,Symbio™ 700 — Precedent® and Axiom™ Rooftop WSHP (LonTalk) · SCC 프로파일 (실내 쾌적 제어),"T/YHC102F3,4,W",modelNumber,packagedUnit,extracted,RT-PRC023AY-EN_12202022.pdf,37,Table 9. General data — 8.5 to 10 tons — high efficiency,8.5 Tons,,,,,,"3,400/2,720",CFM,,,,,,,"104,000",,"99,000",,12.5 YHC102FW = 12.4,,14.7(d) YHC102FW = 14.5,,,,0.75,HP,"1,100",RPM,20.77,sq ft,1/20,,,,,,,,,,,,,,,,,,,,,,,,7.92,kW,89,dB,,,Thermal Expansion Valve,,,,,
trane-symbio-700-precedent-and-axiom-rooftop-wshp-lontalk-scc,e5,Trane,Symbio™ 700 — Precedent® and Axiom™ Rooftop WSHP (LonTalk) · SCC 프로파일 (실내 쾌적 제어),"T/YHC120F3,4,W",modelNumber,packagedUnit,extracted,RT-PRC023AY-EN_12202022.pdf,37,Table 9. General data — 8.5 to 10 tons — high efficiency,10 Tons,,,,,,"4,000/3,800",CFM,,,,,,,"116,000",,"113,000",,12.4,,"14.7 SZVAV, 15.2",,,,0.75,HP,"1,100",RPM,26.77,sq ft,1/23,,,,,,,,,,,,,,,,,,,,,,,,9.11,kW,87,dB,,,Thermal Expansion Valve,,,,,
trane-symbio-700-precedent-and-axiom-rooftop-wshp-lontalk-scc,e5,Trane,Symbio™ 700 — Precedent® and Axiom™ Rooftop WSHP (LonTalk) · SCC 프로파일 (실내 쾌적 제어),WHJ150,modelNumber,packagedUnit,extracted,PKGP-PRC021C-EN_07152023.pdf,18,"Table 5. General data — 12.5 to 25 tons, high efficiency (WHJ*)",12.5 Tons,,,,,,5000,CFM,,,,,,,154000,,150000,,12.3,,17.8,,,,,,,,34.71,sq ft,3/16,,,,,,,,,,,,,,,,,,,,,,,,12.20,kW,87,dBA,,,TXV,,,,,
trane-symbio-700-precedent-and-axiom-rooftop-wshp-lontalk-scc,e5,Trane,Symbio™ 700 — Precedent® and Axiom™ Rooftop WSHP (LonTalk) · SCC 프로파일 (실내 쾌적 제어),WHJ180,modelNumber,packagedUnit,extracted,PKGP-PRC021C-EN_07152023.pdf,18,"Table 5. General data — 12.5 to 25 tons, high efficiency (WHJ*)",15 Tons,,,,,,6000,CFM,,,,,,,182000,,178000,,12.0,,17.9,,,,,,,,34.71,sq ft,3/16,,,,,,,,,,,,,,,,,,,,,,,,14.83,kW,87,dBA,,,TXV,,,,,
trane-symbio-700-precedent-and-axiom-rooftop-wshp-lontalk-scc,e5,Trane,Symbio™ 700 — Precedent® and Axiom™ Rooftop WSHP (LonTalk) · SCC 프로파일 (실내 쾌적 제어),WHJ240,modelNumber,packagedUnit,extracted,PKGP-PRC021C-EN_07152023.pdf,18,"Table 5. General data — 12.5 to 25 tons, high efficiency (WHJ*)",20 Tons,,,,,,8000,CFM,,,,,,,246000,,240000,,11.2,,17.2,,,,,,,,40.05,sq ft,3/16,,,,,,,,,,,,,,,,,,,,,,,,21.43,kW,93,dBA,,,TXV,,,,,
trane-symbio-700-precedent-and-axiom-rooftop-wshp-lontalk-scc,e5,Trane,Symbio™ 700 — Precedent® and Axiom™ Rooftop WSHP (LonTalk) · SCC 프로파일 (실내 쾌적 제어),WHJ300,modelNumber,packagedUnit,extracted,PKGP-PRC021C-EN_07152023.pdf,18,"Table 5. General data — 12.5 to 25 tons, high efficiency (WHJ*)",25 Tons,,,,,,10000,CFM,,,,,,,272000,,262000,,10.4,,16.1,,,,,,,,40.05,sq ft,3/16,,,,,,,,,,,,,,,,,,,,,,,,25.19,kW,93,dBA,,,TXV,,,,,
trane-symbio-700-precedent-and-axiom-rooftop-wshp-lontalk-scc,e5,Trane,Symbio™ 700 — Precedent® and Axiom™ Rooftop WSHP (LonTalk) · SCC 프로파일 (실내 쾌적 제어),DHJ150,modelNumber,packagedUnit,extracted,PKGP-PRC021C-EN_07152023.pdf,19,"Table 6. General data — 12.5 to 25 tons, high efficiency (DHJ*)",12.5 Tons,,,,,,5000,CFM,,,,,,,154000,,152000,,12.2,,17.6,,,,,,,,,,,,,,,,,,,,,,,,,,,,,,,,,,12.45,kW,,,,,,,,,,
trane-symbio-700-precedent-and-axiom-rooftop-wshp-lontalk-scc,e5,Trane,Symbio™ 700 — Precedent® and Axiom™ Rooftop WSHP (LonTalk) · SCC 프로파일 (실내 쾌적 제어),DHJ180,modelNumber,packagedUnit,extracted,PKGP-PRC021C-EN_07152023.pdf,19,"Table 6. General data — 12.5 to 25 tons, high efficiency (DHJ*)",15 Tons,,,,,,6000,CFM,,,,,,,182000,,178000,,11.8,,17.7,,,,,,,,,,,,,,,,,,,,,,,,,,,,,,,,,,14.83,kW,,,,,,,,,,
trane-symbio-700-precedent-and-axiom-rooftop-wshp-lontalk-scc,e5,Trane,Symbio™ 700 — Precedent® and Axiom™ Rooftop WSHP (LonTalk) · SCC 프로파일 (실내 쾌적 제어),DHJ240,modelNumber,packagedUnit,extracted,PKGP-PRC021C-EN_07152023.pdf,19,"Table 6. General data — 12.5 to 25 tons, high efficiency (DHJ*)",20 Tons,,,,,,8000,CFM,,,,,,,246000,,240000,,11.0,,17.0,,,,,,,,,,,,,,,,,,,,,,,,,,,,,,,,,,21.81,kW,,,,,,,,,,
trane-symbio-700-precedent-and-axiom-rooftop-wshp-lontalk-scc,e5,Trane,Symbio™ 700 — Precedent® and Axiom™ Rooftop WSHP (LonTalk) · SCC 프로파일 (실내 쾌적 제어),DHJ300,modelNumber,packagedUnit,extracted,PKGP-PRC021C-EN_07152023.pdf,19,"Table 6. General data — 12.5 to 25 tons, high efficiency (DHJ*)",25 Tons,,,,,,10000,CFM,,,,,,,272000,,260000,,10.2,,15.9,,,,,,,,,,,,,,,,,,,,,,,,,,,,,,,,,,25.49,kW,,,,,,,,,,
trane-symbio-800-intellicore-split-system-rauk-bacnet,e5,Trane,Symbio™ 800 — IntelliCore™ Split System (RAUK) (BACnet),RAUJ 20 Ton,capacityClass,condensingUnit,extracted,SS-PRC030L-EN_07092021.pdf,14,Table 1. General data — RAUJ condensing units,20 Tons,,,,,,,,,,,,,,,,,,,,,,100-50,%,,,,,,,,,10-10,Tons,1,,,,14600,CFM,,,,,,,,,,,,,,,,,,,,,,,,,,
trane-symbio-800-intellicore-split-system-rauk-bacnet,e5,Trane,Symbio™ 800 — IntelliCore™ Split System (RAUK) (BACnet),RAUJ 25 Ton,capacityClass,condensingUnit,extracted,SS-PRC030L-EN_07092021.pdf,14,Table 1. General data — RAUJ condensing units,25 Tons,,,,,,,,,,,,,,,,,,,,,,100-42,%,,,,,,,,,10-13.5,Tons,1,,,,20700,CFM,,,,,,,,,,,,,,,,,,,,,,,,,,
trane-symbio-800-intellicore-split-system-rauk-bacnet,e5,Trane,Symbio™ 800 — IntelliCore™ Split System (RAUK) (BACnet),RAUJ 30 Ton,capacityClass,condensingUnit,extracted,SS-PRC030L-EN_07092021.pdf,14,Table 1. General data — RAUJ condensing units,30 Tons,,,,,,,,,,,,,,,,,,,,,,100-50,%,,,,,,,,,15-15,Tons,1,,,,20700,CFM,,,,,,,,,,,,,,,,,,,,,,,,,,
trane-symbio-800-intellicore-split-system-rauk-bacnet,e5,Trane,Symbio™ 800 — IntelliCore™ Split System (RAUK) (BACnet),RAUJ 40 Ton,capacityClass,condensingUnit,extracted,SS-PRC030L-EN_07092021.pdf,14,Table 1. General data — RAUJ condensing units,40 Tons,,,,,,,,,,,,,,,,,,,,,,100-75- 50-25,%,,,,,,,,,10-10,Tons,2,,,,26790,CFM,,,,,,,,,,,,,,,,,,,,,,,,,,
trane-symbio-800-intellicore-split-system-rauk-bacnet,e5,Trane,Symbio™ 800 — IntelliCore™ Split System (RAUK) (BACnet),RAUJ 50 Ton,capacityClass,condensingUnit,extracted,SS-PRC030L-EN_07092021.pdf,14,Table 1. General data — RAUJ condensing units,50 Tons,,,,,,,,,,,,,,,,,,,,,,100-73- 46-23,%,,,,,,,,,11.5- 13.5,Tons,2,,,,36890,CFM,,,,,,,,,,,,,,,,,,,,,,,,,,
trane-symbio-800-intellicore-split-system-rauk-bacnet,e5,Trane,Symbio™ 800 — IntelliCore™ Split System (RAUK) (BACnet),RAUJ 60 Ton,capacityClass,condensingUnit,extracted,SS-PRC030L-EN_07092021.pdf,14,Table 1. General data — RAUJ condensing units,60 Tons,,,,,,,,,,,,,,,,,,,,,,100-75- 50-25,%,,,,,,,,,15-15,Tons,2,,,,40490,CFM,,,,,,,,,,,,,,,,,,,,,,,,,,
trane-symbio-800-intellicore-split-system-rauk-bacnet,e5,Trane,Symbio™ 800 — IntelliCore™ Split System (RAUK) (BACnet),RAUJ 80 Ton,capacityClass,condensingUnit,extracted,SS-PRC030L-EN_07092021.pdf,14,Table 1. General data — RAUJ condensing units,80 Tons,,,,,,,,,,,,,,,,,,,,,,100-83- 66-50- 33-17,%,,,,,,,,,15-15- 15,Tons,2,,,,56490,CFM,,,,,,,,,,,,,,,,,,,,,,,,,,
trane-symbio-800-intellicore-split-system-rauk-bacnet,e5,Trane,Symbio™ 800 — IntelliCore™ Split System (RAUK) (BACnet),RAUJ 100 Ton,capacityClass,condensingUnit,extracted,SS-PRC030L-EN_07092021.pdf,14,Table 1. General data — RAUJ condensing units,100 Tons,,,,,,,,,,,,,,,,,,,,,,100-80- 60-45- 30-15,%,,,,,,,,,15-15- 20,Tons,2,,,,73890,CFM,,,,,,,,,,,,,,,,,,,,,,,,,,
trane-symbio-800-intellicore-split-system-rauk-bacnet,e5,Trane,Symbio™ 800 — IntelliCore™ Split System (RAUK) (BACnet),RAUJ 120 Ton,capacityClass,condensingUnit,extracted,SS-PRC030L-EN_07092021.pdf,14,Table 1. General data — RAUJ condensing units,120 Tons,,,,,,,,,,,,,,,,,,,,,,100-83- 66-50- 33-17,%,,,,,,,,,20-20- 20,Tons,2,,,,76280,CFM,,,,,,,,,,,,,,,,,,,,,,,,,,
trane-symbio-800-intellipak-lontalk-dac,e5,Trane,Symbio™ 800 — IntelliPak (LonTalk) · DAC 프로파일 (급기 제어),IntelliPak 20 Ton,capacityClass,packagedUnit,extracted,RT-PRC086F-EN_05282020.pdf,15,Table 1. General data — 20 to 50 ton,20 Tons,,,,,,"4,000 - 9,000",CFM,,,,,,,,,,,,,,,100/75/38/25,%,,,,,,,,,"1/5, 2/7.5",,1,,"2/30""/Prop",,,,,,,,,,,,,,,,,,,,,,,,,,,,,
trane-symbio-800-intellipak-lontalk-dac,e5,Trane,Symbio™ 800 — IntelliPak (LonTalk) · DAC 프로파일 (급기 제어),IntelliPak 25 Ton,capacityClass,packagedUnit,extracted,RT-PRC086F-EN_05282020.pdf,15,Table 1. General data — 20 to 50 ton,25 Tons,,,,,,"5,000 - 11,250",CFM,,,,,,,,,,,,,,,100/63/25,%,,,,,,,,,"1/6, 2/9",,1,,"2/30""/Prop",,,,,,,,,,,,,,,,,,,,,,,,,,,,,
trane-symbio-800-intellipak-lontalk-dac,e5,Trane,Symbio™ 800 — IntelliPak (LonTalk) · DAC 프로파일 (급기 제어),IntelliPak 30 Ton,capacityClass,packagedUnit,extracted,RT-PRC086F-EN_05282020.pdf,15,Table 1. General data — 20 to 50 ton,30 Tons,,,,,,"6,000 - 14,000",CFM,,,,,,,,,,,,,,,100/62/24,%,,,,,,,,,"1/6, 2/10",,1,,"2/30""/Prop",,,,,,,,,,,,,,,,,,,,,,,,,,,,,
trane-symbio-800-intellipak-lontalk-dac,e5,Trane,Symbio™ 800 — IntelliPak (LonTalk) · DAC 프로파일 (급기 제어),IntelliPak 40 Ton,capacityClass,packagedUnit,extracted,RT-PRC086F-EN_05282020.pdf,15,Table 1. General data — 20 to 50 ton,40 Tons,,,,,,"8,000 - 18,000",CFM,,,,,,,,,,,,,,,100/75/50/25,%,,,,,,,,,4/9,,2,,"4/30""/Prop",,,,,,,,,,,,,,,,,,,,,,,,,,,,,
trane-symbio-800-intellipak-lontalk-dac,e5,Trane,Symbio™ 800 — IntelliPak (LonTalk) · DAC 프로파일 (급기 제어),IntelliPak 50 Ton,capacityClass,packagedUnit,extracted,RT-PRC086F-EN_05282020.pdf,15,Table 1. General data — 20 to 50 ton,50 Tons,,,,,,"10,000 - 22,500",CFM,,,,,,,,,,,,,,,100/73/50/23,%,,,,,,,,,"2/10.5, 2/11.5",,2,,"4/30""/Prop",,,,,,,,,,,,,,,,,,,,,,,,,,,,,
trane-symbio-800-intellipak-lontalk-dac,e5,Trane,Symbio™ 800 — IntelliPak (LonTalk) · DAC 프로파일 (급기 제어),IntelliPak 55 Ton,capacityClass,packagedUnit,extracted,RT-PRC086F-EN_05282020.pdf,17,Table 2. General data — 55 to 75 ton,55 Tons,,,,,,"11,000 - 24,750",CFM,,,,,,,,,,,,,,,100/75/50/25,%,,,,,,,,,4/11.5,,2,,"4/30""/Prop",,,,,,,,,,,,,,,,,,,,,,,,,,,,,
trane-symbio-800-intellipak-lontalk-dac,e5,Trane,Symbio™ 800 — IntelliPak (LonTalk) · DAC 프로파일 (급기 제어),IntelliPak 60 Ton,capacityClass,packagedUnit,extracted,RT-PRC086F-EN_05282020.pdf,17,Table 2. General data — 55 to 75 ton,60 Tons,,,,,,"12,000 - 27,000",CFM,,,,,,,,,,,,,,,100/73/50/23,%,,,,,,,,,"2/13.5, 2/15",,2,,"6/26""/Prop",,,,,,,,,,,,,,,,,,,,,,,,,,,,,
trane-symbio-800-intellipak-lontalk-dac,e5,Trane,Symbio™ 800 — IntelliPak (LonTalk) · DAC 프로파일 (급기 제어),IntelliPak 70 Ton,capacityClass,packagedUnit,extracted,RT-PRC086F-EN_05282020.pdf,17,Table 2. General data — 55 to 75 ton,70 Tons,,,,,,"14,000 - 30,000",CFM,,,,,,,,,,,,,,,100/75/50/25,%,,,,,,,,,4/15,,2,,"6/26""/Prop",,,,,,,,,,,,,,,,,,,,,,,,,,,,,
trane-symbio-800-intellipak-lontalk-dac,e5,Trane,Symbio™ 800 — IntelliPak (LonTalk) · DAC 프로파일 (급기 제어),IntelliPak 75 Ton,capacityClass,packagedUnit,extracted,RT-PRC086F-EN_05282020.pdf,17,Table 2. General data — 55 to 75 ton,75 Tons,,,,,,"15,000 - 30,000",CFM,,,,,,,,,,,,,,,100/75/50/25,%,,,,,,,,,4/15,,2,,"6/26""/Prop",,,,,,,,,,,,,,,,,,,,,,,,,,,,,
trane-symbio-800-intellipak-lontalk-scc,e5,Trane,Symbio™ 800 — IntelliPak (LonTalk) · SCC 프로파일 (실내 쾌적 제어),IntelliPak 20 Ton,capacityClass,packagedUnit,extracted,RT-PRC086F-EN_05282020.pdf,15,Table 1. General data — 20 to 50 ton,20 Tons,,,,,,"4,000 - 9,000",CFM,,,,,,,,,,,,,,,100/75/38/25,%,,,,,,,,,"1/5, 2/7.5",,1,,"2/30""/Prop",,,,,,,,,,,,,,,,,,,,,,,,,,,,,
trane-symbio-800-intellipak-lontalk-scc,e5,Trane,Symbio™ 800 — IntelliPak (LonTalk) · SCC 프로파일 (실내 쾌적 제어),IntelliPak 25 Ton,capacityClass,packagedUnit,extracted,RT-PRC086F-EN_05282020.pdf,15,Table 1. General data — 20 to 50 ton,25 Tons,,,,,,"5,000 - 11,250",CFM,,,,,,,,,,,,,,,100/63/25,%,,,,,,,,,"1/6, 2/9",,1,,"2/30""/Prop",,,,,,,,,,,,,,,,,,,,,,,,,,,,,
trane-symbio-800-intellipak-lontalk-scc,e5,Trane,Symbio™ 800 — IntelliPak (LonTalk) · SCC 프로파일 (실내 쾌적 제어),IntelliPak 30 Ton,capacityClass,packagedUnit,extracted,RT-PRC086F-EN_05282020.pdf,15,Table 1. General data — 20 to 50 ton,30 Tons,,,,,,"6,000 - 14,000",CFM,,,,,,,,,,,,,,,100/62/24,%,,,,,,,,,"1/6, 2/10",,1,,"2/30""/Prop",,,,,,,,,,,,,,,,,,,,,,,,,,,,,
trane-symbio-800-intellipak-lontalk-scc,e5,Trane,Symbio™ 800 — IntelliPak (LonTalk) · SCC 프로파일 (실내 쾌적 제어),IntelliPak 40 Ton,capacityClass,packagedUnit,extracted,RT-PRC086F-EN_05282020.pdf,15,Table 1. General data — 20 to 50 ton,40 Tons,,,,,,"8,000 - 18,000",CFM,,,,,,,,,,,,,,,100/75/50/25,%,,,,,,,,,4/9,,2,,"4/30""/Prop",,,,,,,,,,,,,,,,,,,,,,,,,,,,,
trane-symbio-800-intellipak-lontalk-scc,e5,Trane,Symbio™ 800 — IntelliPak (LonTalk) · SCC 프로파일 (실내 쾌적 제어),IntelliPak 50 Ton,capacityClass,packagedUnit,extracted,RT-PRC086F-EN_05282020.pdf,15,Table 1. General data — 20 to 50 ton,50 Tons,,,,,,"10,000 - 22,500",CFM,,,,,,,,,,,,,,,100/73/50/23,%,,,,,,,,,"2/10.5, 2/11.5",,2,,"4/30""/Prop",,,,,,,,,,,,,,,,,,,,,,,,,,,,,
trane-symbio-800-intellipak-lontalk-scc,e5,Trane,Symbio™ 800 — IntelliPak (LonTalk) · SCC 프로파일 (실내 쾌적 제어),IntelliPak 55 Ton,capacityClass,packagedUnit,extracted,RT-PRC086F-EN_05282020.pdf,17,Table 2. General data — 55 to 75 ton,55 Tons,,,,,,"11,000 - 24,750",CFM,,,,,,,,,,,,,,,100/75/50/25,%,,,,,,,,,4/11.5,,2,,"4/30""/Prop",,,,,,,,,,,,,,,,,,,,,,,,,,,,,
trane-symbio-800-intellipak-lontalk-scc,e5,Trane,Symbio™ 800 — IntelliPak (LonTalk) · SCC 프로파일 (실내 쾌적 제어),IntelliPak 60 Ton,capacityClass,packagedUnit,extracted,RT-PRC086F-EN_05282020.pdf,17,Table 2. General data — 55 to 75 ton,60 Tons,,,,,,"12,000 - 27,000",CFM,,,,,,,,,,,,,,,100/73/50/23,%,,,,,,,,,"2/13.5, 2/15",,2,,"6/26""/Prop",,,,,,,,,,,,,,,,,,,,,,,,,,,,,
trane-symbio-800-intellipak-lontalk-scc,e5,Trane,Symbio™ 800 — IntelliPak (LonTalk) · SCC 프로파일 (실내 쾌적 제어),IntelliPak 70 Ton,capacityClass,packagedUnit,extracted,RT-PRC086F-EN_05282020.pdf,17,Table 2. General data — 55 to 75 ton,70 Tons,,,,,,"14,000 - 30,000",CFM,,,,,,,,,,,,,,,100/75/50/25,%,,,,,,,,,4/15,,2,,"6/26""/Prop",,,,,,,,,,,,,,,,,,,,,,,,,,,,,
trane-symbio-800-intellipak-lontalk-scc,e5,Trane,Symbio™ 800 — IntelliPak (LonTalk) · SCC 프로파일 (실내 쾌적 제어),IntelliPak 75 Ton,capacityClass,packagedUnit,extracted,RT-PRC086F-EN_05282020.pdf,17,Table 2. General data — 55 to 75 ton,75 Tons,,,,,,"15,000 - 30,000",CFM,,,,,,,,,,,,,,,100/75/50/25,%,,,,,,,,,4/15,,2,,"6/26""/Prop",,,,,,,,,,,,,,,,,,,,,,,,,,,,,
