modelId,equipId,vendor,model,unitModelNumber,unitNumberKind,unitRole,status,sourceFile,sourcePage,sourceTable,fieldId,fieldKo,value,unit
aaon-vccx2-rn-rq-series-rooftop-bacnet,e5,AAON,VCCX2 — RN/RQ Series Rooftop (BACnet),RN-006,modelNumber,packagedUnit,extracted,AAON_RN_Series_Brochure.pdf#cabinets,7,General data — RN Series cabinets (brochure text),airflowConfiguration,기류 구성,Vertical,
aaon-vccx2-rn-rq-series-rooftop-bacnet,e5,AAON,VCCX2 — RN/RQ Series Rooftop (BACnet),RN-006,modelNumber,packagedUnit,extracted,AAON_RN_Series_Brochure.pdf#cabinets,7,General data — RN Series cabinets (brochure text),cabinetSize,캐비닛,A,
aaon-vccx2-rn-rq-series-rooftop-bacnet,e5,AAON,VCCX2 — RN/RQ Series Rooftop (BACnet),RN-006,modelNumber,packagedUnit,extracted,AAON_RN_Series_Brochure.pdf#cabinets,7,General data — RN Series cabinets (brochure text),capacityClass,용량대,6 Tons,
aaon-vccx2-rn-rq-series-rooftop-bacnet,e5,AAON,VCCX2 — RN/RQ Series Rooftop (BACnet),RN-006,modelNumber,packagedUnit,extracted,AAON_RN_Series_Brochure.pdf#cabinets,7,General data — RN Series cabinets (brochure text),eer,EER,Up to 13.2,
aaon-vccx2-rn-rq-series-rooftop-bacnet,e5,AAON,VCCX2 — RN/RQ Series Rooftop (BACnet),RN-006,modelNumber,packagedUnit,extracted,AAON_RN_Series_Brochure.pdf#cabinets,7,General data — RN Series cabinets (brochure text),ieer,IEER,Up to 22.5,
aaon-vccx2-rn-rq-series-rooftop-bacnet,e5,AAON,VCCX2 — RN/RQ Series Rooftop (BACnet),RN-006,modelNumber,packagedUnit,extracted,AAON_RN_Series_Brochure.pdf#cabinets,7,General data — RN Series cabinets (brochure text),ratedAirflow,정격 풍량,"2,000",CFM
aaon-vccx2-rn-rq-series-rooftop-bacnet,e5,AAON,VCCX2 — RN/RQ Series Rooftop (BACnet),RN-007,modelNumber,packagedUnit,extracted,AAON_RN_Series_Brochure.pdf#cabinets,7,General data — RN Series cabinets (brochure text),airflowConfiguration,기류 구성,Vertical,
aaon-vccx2-rn-rq-series-rooftop-bacnet,e5,AAON,VCCX2 — RN/RQ Series Rooftop (BACnet),RN-007,modelNumber,packagedUnit,extracted,AAON_RN_Series_Brochure.pdf#cabinets,7,General data — RN Series cabinets (brochure text),cabinetSize,캐비닛,A,
aaon-vccx2-rn-rq-series-rooftop-bacnet,e5,AAON,VCCX2 — RN/RQ Series Rooftop (BACnet),RN-007,modelNumber,packagedUnit,extracted,AAON_RN_Series_Brochure.pdf#cabinets,7,General data — RN Series cabinets (brochure text),capacityClass,용량대,7 Tons,
aaon-vccx2-rn-rq-series-rooftop-bacnet,e5,AAON,VCCX2 — RN/RQ Series Rooftop (BACnet),RN-007,modelNumber,packagedUnit,extracted,AAON_RN_Series_Brochure.pdf#cabinets,7,General data — RN Series cabinets (brochure text),eer,EER,Up to 13.2,
aaon-vccx2-rn-rq-series-rooftop-bacnet,e5,AAON,VCCX2 — RN/RQ Series Rooftop (BACnet),RN-007,modelNumber,packagedUnit,extracted,AAON_RN_Series_Brochure.pdf#cabinets,7,General data — RN Series cabinets (brochure text),ieer,IEER,Up to 22.5,
aaon-vccx2-rn-rq-series-rooftop-bacnet,e5,AAON,VCCX2 — RN/RQ Series Rooftop (BACnet),RN-007,modelNumber,packagedUnit,extracted,AAON_RN_Series_Brochure.pdf#cabinets,7,General data — RN Series cabinets (brochure text),ratedAirflow,정격 풍량,"2,500",CFM
aaon-vccx2-rn-rq-series-rooftop-bacnet,e5,AAON,VCCX2 — RN/RQ Series Rooftop (BACnet),RN-008,modelNumber,packagedUnit,extracted,AAON_RN_Series_Brochure.pdf#cabinets,7,General data — RN Series cabinets (brochure text),airflowConfiguration,기류 구성,Vertical,
aaon-vccx2-rn-rq-series-rooftop-bacnet,e5,AAON,VCCX2 — RN/RQ Series Rooftop (BACnet),RN-008,modelNumber,packagedUnit,extracted,AAON_RN_Series_Brochure.pdf#cabinets,7,General data — RN Series cabinets (brochure text),cabinetSize,캐비닛,A,
aaon-vccx2-rn-rq-series-rooftop-bacnet,e5,AAON,VCCX2 — RN/RQ Series Rooftop (BACnet),RN-008,modelNumber,packagedUnit,extracted,AAON_RN_Series_Brochure.pdf#cabinets,7,General data — RN Series cabinets (brochure text),capacityClass,용량대,8 Tons,
aaon-vccx2-rn-rq-series-rooftop-bacnet,e5,AAON,VCCX2 — RN/RQ Series Rooftop (BACnet),RN-008,modelNumber,packagedUnit,extracted,AAON_RN_Series_Brochure.pdf#cabinets,7,General data — RN Series cabinets (brochure text),eer,EER,Up to 13.2,
aaon-vccx2-rn-rq-series-rooftop-bacnet,e5,AAON,VCCX2 — RN/RQ Series Rooftop (BACnet),RN-008,modelNumber,packagedUnit,extracted,AAON_RN_Series_Brochure.pdf#cabinets,7,General data — RN Series cabinets (brochure text),ieer,IEER,Up to 22.5,
aaon-vccx2-rn-rq-series-rooftop-bacnet,e5,AAON,VCCX2 — RN/RQ Series Rooftop (BACnet),RN-008,modelNumber,packagedUnit,extracted,AAON_RN_Series_Brochure.pdf#cabinets,7,General data — RN Series cabinets (brochure text),ratedAirflow,정격 풍량,"2,650",CFM
aaon-vccx2-rn-rq-series-rooftop-bacnet,e5,AAON,VCCX2 — RN/RQ Series Rooftop (BACnet),RN-010,modelNumber,packagedUnit,extracted,AAON_RN_Series_Brochure.pdf#cabinets,7,General data — RN Series cabinets (brochure text),airflowConfiguration,기류 구성,Vertical,
aaon-vccx2-rn-rq-series-rooftop-bacnet,e5,AAON,VCCX2 — RN/RQ Series Rooftop (BACnet),RN-010,modelNumber,packagedUnit,extracted,AAON_RN_Series_Brochure.pdf#cabinets,7,General data — RN Series cabinets (brochure text),cabinetSize,캐비닛,A,
aaon-vccx2-rn-rq-series-rooftop-bacnet,e5,AAON,VCCX2 — RN/RQ Series Rooftop (BACnet),RN-010,modelNumber,packagedUnit,extracted,AAON_RN_Series_Brochure.pdf#cabinets,7,General data — RN Series cabinets (brochure text),capacityClass,용량대,10 Tons,
aaon-vccx2-rn-rq-series-rooftop-bacnet,e5,AAON,VCCX2 — RN/RQ Series Rooftop (BACnet),RN-010,modelNumber,packagedUnit,extracted,AAON_RN_Series_Brochure.pdf#cabinets,7,General data — RN Series cabinets (brochure text),eer,EER,Up to 13.2,
aaon-vccx2-rn-rq-series-rooftop-bacnet,e5,AAON,VCCX2 — RN/RQ Series Rooftop (BACnet),RN-010,modelNumber,packagedUnit,extracted,AAON_RN_Series_Brochure.pdf#cabinets,7,General data — RN Series cabinets (brochure text),ieer,IEER,Up to 22.5,
aaon-vccx2-rn-rq-series-rooftop-bacnet,e5,AAON,VCCX2 — RN/RQ Series Rooftop (BACnet),RN-010,modelNumber,packagedUnit,extracted,AAON_RN_Series_Brochure.pdf#cabinets,7,General data — RN Series cabinets (brochure text),ratedAirflow,정격 풍량,"3,000",CFM
aaon-vccx2-rn-rq-series-rooftop-bacnet,e5,AAON,VCCX2 — RN/RQ Series Rooftop (BACnet),RN-009,modelNumber,packagedUnit,extracted,AAON_RN_Series_Brochure.pdf#cabinets,7,General data — RN Series cabinets (brochure text),airflowConfiguration,기류 구성,Vertical,
aaon-vccx2-rn-rq-series-rooftop-bacnet,e5,AAON,VCCX2 — RN/RQ Series Rooftop (BACnet),RN-009,modelNumber,packagedUnit,extracted,AAON_RN_Series_Brochure.pdf#cabinets,7,General data — RN Series cabinets (brochure text),cabinetSize,캐비닛,B,
aaon-vccx2-rn-rq-series-rooftop-bacnet,e5,AAON,VCCX2 — RN/RQ Series Rooftop (BACnet),RN-009,modelNumber,packagedUnit,extracted,AAON_RN_Series_Brochure.pdf#cabinets,7,General data — RN Series cabinets (brochure text),capacityClass,용량대,9 Tons,
aaon-vccx2-rn-rq-series-rooftop-bacnet,e5,AAON,VCCX2 — RN/RQ Series Rooftop (BACnet),RN-009,modelNumber,packagedUnit,extracted,AAON_RN_Series_Brochure.pdf#cabinets,7,General data — RN Series cabinets (brochure text),eer,EER,Up to 13.9,
aaon-vccx2-rn-rq-series-rooftop-bacnet,e5,AAON,VCCX2 — RN/RQ Series Rooftop (BACnet),RN-009,modelNumber,packagedUnit,extracted,AAON_RN_Series_Brochure.pdf#cabinets,7,General data — RN Series cabinets (brochure text),ieer,IEER,Up to 19.9,
aaon-vccx2-rn-rq-series-rooftop-bacnet,e5,AAON,VCCX2 — RN/RQ Series Rooftop (BACnet),RN-009,modelNumber,packagedUnit,extracted,AAON_RN_Series_Brochure.pdf#cabinets,7,General data — RN Series cabinets (brochure text),ratedAirflow,정격 풍량,"3,400",CFM
aaon-vccx2-rn-rq-series-rooftop-bacnet,e5,AAON,VCCX2 — RN/RQ Series Rooftop (BACnet),RN-011,modelNumber,packagedUnit,extracted,AAON_RN_Series_Brochure.pdf#cabinets,7,General data — RN Series cabinets (brochure text),airflowConfiguration,기류 구성,Vertical,
aaon-vccx2-rn-rq-series-rooftop-bacnet,e5,AAON,VCCX2 — RN/RQ Series Rooftop (BACnet),RN-011,modelNumber,packagedUnit,extracted,AAON_RN_Series_Brochure.pdf#cabinets,7,General data — RN Series cabinets (brochure text),cabinetSize,캐비닛,B,
aaon-vccx2-rn-rq-series-rooftop-bacnet,e5,AAON,VCCX2 — RN/RQ Series Rooftop (BACnet),RN-011,modelNumber,packagedUnit,extracted,AAON_RN_Series_Brochure.pdf#cabinets,7,General data — RN Series cabinets (brochure text),capacityClass,용량대,11 Tons,
aaon-vccx2-rn-rq-series-rooftop-bacnet,e5,AAON,VCCX2 — RN/RQ Series Rooftop (BACnet),RN-011,modelNumber,packagedUnit,extracted,AAON_RN_Series_Brochure.pdf#cabinets,7,General data — RN Series cabinets (brochure text),eer,EER,Up to 13.9,
aaon-vccx2-rn-rq-series-rooftop-bacnet,e5,AAON,VCCX2 — RN/RQ Series Rooftop (BACnet),RN-011,modelNumber,packagedUnit,extracted,AAON_RN_Series_Brochure.pdf#cabinets,7,General data — RN Series cabinets (brochure text),ieer,IEER,Up to 19.9,
aaon-vccx2-rn-rq-series-rooftop-bacnet,e5,AAON,VCCX2 — RN/RQ Series Rooftop (BACnet),RN-011,modelNumber,packagedUnit,extracted,AAON_RN_Series_Brochure.pdf#cabinets,7,General data — RN Series cabinets (brochure text),ratedAirflow,정격 풍량,"3,600",CFM
aaon-vccx2-rn-rq-series-rooftop-bacnet,e5,AAON,VCCX2 — RN/RQ Series Rooftop (BACnet),RN-013,modelNumber,packagedUnit,extracted,AAON_RN_Series_Brochure.pdf#cabinets,7,General data — RN Series cabinets (brochure text),airflowConfiguration,기류 구성,Vertical,
aaon-vccx2-rn-rq-series-rooftop-bacnet,e5,AAON,VCCX2 — RN/RQ Series Rooftop (BACnet),RN-013,modelNumber,packagedUnit,extracted,AAON_RN_Series_Brochure.pdf#cabinets,7,General data — RN Series cabinets (brochure text),cabinetSize,캐비닛,B,
aaon-vccx2-rn-rq-series-rooftop-bacnet,e5,AAON,VCCX2 — RN/RQ Series Rooftop (BACnet),RN-013,modelNumber,packagedUnit,extracted,AAON_RN_Series_Brochure.pdf#cabinets,7,General data — RN Series cabinets (brochure text),capacityClass,용량대,13 Tons,
aaon-vccx2-rn-rq-series-rooftop-bacnet,e5,AAON,VCCX2 — RN/RQ Series Rooftop (BACnet),RN-013,modelNumber,packagedUnit,extracted,AAON_RN_Series_Brochure.pdf#cabinets,7,General data — RN Series cabinets (brochure text),eer,EER,Up to 13.9,
aaon-vccx2-rn-rq-series-rooftop-bacnet,e5,AAON,VCCX2 — RN/RQ Series Rooftop (BACnet),RN-013,modelNumber,packagedUnit,extracted,AAON_RN_Series_Brochure.pdf#cabinets,7,General data — RN Series cabinets (brochure text),ieer,IEER,Up to 19.9,
aaon-vccx2-rn-rq-series-rooftop-bacnet,e5,AAON,VCCX2 — RN/RQ Series Rooftop (BACnet),RN-013,modelNumber,packagedUnit,extracted,AAON_RN_Series_Brochure.pdf#cabinets,7,General data — RN Series cabinets (brochure text),ratedAirflow,정격 풍량,"3,800",CFM
aaon-vccx2-rn-rq-series-rooftop-bacnet,e5,AAON,VCCX2 — RN/RQ Series Rooftop (BACnet),RN-015,modelNumber,packagedUnit,extracted,AAON_RN_Series_Brochure.pdf#cabinets,7,General data — RN Series cabinets (brochure text),airflowConfiguration,기류 구성,Vertical,
aaon-vccx2-rn-rq-series-rooftop-bacnet,e5,AAON,VCCX2 — RN/RQ Series Rooftop (BACnet),RN-015,modelNumber,packagedUnit,extracted,AAON_RN_Series_Brochure.pdf#cabinets,7,General data — RN Series cabinets (brochure text),cabinetSize,캐비닛,B,
aaon-vccx2-rn-rq-series-rooftop-bacnet,e5,AAON,VCCX2 — RN/RQ Series Rooftop (BACnet),RN-015,modelNumber,packagedUnit,extracted,AAON_RN_Series_Brochure.pdf#cabinets,7,General data — RN Series cabinets (brochure text),capacityClass,용량대,15 Tons,
aaon-vccx2-rn-rq-series-rooftop-bacnet,e5,AAON,VCCX2 — RN/RQ Series Rooftop (BACnet),RN-015,modelNumber,packagedUnit,extracted,AAON_RN_Series_Brochure.pdf#cabinets,7,General data — RN Series cabinets (brochure text),eer,EER,Up to 13.9,
aaon-vccx2-rn-rq-series-rooftop-bacnet,e5,AAON,VCCX2 — RN/RQ Series Rooftop (BACnet),RN-015,modelNumber,packagedUnit,extracted,AAON_RN_Series_Brochure.pdf#cabinets,7,General data — RN Series cabinets (brochure text),ieer,IEER,Up to 19.9,
aaon-vccx2-rn-rq-series-rooftop-bacnet,e5,AAON,VCCX2 — RN/RQ Series Rooftop (BACnet),RN-015,modelNumber,packagedUnit,extracted,AAON_RN_Series_Brochure.pdf#cabinets,7,General data — RN Series cabinets (brochure text),ratedAirflow,정격 풍량,"4,200",CFM
aaon-vccx2-rn-rq-series-rooftop-bacnet,e5,AAON,VCCX2 — RN/RQ Series Rooftop (BACnet),RN-014,modelNumber,packagedUnit,extracted,AAON_RN_Series_Brochure.pdf#cabinets,7,General data — RN Series cabinets (brochure text),airflowConfiguration,기류 구성,Vertical,
aaon-vccx2-rn-rq-series-rooftop-bacnet,e5,AAON,VCCX2 — RN/RQ Series Rooftop (BACnet),RN-014,modelNumber,packagedUnit,extracted,AAON_RN_Series_Brochure.pdf#cabinets,7,General data — RN Series cabinets (brochure text),cabinetSize,캐비닛,C,
aaon-vccx2-rn-rq-series-rooftop-bacnet,e5,AAON,VCCX2 — RN/RQ Series Rooftop (BACnet),RN-014,modelNumber,packagedUnit,extracted,AAON_RN_Series_Brochure.pdf#cabinets,7,General data — RN Series cabinets (brochure text),capacityClass,용량대,14 Tons,
aaon-vccx2-rn-rq-series-rooftop-bacnet,e5,AAON,VCCX2 — RN/RQ Series Rooftop (BACnet),RN-014,modelNumber,packagedUnit,extracted,AAON_RN_Series_Brochure.pdf#cabinets,7,General data — RN Series cabinets (brochure text),eer,EER,Up to 12.5,
aaon-vccx2-rn-rq-series-rooftop-bacnet,e5,AAON,VCCX2 — RN/RQ Series Rooftop (BACnet),RN-014,modelNumber,packagedUnit,extracted,AAON_RN_Series_Brochure.pdf#cabinets,7,General data — RN Series cabinets (brochure text),ieer,IEER,Up to 22.5,
aaon-vccx2-rn-rq-series-rooftop-bacnet,e5,AAON,VCCX2 — RN/RQ Series Rooftop (BACnet),RN-014,modelNumber,packagedUnit,extracted,AAON_RN_Series_Brochure.pdf#cabinets,7,General data — RN Series cabinets (brochure text),ratedAirflow,정격 풍량,"5,200",CFM
aaon-vccx2-rn-rq-series-rooftop-bacnet,e5,AAON,VCCX2 — RN/RQ Series Rooftop (BACnet),RN-016,modelNumber,packagedUnit,extracted,AAON_RN_Series_Brochure.pdf#cabinets,7,General data — RN Series cabinets (brochure text),airflowConfiguration,기류 구성,Vertical,
aaon-vccx2-rn-rq-series-rooftop-bacnet,e5,AAON,VCCX2 — RN/RQ Series Rooftop (BACnet),RN-016,modelNumber,packagedUnit,extracted,AAON_RN_Series_Brochure.pdf#cabinets,7,General data — RN Series cabinets (brochure text),cabinetSize,캐비닛,C,
aaon-vccx2-rn-rq-series-rooftop-bacnet,e5,AAON,VCCX2 — RN/RQ Series Rooftop (BACnet),RN-016,modelNumber,packagedUnit,extracted,AAON_RN_Series_Brochure.pdf#cabinets,7,General data — RN Series cabinets (brochure text),capacityClass,용량대,16 Tons,
aaon-vccx2-rn-rq-series-rooftop-bacnet,e5,AAON,VCCX2 — RN/RQ Series Rooftop (BACnet),RN-016,modelNumber,packagedUnit,extracted,AAON_RN_Series_Brochure.pdf#cabinets,7,General data — RN Series cabinets (brochure text),eer,EER,Up to 12.5,
aaon-vccx2-rn-rq-series-rooftop-bacnet,e5,AAON,VCCX2 — RN/RQ Series Rooftop (BACnet),RN-016,modelNumber,packagedUnit,extracted,AAON_RN_Series_Brochure.pdf#cabinets,7,General data — RN Series cabinets (brochure text),ieer,IEER,Up to 22.5,
aaon-vccx2-rn-rq-series-rooftop-bacnet,e5,AAON,VCCX2 — RN/RQ Series Rooftop (BACnet),RN-016,modelNumber,packagedUnit,extracted,AAON_RN_Series_Brochure.pdf#cabinets,7,General data — RN Series cabinets (brochure text),ratedAirflow,정격 풍량,"6,400",CFM
aaon-vccx2-rn-rq-series-rooftop-bacnet,e5,AAON,VCCX2 — RN/RQ Series Rooftop (BACnet),RN-018,modelNumber,packagedUnit,extracted,AAON_RN_Series_Brochure.pdf#cabinets,7,General data — RN Series cabinets (brochure text),airflowConfiguration,기류 구성,Vertical,
aaon-vccx2-rn-rq-series-rooftop-bacnet,e5,AAON,VCCX2 — RN/RQ Series Rooftop (BACnet),RN-018,modelNumber,packagedUnit,extracted,AAON_RN_Series_Brochure.pdf#cabinets,7,General data — RN Series cabinets (brochure text),cabinetSize,캐비닛,C,
aaon-vccx2-rn-rq-series-rooftop-bacnet,e5,AAON,VCCX2 — RN/RQ Series Rooftop (BACnet),RN-018,modelNumber,packagedUnit,extracted,AAON_RN_Series_Brochure.pdf#cabinets,7,General data — RN Series cabinets (brochure text),capacityClass,용량대,18 Tons,
aaon-vccx2-rn-rq-series-rooftop-bacnet,e5,AAON,VCCX2 — RN/RQ Series Rooftop (BACnet),RN-018,modelNumber,packagedUnit,extracted,AAON_RN_Series_Brochure.pdf#cabinets,7,General data — RN Series cabinets (brochure text),eer,EER,Up to 12.5,
aaon-vccx2-rn-rq-series-rooftop-bacnet,e5,AAON,VCCX2 — RN/RQ Series Rooftop (BACnet),RN-018,modelNumber,packagedUnit,extracted,AAON_RN_Series_Brochure.pdf#cabinets,7,General data — RN Series cabinets (brochure text),ieer,IEER,Up to 22.5,
aaon-vccx2-rn-rq-series-rooftop-bacnet,e5,AAON,VCCX2 — RN/RQ Series Rooftop (BACnet),RN-018,modelNumber,packagedUnit,extracted,AAON_RN_Series_Brochure.pdf#cabinets,7,General data — RN Series cabinets (brochure text),ratedAirflow,정격 풍량,"6,800",CFM
aaon-vccx2-rn-rq-series-rooftop-bacnet,e5,AAON,VCCX2 — RN/RQ Series Rooftop (BACnet),RN-020,modelNumber,packagedUnit,extracted,AAON_RN_Series_Brochure.pdf#cabinets,7,General data — RN Series cabinets (brochure text),airflowConfiguration,기류 구성,Vertical,
aaon-vccx2-rn-rq-series-rooftop-bacnet,e5,AAON,VCCX2 — RN/RQ Series Rooftop (BACnet),RN-020,modelNumber,packagedUnit,extracted,AAON_RN_Series_Brochure.pdf#cabinets,7,General data — RN Series cabinets (brochure text),cabinetSize,캐비닛,C,
aaon-vccx2-rn-rq-series-rooftop-bacnet,e5,AAON,VCCX2 — RN/RQ Series Rooftop (BACnet),RN-020,modelNumber,packagedUnit,extracted,AAON_RN_Series_Brochure.pdf#cabinets,7,General data — RN Series cabinets (brochure text),capacityClass,용량대,20 Tons,
aaon-vccx2-rn-rq-series-rooftop-bacnet,e5,AAON,VCCX2 — RN/RQ Series Rooftop (BACnet),RN-020,modelNumber,packagedUnit,extracted,AAON_RN_Series_Brochure.pdf#cabinets,7,General data — RN Series cabinets (brochure text),eer,EER,Up to 12.5,
aaon-vccx2-rn-rq-series-rooftop-bacnet,e5,AAON,VCCX2 — RN/RQ Series Rooftop (BACnet),RN-020,modelNumber,packagedUnit,extracted,AAON_RN_Series_Brochure.pdf#cabinets,7,General data — RN Series cabinets (brochure text),ieer,IEER,Up to 22.5,
aaon-vccx2-rn-rq-series-rooftop-bacnet,e5,AAON,VCCX2 — RN/RQ Series Rooftop (BACnet),RN-020,modelNumber,packagedUnit,extracted,AAON_RN_Series_Brochure.pdf#cabinets,7,General data — RN Series cabinets (brochure text),ratedAirflow,정격 풍량,"7,000",CFM
aaon-vccx2-rn-rq-series-rooftop-bacnet,e5,AAON,VCCX2 — RN/RQ Series Rooftop (BACnet),RN-025,modelNumber,packagedUnit,extracted,AAON_RN_Series_Brochure.pdf#cabinets,7,General data — RN Series cabinets (brochure text),airflowConfiguration,기류 구성,Vertical,
aaon-vccx2-rn-rq-series-rooftop-bacnet,e5,AAON,VCCX2 — RN/RQ Series Rooftop (BACnet),RN-025,modelNumber,packagedUnit,extracted,AAON_RN_Series_Brochure.pdf#cabinets,7,General data — RN Series cabinets (brochure text),cabinetSize,캐비닛,C,
aaon-vccx2-rn-rq-series-rooftop-bacnet,e5,AAON,VCCX2 — RN/RQ Series Rooftop (BACnet),RN-025,modelNumber,packagedUnit,extracted,AAON_RN_Series_Brochure.pdf#cabinets,7,General data — RN Series cabinets (brochure text),capacityClass,용량대,25 Tons,
aaon-vccx2-rn-rq-series-rooftop-bacnet,e5,AAON,VCCX2 — RN/RQ Series Rooftop (BACnet),RN-025,modelNumber,packagedUnit,extracted,AAON_RN_Series_Brochure.pdf#cabinets,7,General data — RN Series cabinets (brochure text),eer,EER,Up to 12.5,
aaon-vccx2-rn-rq-series-rooftop-bacnet,e5,AAON,VCCX2 — RN/RQ Series Rooftop (BACnet),RN-025,modelNumber,packagedUnit,extracted,AAON_RN_Series_Brochure.pdf#cabinets,7,General data — RN Series cabinets (brochure text),ieer,IEER,Up to 22.5,
aaon-vccx2-rn-rq-series-rooftop-bacnet,e5,AAON,VCCX2 — RN/RQ Series Rooftop (BACnet),RN-025,modelNumber,packagedUnit,extracted,AAON_RN_Series_Brochure.pdf#cabinets,7,General data — RN Series cabinets (brochure text),ratedAirflow,정격 풍량,"9,000",CFM
aaon-vccx2-rn-rq-series-rooftop-bacnet,e5,AAON,VCCX2 — RN/RQ Series Rooftop (BACnet),RN-030,modelNumber,packagedUnit,extracted,AAON_RN_Series_Brochure.pdf#cabinets,7,General data — RN Series cabinets (brochure text),airflowConfiguration,기류 구성,Vertical,
aaon-vccx2-rn-rq-series-rooftop-bacnet,e5,AAON,VCCX2 — RN/RQ Series Rooftop (BACnet),RN-030,modelNumber,packagedUnit,extracted,AAON_RN_Series_Brochure.pdf#cabinets,7,General data — RN Series cabinets (brochure text),cabinetSize,캐비닛,C,
aaon-vccx2-rn-rq-series-rooftop-bacnet,e5,AAON,VCCX2 — RN/RQ Series Rooftop (BACnet),RN-030,modelNumber,packagedUnit,extracted,AAON_RN_Series_Brochure.pdf#cabinets,7,General data — RN Series cabinets (brochure text),capacityClass,용량대,30 Tons,
aaon-vccx2-rn-rq-series-rooftop-bacnet,e5,AAON,VCCX2 — RN/RQ Series Rooftop (BACnet),RN-030,modelNumber,packagedUnit,extracted,AAON_RN_Series_Brochure.pdf#cabinets,7,General data — RN Series cabinets (brochure text),eer,EER,Up to 12.5,
aaon-vccx2-rn-rq-series-rooftop-bacnet,e5,AAON,VCCX2 — RN/RQ Series Rooftop (BACnet),RN-030,modelNumber,packagedUnit,extracted,AAON_RN_Series_Brochure.pdf#cabinets,7,General data — RN Series cabinets (brochure text),ieer,IEER,Up to 22.5,
aaon-vccx2-rn-rq-series-rooftop-bacnet,e5,AAON,VCCX2 — RN/RQ Series Rooftop (BACnet),RN-030,modelNumber,packagedUnit,extracted,AAON_RN_Series_Brochure.pdf#cabinets,7,General data — RN Series cabinets (brochure text),ratedAirflow,정격 풍량,"10,500",CFM
aaon-vccx2-rn-rq-series-rooftop-bacnet,e5,AAON,VCCX2 — RN/RQ Series Rooftop (BACnet),RN-075,modelNumber,packagedUnit,extracted,AAON_RN_Series_Brochure.pdf#cabinets,7,General data — RN Series cabinets (brochure text),airflowConfiguration,기류 구성,Vertical,
aaon-vccx2-rn-rq-series-rooftop-bacnet,e5,AAON,VCCX2 — RN/RQ Series Rooftop (BACnet),RN-075,modelNumber,packagedUnit,extracted,AAON_RN_Series_Brochure.pdf#cabinets,7,General data — RN Series cabinets (brochure text),cabinetSize,캐비닛,E,
aaon-vccx2-rn-rq-series-rooftop-bacnet,e5,AAON,VCCX2 — RN/RQ Series Rooftop (BACnet),RN-075,modelNumber,packagedUnit,extracted,AAON_RN_Series_Brochure.pdf#cabinets,7,General data — RN Series cabinets (brochure text),capacityClass,용량대,75 Tons,
aaon-vccx2-rn-rq-series-rooftop-bacnet,e5,AAON,VCCX2 — RN/RQ Series Rooftop (BACnet),RN-075,modelNumber,packagedUnit,extracted,AAON_RN_Series_Brochure.pdf#cabinets,7,General data — RN Series cabinets (brochure text),eer,EER,Up to 11.0,
aaon-vccx2-rn-rq-series-rooftop-bacnet,e5,AAON,VCCX2 — RN/RQ Series Rooftop (BACnet),RN-075,modelNumber,packagedUnit,extracted,AAON_RN_Series_Brochure.pdf#cabinets,7,General data — RN Series cabinets (brochure text),ieer,IEER,Up to 18.4,
aaon-vccx2-rn-rq-series-rooftop-bacnet,e5,AAON,VCCX2 — RN/RQ Series Rooftop (BACnet),RN-075,modelNumber,packagedUnit,extracted,AAON_RN_Series_Brochure.pdf#cabinets,7,General data — RN Series cabinets (brochure text),ratedAirflow,정격 풍량,"18,000",CFM
aaon-vccx2-rn-rq-series-rooftop-bacnet,e5,AAON,VCCX2 — RN/RQ Series Rooftop (BACnet),RN-090,modelNumber,packagedUnit,extracted,AAON_RN_Series_Brochure.pdf#cabinets,7,General data — RN Series cabinets (brochure text),airflowConfiguration,기류 구성,Vertical,
aaon-vccx2-rn-rq-series-rooftop-bacnet,e5,AAON,VCCX2 — RN/RQ Series Rooftop (BACnet),RN-090,modelNumber,packagedUnit,extracted,AAON_RN_Series_Brochure.pdf#cabinets,7,General data — RN Series cabinets (brochure text),cabinetSize,캐비닛,E,
aaon-vccx2-rn-rq-series-rooftop-bacnet,e5,AAON,VCCX2 — RN/RQ Series Rooftop (BACnet),RN-090,modelNumber,packagedUnit,extracted,AAON_RN_Series_Brochure.pdf#cabinets,7,General data — RN Series cabinets (brochure text),capacityClass,용량대,90 Tons,
aaon-vccx2-rn-rq-series-rooftop-bacnet,e5,AAON,VCCX2 — RN/RQ Series Rooftop (BACnet),RN-090,modelNumber,packagedUnit,extracted,AAON_RN_Series_Brochure.pdf#cabinets,7,General data — RN Series cabinets (brochure text),eer,EER,Up to 11.0,
aaon-vccx2-rn-rq-series-rooftop-bacnet,e5,AAON,VCCX2 — RN/RQ Series Rooftop (BACnet),RN-090,modelNumber,packagedUnit,extracted,AAON_RN_Series_Brochure.pdf#cabinets,7,General data — RN Series cabinets (brochure text),ieer,IEER,Up to 18.4,
aaon-vccx2-rn-rq-series-rooftop-bacnet,e5,AAON,VCCX2 — RN/RQ Series Rooftop (BACnet),RN-090,modelNumber,packagedUnit,extracted,AAON_RN_Series_Brochure.pdf#cabinets,7,General data — RN Series cabinets (brochure text),ratedAirflow,정격 풍량,"22,000",CFM
aaon-vccx2-rn-rq-series-rooftop-bacnet,e5,AAON,VCCX2 — RN/RQ Series Rooftop (BACnet),RN-105,modelNumber,packagedUnit,extracted,AAON_RN_Series_Brochure.pdf#cabinets,7,General data — RN Series cabinets (brochure text),airflowConfiguration,기류 구성,Vertical,
aaon-vccx2-rn-rq-series-rooftop-bacnet,e5,AAON,VCCX2 — RN/RQ Series Rooftop (BACnet),RN-105,modelNumber,packagedUnit,extracted,AAON_RN_Series_Brochure.pdf#cabinets,7,General data — RN Series cabinets (brochure text),cabinetSize,캐비닛,E,
aaon-vccx2-rn-rq-series-rooftop-bacnet,e5,AAON,VCCX2 — RN/RQ Series Rooftop (BACnet),RN-105,modelNumber,packagedUnit,extracted,AAON_RN_Series_Brochure.pdf#cabinets,7,General data — RN Series cabinets (brochure text),capacityClass,용량대,105 Tons,
aaon-vccx2-rn-rq-series-rooftop-bacnet,e5,AAON,VCCX2 — RN/RQ Series Rooftop (BACnet),RN-105,modelNumber,packagedUnit,extracted,AAON_RN_Series_Brochure.pdf#cabinets,7,General data — RN Series cabinets (brochure text),eer,EER,Up to 11.0,
aaon-vccx2-rn-rq-series-rooftop-bacnet,e5,AAON,VCCX2 — RN/RQ Series Rooftop (BACnet),RN-105,modelNumber,packagedUnit,extracted,AAON_RN_Series_Brochure.pdf#cabinets,7,General data — RN Series cabinets (brochure text),ieer,IEER,Up to 18.4,
aaon-vccx2-rn-rq-series-rooftop-bacnet,e5,AAON,VCCX2 — RN/RQ Series Rooftop (BACnet),RN-105,modelNumber,packagedUnit,extracted,AAON_RN_Series_Brochure.pdf#cabinets,7,General data — RN Series cabinets (brochure text),ratedAirflow,정격 풍량,"24,000",CFM
aaon-vccx2-rn-rq-series-rooftop-bacnet,e5,AAON,VCCX2 — RN/RQ Series Rooftop (BACnet),RN-120,modelNumber,packagedUnit,extracted,AAON_RN_Series_Brochure.pdf#cabinets,7,General data — RN Series cabinets (brochure text),airflowConfiguration,기류 구성,Vertical,
aaon-vccx2-rn-rq-series-rooftop-bacnet,e5,AAON,VCCX2 — RN/RQ Series Rooftop (BACnet),RN-120,modelNumber,packagedUnit,extracted,AAON_RN_Series_Brochure.pdf#cabinets,7,General data — RN Series cabinets (brochure text),cabinetSize,캐비닛,E,
aaon-vccx2-rn-rq-series-rooftop-bacnet,e5,AAON,VCCX2 — RN/RQ Series Rooftop (BACnet),RN-120,modelNumber,packagedUnit,extracted,AAON_RN_Series_Brochure.pdf#cabinets,7,General data — RN Series cabinets (brochure text),capacityClass,용량대,120 Tons,
aaon-vccx2-rn-rq-series-rooftop-bacnet,e5,AAON,VCCX2 — RN/RQ Series Rooftop (BACnet),RN-120,modelNumber,packagedUnit,extracted,AAON_RN_Series_Brochure.pdf#cabinets,7,General data — RN Series cabinets (brochure text),eer,EER,Up to 11.0,
aaon-vccx2-rn-rq-series-rooftop-bacnet,e5,AAON,VCCX2 — RN/RQ Series Rooftop (BACnet),RN-120,modelNumber,packagedUnit,extracted,AAON_RN_Series_Brochure.pdf#cabinets,7,General data — RN Series cabinets (brochure text),ieer,IEER,Up to 18.4,
aaon-vccx2-rn-rq-series-rooftop-bacnet,e5,AAON,VCCX2 — RN/RQ Series Rooftop (BACnet),RN-120,modelNumber,packagedUnit,extracted,AAON_RN_Series_Brochure.pdf#cabinets,7,General data — RN Series cabinets (brochure text),ratedAirflow,정격 풍량,"29,500",CFM
aaon-vccx2-rn-rq-series-rooftop-bacnet,e5,AAON,VCCX2 — RN/RQ Series Rooftop (BACnet),RN-130,modelNumber,packagedUnit,extracted,AAON_RN_Series_Brochure.pdf#cabinets,7,General data — RN Series cabinets (brochure text),airflowConfiguration,기류 구성,Vertical,
aaon-vccx2-rn-rq-series-rooftop-bacnet,e5,AAON,VCCX2 — RN/RQ Series Rooftop (BACnet),RN-130,modelNumber,packagedUnit,extracted,AAON_RN_Series_Brochure.pdf#cabinets,7,General data — RN Series cabinets (brochure text),cabinetSize,캐비닛,E,
aaon-vccx2-rn-rq-series-rooftop-bacnet,e5,AAON,VCCX2 — RN/RQ Series Rooftop (BACnet),RN-130,modelNumber,packagedUnit,extracted,AAON_RN_Series_Brochure.pdf#cabinets,7,General data — RN Series cabinets (brochure text),capacityClass,용량대,130 Tons,
aaon-vccx2-rn-rq-series-rooftop-bacnet,e5,AAON,VCCX2 — RN/RQ Series Rooftop (BACnet),RN-130,modelNumber,packagedUnit,extracted,AAON_RN_Series_Brochure.pdf#cabinets,7,General data — RN Series cabinets (brochure text),eer,EER,Up to 11.0,
aaon-vccx2-rn-rq-series-rooftop-bacnet,e5,AAON,VCCX2 — RN/RQ Series Rooftop (BACnet),RN-130,modelNumber,packagedUnit,extracted,AAON_RN_Series_Brochure.pdf#cabinets,7,General data — RN Series cabinets (brochure text),ieer,IEER,Up to 18.4,
aaon-vccx2-rn-rq-series-rooftop-bacnet,e5,AAON,VCCX2 — RN/RQ Series Rooftop (BACnet),RN-130,modelNumber,packagedUnit,extracted,AAON_RN_Series_Brochure.pdf#cabinets,7,General data — RN Series cabinets (brochure text),ratedAirflow,정격 풍량,"32,000",CFM
aaon-vccx2-rn-rq-series-rooftop-bacnet,e5,AAON,VCCX2 — RN/RQ Series Rooftop (BACnet),RN-140,modelNumber,packagedUnit,extracted,AAON_RN_Series_Brochure.pdf#cabinets,7,General data — RN Series cabinets (brochure text),airflowConfiguration,기류 구성,Vertical,
aaon-vccx2-rn-rq-series-rooftop-bacnet,e5,AAON,VCCX2 — RN/RQ Series Rooftop (BACnet),RN-140,modelNumber,packagedUnit,extracted,AAON_RN_Series_Brochure.pdf#cabinets,7,General data — RN Series cabinets (brochure text),cabinetSize,캐비닛,E,
aaon-vccx2-rn-rq-series-rooftop-bacnet,e5,AAON,VCCX2 — RN/RQ Series Rooftop (BACnet),RN-140,modelNumber,packagedUnit,extracted,AAON_RN_Series_Brochure.pdf#cabinets,7,General data — RN Series cabinets (brochure text),capacityClass,용량대,140 Tons,
aaon-vccx2-rn-rq-series-rooftop-bacnet,e5,AAON,VCCX2 — RN/RQ Series Rooftop (BACnet),RN-140,modelNumber,packagedUnit,extracted,AAON_RN_Series_Brochure.pdf#cabinets,7,General data — RN Series cabinets (brochure text),eer,EER,Up to 11.0,
aaon-vccx2-rn-rq-series-rooftop-bacnet,e5,AAON,VCCX2 — RN/RQ Series Rooftop (BACnet),RN-140,modelNumber,packagedUnit,extracted,AAON_RN_Series_Brochure.pdf#cabinets,7,General data — RN Series cabinets (brochure text),ieer,IEER,Up to 18.4,
aaon-vccx2-rn-rq-series-rooftop-bacnet,e5,AAON,VCCX2 — RN/RQ Series Rooftop (BACnet),RN-140,modelNumber,packagedUnit,extracted,AAON_RN_Series_Brochure.pdf#cabinets,7,General data — RN Series cabinets (brochure text),ratedAirflow,정격 풍량,"33,000",CFM
aaon-vccx2-rn-rq-series-rooftop-bacnet,e5,AAON,VCCX2 — RN/RQ Series Rooftop (BACnet),RN-026,modelNumber,packagedUnit,extracted,AAON_RN_Series_Brochure.pdf#cabinets,7,General data — RN Series cabinets (brochure text),airflowConfiguration,기류 구성,Vertical,
aaon-vccx2-rn-rq-series-rooftop-bacnet,e5,AAON,VCCX2 — RN/RQ Series Rooftop (BACnet),RN-026,modelNumber,packagedUnit,extracted,AAON_RN_Series_Brochure.pdf#cabinets,7,General data — RN Series cabinets (brochure text),cabinetSize,캐비닛,D,
aaon-vccx2-rn-rq-series-rooftop-bacnet,e5,AAON,VCCX2 — RN/RQ Series Rooftop (BACnet),RN-026,modelNumber,packagedUnit,extracted,AAON_RN_Series_Brochure.pdf#cabinets,7,General data — RN Series cabinets (brochure text),capacityClass,용량대,26 Tons,
aaon-vccx2-rn-rq-series-rooftop-bacnet,e5,AAON,VCCX2 — RN/RQ Series Rooftop (BACnet),RN-026,modelNumber,packagedUnit,extracted,AAON_RN_Series_Brochure.pdf#cabinets,7,General data — RN Series cabinets (brochure text),eer,EER,Up to 11.7,
aaon-vccx2-rn-rq-series-rooftop-bacnet,e5,AAON,VCCX2 — RN/RQ Series Rooftop (BACnet),RN-026,modelNumber,packagedUnit,extracted,AAON_RN_Series_Brochure.pdf#cabinets,7,General data — RN Series cabinets (brochure text),ieer,IEER,Up to 19.6,
aaon-vccx2-rn-rq-series-rooftop-bacnet,e5,AAON,VCCX2 — RN/RQ Series Rooftop (BACnet),RN-026,modelNumber,packagedUnit,extracted,AAON_RN_Series_Brochure.pdf#cabinets,7,General data — RN Series cabinets (brochure text),ratedAirflow,정격 풍량,"10,000",CFM
aaon-vccx2-rn-rq-series-rooftop-bacnet,e5,AAON,VCCX2 — RN/RQ Series Rooftop (BACnet),RN-031,modelNumber,packagedUnit,extracted,AAON_RN_Series_Brochure.pdf#cabinets,7,General data — RN Series cabinets (brochure text),airflowConfiguration,기류 구성,Vertical,
aaon-vccx2-rn-rq-series-rooftop-bacnet,e5,AAON,VCCX2 — RN/RQ Series Rooftop (BACnet),RN-031,modelNumber,packagedUnit,extracted,AAON_RN_Series_Brochure.pdf#cabinets,7,General data — RN Series cabinets (brochure text),cabinetSize,캐비닛,D,
aaon-vccx2-rn-rq-series-rooftop-bacnet,e5,AAON,VCCX2 — RN/RQ Series Rooftop (BACnet),RN-031,modelNumber,packagedUnit,extracted,AAON_RN_Series_Brochure.pdf#cabinets,7,General data — RN Series cabinets (brochure text),capacityClass,용량대,31 Tons,
aaon-vccx2-rn-rq-series-rooftop-bacnet,e5,AAON,VCCX2 — RN/RQ Series Rooftop (BACnet),RN-031,modelNumber,packagedUnit,extracted,AAON_RN_Series_Brochure.pdf#cabinets,7,General data — RN Series cabinets (brochure text),eer,EER,Up to 11.7,
aaon-vccx2-rn-rq-series-rooftop-bacnet,e5,AAON,VCCX2 — RN/RQ Series Rooftop (BACnet),RN-031,modelNumber,packagedUnit,extracted,AAON_RN_Series_Brochure.pdf#cabinets,7,General data — RN Series cabinets (brochure text),ieer,IEER,Up to 19.6,
aaon-vccx2-rn-rq-series-rooftop-bacnet,e5,AAON,VCCX2 — RN/RQ Series Rooftop (BACnet),RN-031,modelNumber,packagedUnit,extracted,AAON_RN_Series_Brochure.pdf#cabinets,7,General data — RN Series cabinets (brochure text),ratedAirflow,정격 풍량,"12,400",CFM
aaon-vccx2-rn-rq-series-rooftop-bacnet,e5,AAON,VCCX2 — RN/RQ Series Rooftop (BACnet),RN-040,modelNumber,packagedUnit,extracted,AAON_RN_Series_Brochure.pdf#cabinets,7,General data — RN Series cabinets (brochure text),airflowConfiguration,기류 구성,Vertical,
aaon-vccx2-rn-rq-series-rooftop-bacnet,e5,AAON,VCCX2 — RN/RQ Series Rooftop (BACnet),RN-040,modelNumber,packagedUnit,extracted,AAON_RN_Series_Brochure.pdf#cabinets,7,General data — RN Series cabinets (brochure text),cabinetSize,캐비닛,D,
aaon-vccx2-rn-rq-series-rooftop-bacnet,e5,AAON,VCCX2 — RN/RQ Series Rooftop (BACnet),RN-040,modelNumber,packagedUnit,extracted,AAON_RN_Series_Brochure.pdf#cabinets,7,General data — RN Series cabinets (brochure text),capacityClass,용량대,40 Tons,
aaon-vccx2-rn-rq-series-rooftop-bacnet,e5,AAON,VCCX2 — RN/RQ Series Rooftop (BACnet),RN-040,modelNumber,packagedUnit,extracted,AAON_RN_Series_Brochure.pdf#cabinets,7,General data — RN Series cabinets (brochure text),eer,EER,Up to 11.7,
aaon-vccx2-rn-rq-series-rooftop-bacnet,e5,AAON,VCCX2 — RN/RQ Series Rooftop (BACnet),RN-040,modelNumber,packagedUnit,extracted,AAON_RN_Series_Brochure.pdf#cabinets,7,General data — RN Series cabinets (brochure text),ieer,IEER,Up to 19.6,
aaon-vccx2-rn-rq-series-rooftop-bacnet,e5,AAON,VCCX2 — RN/RQ Series Rooftop (BACnet),RN-040,modelNumber,packagedUnit,extracted,AAON_RN_Series_Brochure.pdf#cabinets,7,General data — RN Series cabinets (brochure text),ratedAirflow,정격 풍량,"16,000",CFM
aaon-vccx2-rn-rq-series-rooftop-bacnet,e5,AAON,VCCX2 — RN/RQ Series Rooftop (BACnet),RN-050,modelNumber,packagedUnit,extracted,AAON_RN_Series_Brochure.pdf#cabinets,7,General data — RN Series cabinets (brochure text),airflowConfiguration,기류 구성,Vertical,
aaon-vccx2-rn-rq-series-rooftop-bacnet,e5,AAON,VCCX2 — RN/RQ Series Rooftop (BACnet),RN-050,modelNumber,packagedUnit,extracted,AAON_RN_Series_Brochure.pdf#cabinets,7,General data — RN Series cabinets (brochure text),cabinetSize,캐비닛,D,
aaon-vccx2-rn-rq-series-rooftop-bacnet,e5,AAON,VCCX2 — RN/RQ Series Rooftop (BACnet),RN-050,modelNumber,packagedUnit,extracted,AAON_RN_Series_Brochure.pdf#cabinets,7,General data — RN Series cabinets (brochure text),capacityClass,용량대,50 Tons,
aaon-vccx2-rn-rq-series-rooftop-bacnet,e5,AAON,VCCX2 — RN/RQ Series Rooftop (BACnet),RN-050,modelNumber,packagedUnit,extracted,AAON_RN_Series_Brochure.pdf#cabinets,7,General data — RN Series cabinets (brochure text),eer,EER,Up to 11.7,
aaon-vccx2-rn-rq-series-rooftop-bacnet,e5,AAON,VCCX2 — RN/RQ Series Rooftop (BACnet),RN-050,modelNumber,packagedUnit,extracted,AAON_RN_Series_Brochure.pdf#cabinets,7,General data — RN Series cabinets (brochure text),ieer,IEER,Up to 19.6,
aaon-vccx2-rn-rq-series-rooftop-bacnet,e5,AAON,VCCX2 — RN/RQ Series Rooftop (BACnet),RN-050,modelNumber,packagedUnit,extracted,AAON_RN_Series_Brochure.pdf#cabinets,7,General data — RN Series cabinets (brochure text),ratedAirflow,정격 풍량,"20,000",CFM
aaon-vccx2-rn-rq-series-rooftop-bacnet,e5,AAON,VCCX2 — RN/RQ Series Rooftop (BACnet),RN-060,modelNumber,packagedUnit,extracted,AAON_RN_Series_Brochure.pdf#cabinets,7,General data — RN Series cabinets (brochure text),airflowConfiguration,기류 구성,Vertical,
aaon-vccx2-rn-rq-series-rooftop-bacnet,e5,AAON,VCCX2 — RN/RQ Series Rooftop (BACnet),RN-060,modelNumber,packagedUnit,extracted,AAON_RN_Series_Brochure.pdf#cabinets,7,General data — RN Series cabinets (brochure text),cabinetSize,캐비닛,D,
aaon-vccx2-rn-rq-series-rooftop-bacnet,e5,AAON,VCCX2 — RN/RQ Series Rooftop (BACnet),RN-060,modelNumber,packagedUnit,extracted,AAON_RN_Series_Brochure.pdf#cabinets,7,General data — RN Series cabinets (brochure text),capacityClass,용량대,60 Tons,
aaon-vccx2-rn-rq-series-rooftop-bacnet,e5,AAON,VCCX2 — RN/RQ Series Rooftop (BACnet),RN-060,modelNumber,packagedUnit,extracted,AAON_RN_Series_Brochure.pdf#cabinets,7,General data — RN Series cabinets (brochure text),eer,EER,Up to 11.7,
aaon-vccx2-rn-rq-series-rooftop-bacnet,e5,AAON,VCCX2 — RN/RQ Series Rooftop (BACnet),RN-060,modelNumber,packagedUnit,extracted,AAON_RN_Series_Brochure.pdf#cabinets,7,General data — RN Series cabinets (brochure text),ieer,IEER,Up to 19.6,
aaon-vccx2-rn-rq-series-rooftop-bacnet,e5,AAON,VCCX2 — RN/RQ Series Rooftop (BACnet),RN-060,modelNumber,packagedUnit,extracted,AAON_RN_Series_Brochure.pdf#cabinets,7,General data — RN Series cabinets (brochure text),ratedAirflow,정격 풍량,"23,000",CFM
aaon-vccx2-rn-rq-series-rooftop-bacnet,e5,AAON,VCCX2 — RN/RQ Series Rooftop (BACnet),RN-070,modelNumber,packagedUnit,extracted,AAON_RN_Series_Brochure.pdf#cabinets,7,General data — RN Series cabinets (brochure text),airflowConfiguration,기류 구성,Vertical,
aaon-vccx2-rn-rq-series-rooftop-bacnet,e5,AAON,VCCX2 — RN/RQ Series Rooftop (BACnet),RN-070,modelNumber,packagedUnit,extracted,AAON_RN_Series_Brochure.pdf#cabinets,7,General data — RN Series cabinets (brochure text),cabinetSize,캐비닛,D,
aaon-vccx2-rn-rq-series-rooftop-bacnet,e5,AAON,VCCX2 — RN/RQ Series Rooftop (BACnet),RN-070,modelNumber,packagedUnit,extracted,AAON_RN_Series_Brochure.pdf#cabinets,7,General data — RN Series cabinets (brochure text),capacityClass,용량대,70 Tons,
aaon-vccx2-rn-rq-series-rooftop-bacnet,e5,AAON,VCCX2 — RN/RQ Series Rooftop (BACnet),RN-070,modelNumber,packagedUnit,extracted,AAON_RN_Series_Brochure.pdf#cabinets,7,General data — RN Series cabinets (brochure text),eer,EER,Up to 11.7,
aaon-vccx2-rn-rq-series-rooftop-bacnet,e5,AAON,VCCX2 — RN/RQ Series Rooftop (BACnet),RN-070,modelNumber,packagedUnit,extracted,AAON_RN_Series_Brochure.pdf#cabinets,7,General data — RN Series cabinets (brochure text),ieer,IEER,Up to 19.6,
aaon-vccx2-rn-rq-series-rooftop-bacnet,e5,AAON,VCCX2 — RN/RQ Series Rooftop (BACnet),RN-070,modelNumber,packagedUnit,extracted,AAON_RN_Series_Brochure.pdf#cabinets,7,General data — RN Series cabinets (brochure text),ratedAirflow,정격 풍량,"25,000",CFM
carrier-comfortlink-48-50n-weatherexpert-rooftop-75-150-ton-bacnet-co,e5,Carrier,ComfortLink — 48/50N WeatherExpert Rooftop 75-150 Ton (BACnet) · Co,48/50N N,modelNumber,packagedUnit,extracted,Carrier_48-50N-6PD_WeatherExpert_ProductData.pdf,15,48/50N SIZES N-T (75-150 TONS NOMINAL CAPACITY),capacityClass,용량대,75 Tons,
carrier-comfortlink-48-50n-weatherexpert-rooftop-75-150-ton-bacnet-co,e5,Carrier,ComfortLink — 48/50N WeatherExpert Rooftop 75-150 Ton (BACnet) · Co,48/50N P,modelNumber,packagedUnit,extracted,Carrier_48-50N-6PD_WeatherExpert_ProductData.pdf,15,48/50N SIZES N-T (75-150 TONS NOMINAL CAPACITY),capacityClass,용량대,90 Tons,
carrier-comfortlink-48-50n-weatherexpert-rooftop-75-150-ton-bacnet-co,e5,Carrier,ComfortLink — 48/50N WeatherExpert Rooftop 75-150 Ton (BACnet) · Co,48/50N Q,modelNumber,packagedUnit,extracted,Carrier_48-50N-6PD_WeatherExpert_ProductData.pdf,15,48/50N SIZES N-T (75-150 TONS NOMINAL CAPACITY),capacityClass,용량대,105 Tons,
carrier-comfortlink-48-50n-weatherexpert-rooftop-75-150-ton-bacnet-co,e5,Carrier,ComfortLink — 48/50N WeatherExpert Rooftop 75-150 Ton (BACnet) · Co,48/50N R,modelNumber,packagedUnit,extracted,Carrier_48-50N-6PD_WeatherExpert_ProductData.pdf,15,48/50N SIZES N-T (75-150 TONS NOMINAL CAPACITY),capacityClass,용량대,120 Tons,
carrier-comfortlink-48-50n-weatherexpert-rooftop-75-150-ton-bacnet-co,e5,Carrier,ComfortLink — 48/50N WeatherExpert Rooftop 75-150 Ton (BACnet) · Co,48/50N S,modelNumber,packagedUnit,extracted,Carrier_48-50N-6PD_WeatherExpert_ProductData.pdf,15,48/50N SIZES N-T (75-150 TONS NOMINAL CAPACITY),capacityClass,용량대,130 Tons,
carrier-comfortlink-48-50n-weatherexpert-rooftop-75-150-ton-bacnet-co,e5,Carrier,ComfortLink — 48/50N WeatherExpert Rooftop 75-150 Ton (BACnet) · Co,48/50N T,modelNumber,packagedUnit,extracted,Carrier_48-50N-6PD_WeatherExpert_ProductData.pdf,15,48/50N SIZES N-T (75-150 TONS NOMINAL CAPACITY),capacityClass,용량대,150 Tons,
daikin-microtech-iii-4-rebel-roofpak-maverick-ii-rooftop-self-contained-bacnet,e5,Daikin,MicroTech III/4 — Rebel·RoofPak·Maverick II Rooftop & Self-Contained (BACnet),DPS 003,modelNumber,packagedUnit,extracted,Daikin_ED-19116_Rebel_Physical_Data.pdf,2,Physical Data Rebel® Physical Data — Model DPS 003 – 028,capacityClass,용량대,3 Tons,
daikin-microtech-iii-4-rebel-roofpak-maverick-ii-rooftop-self-contained-bacnet,e5,Daikin,MicroTech III/4 — Rebel·RoofPak·Maverick II Rooftop & Self-Contained (BACnet),DPS 003,modelNumber,packagedUnit,extracted,Daikin_ED-19116_Rebel_Physical_Data.pdf,2,Physical Data Rebel® Physical Data — Model DPS 003 – 028,coilFaceArea,코일 면적,2.5,sq ft
daikin-microtech-iii-4-rebel-roofpak-maverick-ii-rooftop-self-contained-bacnet,e5,Daikin,MicroTech III/4 — Rebel·RoofPak·Maverick II Rooftop & Self-Contained (BACnet),DPS 003,modelNumber,packagedUnit,extracted,Daikin_ED-19116_Rebel_Physical_Data.pdf,2,Physical Data Rebel® Physical Data — Model DPS 003 – 028,coilRowsFpi,코일 열수/FPI,(2/10) / (1/8),
daikin-microtech-iii-4-rebel-roofpak-maverick-ii-rooftop-self-contained-bacnet,e5,Daikin,MicroTech III/4 — Rebel·RoofPak·Maverick II Rooftop & Self-Contained (BACnet),DPS 003,modelNumber,packagedUnit,extracted,Daikin_ED-19116_Rebel_Physical_Data.pdf,2,Physical Data Rebel® Physical Data — Model DPS 003 – 028,eer,EER,13.5,
daikin-microtech-iii-4-rebel-roofpak-maverick-ii-rooftop-self-contained-bacnet,e5,Daikin,MicroTech III/4 — Rebel·RoofPak·Maverick II Rooftop & Self-Contained (BACnet),DPS 003,modelNumber,packagedUnit,extracted,Daikin_ED-19116_Rebel_Physical_Data.pdf,2,Physical Data Rebel® Physical Data — Model DPS 003 – 028,fanMotorHp,팬 모터,1.3 / 2.3 / 4.0,HP
daikin-microtech-iii-4-rebel-roofpak-maverick-ii-rooftop-self-contained-bacnet,e5,Daikin,MicroTech III/4 — Rebel·RoofPak·Maverick II Rooftop & Self-Contained (BACnet),DPS 003,modelNumber,packagedUnit,extracted,Daikin_ED-19116_Rebel_Physical_Data.pdf,2,Physical Data Rebel® Physical Data — Model DPS 003 – 028,ieer,IEER,16.9,
daikin-microtech-iii-4-rebel-roofpak-maverick-ii-rooftop-self-contained-bacnet,e5,Daikin,MicroTech III/4 — Rebel·RoofPak·Maverick II Rooftop & Self-Contained (BACnet),DPS 003,modelNumber,packagedUnit,extracted,Daikin_ED-19116_Rebel_Physical_Data.pdf,2,Physical Data Rebel® Physical Data — Model DPS 003 – 028,ratedAirflow,정격 풍량,1125,CFM
daikin-microtech-iii-4-rebel-roofpak-maverick-ii-rooftop-self-contained-bacnet,e5,Daikin,MicroTech III/4 — Rebel·RoofPak·Maverick II Rooftop & Self-Contained (BACnet),DPS 004,modelNumber,packagedUnit,extracted,Daikin_ED-19116_Rebel_Physical_Data.pdf,2,Physical Data Rebel® Physical Data — Model DPS 003 – 028,capacityClass,용량대,4 Tons,
daikin-microtech-iii-4-rebel-roofpak-maverick-ii-rooftop-self-contained-bacnet,e5,Daikin,MicroTech III/4 — Rebel·RoofPak·Maverick II Rooftop & Self-Contained (BACnet),DPS 004,modelNumber,packagedUnit,extracted,Daikin_ED-19116_Rebel_Physical_Data.pdf,2,Physical Data Rebel® Physical Data — Model DPS 003 – 028,coilFaceArea,코일 면적,2.5,sq ft
daikin-microtech-iii-4-rebel-roofpak-maverick-ii-rooftop-self-contained-bacnet,e5,Daikin,MicroTech III/4 — Rebel·RoofPak·Maverick II Rooftop & Self-Contained (BACnet),DPS 004,modelNumber,packagedUnit,extracted,Daikin_ED-19116_Rebel_Physical_Data.pdf,2,Physical Data Rebel® Physical Data — Model DPS 003 – 028,coilRowsFpi,코일 열수/FPI,(2/10) / (1/8),
daikin-microtech-iii-4-rebel-roofpak-maverick-ii-rooftop-self-contained-bacnet,e5,Daikin,MicroTech III/4 — Rebel·RoofPak·Maverick II Rooftop & Self-Contained (BACnet),DPS 004,modelNumber,packagedUnit,extracted,Daikin_ED-19116_Rebel_Physical_Data.pdf,2,Physical Data Rebel® Physical Data — Model DPS 003 – 028,eer,EER,12.4,
daikin-microtech-iii-4-rebel-roofpak-maverick-ii-rooftop-self-contained-bacnet,e5,Daikin,MicroTech III/4 — Rebel·RoofPak·Maverick II Rooftop & Self-Contained (BACnet),DPS 004,modelNumber,packagedUnit,extracted,Daikin_ED-19116_Rebel_Physical_Data.pdf,2,Physical Data Rebel® Physical Data — Model DPS 003 – 028,fanMotorHp,팬 모터,1.3 / 2.3 / 4.0,HP
daikin-microtech-iii-4-rebel-roofpak-maverick-ii-rooftop-self-contained-bacnet,e5,Daikin,MicroTech III/4 — Rebel·RoofPak·Maverick II Rooftop & Self-Contained (BACnet),DPS 004,modelNumber,packagedUnit,extracted,Daikin_ED-19116_Rebel_Physical_Data.pdf,2,Physical Data Rebel® Physical Data — Model DPS 003 – 028,ieer,IEER,17.0,
daikin-microtech-iii-4-rebel-roofpak-maverick-ii-rooftop-self-contained-bacnet,e5,Daikin,MicroTech III/4 — Rebel·RoofPak·Maverick II Rooftop & Self-Contained (BACnet),DPS 004,modelNumber,packagedUnit,extracted,Daikin_ED-19116_Rebel_Physical_Data.pdf,2,Physical Data Rebel® Physical Data — Model DPS 003 – 028,ratedAirflow,정격 풍량,1500,CFM
daikin-microtech-iii-4-rebel-roofpak-maverick-ii-rooftop-self-contained-bacnet,e5,Daikin,MicroTech III/4 — Rebel·RoofPak·Maverick II Rooftop & Self-Contained (BACnet),DPS 005,modelNumber,packagedUnit,extracted,Daikin_ED-19116_Rebel_Physical_Data.pdf,2,Physical Data Rebel® Physical Data — Model DPS 003 – 028,capacityClass,용량대,5 Tons,
daikin-microtech-iii-4-rebel-roofpak-maverick-ii-rooftop-self-contained-bacnet,e5,Daikin,MicroTech III/4 — Rebel·RoofPak·Maverick II Rooftop & Self-Contained (BACnet),DPS 005,modelNumber,packagedUnit,extracted,Daikin_ED-19116_Rebel_Physical_Data.pdf,2,Physical Data Rebel® Physical Data — Model DPS 003 – 028,coilFaceArea,코일 면적,2.5,sq ft
daikin-microtech-iii-4-rebel-roofpak-maverick-ii-rooftop-self-contained-bacnet,e5,Daikin,MicroTech III/4 — Rebel·RoofPak·Maverick II Rooftop & Self-Contained (BACnet),DPS 005,modelNumber,packagedUnit,extracted,Daikin_ED-19116_Rebel_Physical_Data.pdf,2,Physical Data Rebel® Physical Data — Model DPS 003 – 028,coilRowsFpi,코일 열수/FPI,(2/10) / (1/8),
daikin-microtech-iii-4-rebel-roofpak-maverick-ii-rooftop-self-contained-bacnet,e5,Daikin,MicroTech III/4 — Rebel·RoofPak·Maverick II Rooftop & Self-Contained (BACnet),DPS 005,modelNumber,packagedUnit,extracted,Daikin_ED-19116_Rebel_Physical_Data.pdf,2,Physical Data Rebel® Physical Data — Model DPS 003 – 028,eer,EER,13.0,
daikin-microtech-iii-4-rebel-roofpak-maverick-ii-rooftop-self-contained-bacnet,e5,Daikin,MicroTech III/4 — Rebel·RoofPak·Maverick II Rooftop & Self-Contained (BACnet),DPS 005,modelNumber,packagedUnit,extracted,Daikin_ED-19116_Rebel_Physical_Data.pdf,2,Physical Data Rebel® Physical Data — Model DPS 003 – 028,fanMotorHp,팬 모터,1.3 / 2.3 / 4.0,HP
daikin-microtech-iii-4-rebel-roofpak-maverick-ii-rooftop-self-contained-bacnet,e5,Daikin,MicroTech III/4 — Rebel·RoofPak·Maverick II Rooftop & Self-Contained (BACnet),DPS 005,modelNumber,packagedUnit,extracted,Daikin_ED-19116_Rebel_Physical_Data.pdf,2,Physical Data Rebel® Physical Data — Model DPS 003 – 028,ieer,IEER,17.5,
daikin-microtech-iii-4-rebel-roofpak-maverick-ii-rooftop-self-contained-bacnet,e5,Daikin,MicroTech III/4 — Rebel·RoofPak·Maverick II Rooftop & Self-Contained (BACnet),DPS 005,modelNumber,packagedUnit,extracted,Daikin_ED-19116_Rebel_Physical_Data.pdf,2,Physical Data Rebel® Physical Data — Model DPS 003 – 028,ratedAirflow,정격 풍량,1875,CFM
daikin-microtech-iii-4-rebel-roofpak-maverick-ii-rooftop-self-contained-bacnet,e5,Daikin,MicroTech III/4 — Rebel·RoofPak·Maverick II Rooftop & Self-Contained (BACnet),DPS 006,modelNumber,packagedUnit,extracted,Daikin_ED-19116_Rebel_Physical_Data.pdf,2,Physical Data Rebel® Physical Data — Model DPS 003 – 028,capacityClass,용량대,6 Tons,
daikin-microtech-iii-4-rebel-roofpak-maverick-ii-rooftop-self-contained-bacnet,e5,Daikin,MicroTech III/4 — Rebel·RoofPak·Maverick II Rooftop & Self-Contained (BACnet),DPS 006,modelNumber,packagedUnit,extracted,Daikin_ED-19116_Rebel_Physical_Data.pdf,2,Physical Data Rebel® Physical Data — Model DPS 003 – 028,coilFaceArea,코일 면적,2.5,sq ft
daikin-microtech-iii-4-rebel-roofpak-maverick-ii-rooftop-self-contained-bacnet,e5,Daikin,MicroTech III/4 — Rebel·RoofPak·Maverick II Rooftop & Self-Contained (BACnet),DPS 006,modelNumber,packagedUnit,extracted,Daikin_ED-19116_Rebel_Physical_Data.pdf,2,Physical Data Rebel® Physical Data — Model DPS 003 – 028,coilRowsFpi,코일 열수/FPI,(2/10) / (1/8),
daikin-microtech-iii-4-rebel-roofpak-maverick-ii-rooftop-self-contained-bacnet,e5,Daikin,MicroTech III/4 — Rebel·RoofPak·Maverick II Rooftop & Self-Contained (BACnet),DPS 006,modelNumber,packagedUnit,extracted,Daikin_ED-19116_Rebel_Physical_Data.pdf,2,Physical Data Rebel® Physical Data — Model DPS 003 – 028,eer,EER,11.6,
daikin-microtech-iii-4-rebel-roofpak-maverick-ii-rooftop-self-contained-bacnet,e5,Daikin,MicroTech III/4 — Rebel·RoofPak·Maverick II Rooftop & Self-Contained (BACnet),DPS 006,modelNumber,packagedUnit,extracted,Daikin_ED-19116_Rebel_Physical_Data.pdf,2,Physical Data Rebel® Physical Data — Model DPS 003 – 028,fanMotorHp,팬 모터,1.3 / 2.3 / 4.0,HP
daikin-microtech-iii-4-rebel-roofpak-maverick-ii-rooftop-self-contained-bacnet,e5,Daikin,MicroTech III/4 — Rebel·RoofPak·Maverick II Rooftop & Self-Contained (BACnet),DPS 006,modelNumber,packagedUnit,extracted,Daikin_ED-19116_Rebel_Physical_Data.pdf,2,Physical Data Rebel® Physical Data — Model DPS 003 – 028,ieer,IEER,19.8,
daikin-microtech-iii-4-rebel-roofpak-maverick-ii-rooftop-self-contained-bacnet,e5,Daikin,MicroTech III/4 — Rebel·RoofPak·Maverick II Rooftop & Self-Contained (BACnet),DPS 006,modelNumber,packagedUnit,extracted,Daikin_ED-19116_Rebel_Physical_Data.pdf,2,Physical Data Rebel® Physical Data — Model DPS 003 – 028,ratedAirflow,정격 풍량,2100,CFM
daikin-microtech-iii-4-rebel-roofpak-maverick-ii-rooftop-self-contained-bacnet,e5,Daikin,MicroTech III/4 — Rebel·RoofPak·Maverick II Rooftop & Self-Contained (BACnet),DPS 007,modelNumber,packagedUnit,extracted,Daikin_ED-19116_Rebel_Physical_Data.pdf,2,Physical Data Rebel® Physical Data — Model DPS 003 – 028,capacityClass,용량대,7.5 Tons,
daikin-microtech-iii-4-rebel-roofpak-maverick-ii-rooftop-self-contained-bacnet,e5,Daikin,MicroTech III/4 — Rebel·RoofPak·Maverick II Rooftop & Self-Contained (BACnet),DPS 007,modelNumber,packagedUnit,extracted,Daikin_ED-19116_Rebel_Physical_Data.pdf,2,Physical Data Rebel® Physical Data — Model DPS 003 – 028,coilFaceArea,코일 면적,5.4,sq ft
daikin-microtech-iii-4-rebel-roofpak-maverick-ii-rooftop-self-contained-bacnet,e5,Daikin,MicroTech III/4 — Rebel·RoofPak·Maverick II Rooftop & Self-Contained (BACnet),DPS 007,modelNumber,packagedUnit,extracted,Daikin_ED-19116_Rebel_Physical_Data.pdf,2,Physical Data Rebel® Physical Data — Model DPS 003 – 028,coilRowsFpi,코일 열수/FPI,(2/10) / (1/8),
daikin-microtech-iii-4-rebel-roofpak-maverick-ii-rooftop-self-contained-bacnet,e5,Daikin,MicroTech III/4 — Rebel·RoofPak·Maverick II Rooftop & Self-Contained (BACnet),DPS 007,modelNumber,packagedUnit,extracted,Daikin_ED-19116_Rebel_Physical_Data.pdf,2,Physical Data Rebel® Physical Data — Model DPS 003 – 028,eer,EER,12.5,
daikin-microtech-iii-4-rebel-roofpak-maverick-ii-rooftop-self-contained-bacnet,e5,Daikin,MicroTech III/4 — Rebel·RoofPak·Maverick II Rooftop & Self-Contained (BACnet),DPS 007,modelNumber,packagedUnit,extracted,Daikin_ED-19116_Rebel_Physical_Data.pdf,2,Physical Data Rebel® Physical Data — Model DPS 003 – 028,fanMotorHp,팬 모터,4.0 / 8.0,HP
daikin-microtech-iii-4-rebel-roofpak-maverick-ii-rooftop-self-contained-bacnet,e5,Daikin,MicroTech III/4 — Rebel·RoofPak·Maverick II Rooftop & Self-Contained (BACnet),DPS 007,modelNumber,packagedUnit,extracted,Daikin_ED-19116_Rebel_Physical_Data.pdf,2,Physical Data Rebel® Physical Data — Model DPS 003 – 028,ieer,IEER,20.6,
daikin-microtech-iii-4-rebel-roofpak-maverick-ii-rooftop-self-contained-bacnet,e5,Daikin,MicroTech III/4 — Rebel·RoofPak·Maverick II Rooftop & Self-Contained (BACnet),DPS 007,modelNumber,packagedUnit,extracted,Daikin_ED-19116_Rebel_Physical_Data.pdf,2,Physical Data Rebel® Physical Data — Model DPS 003 – 028,ratedAirflow,정격 풍량,2450,CFM
daikin-microtech-iii-4-rebel-roofpak-maverick-ii-rooftop-self-contained-bacnet,e5,Daikin,MicroTech III/4 — Rebel·RoofPak·Maverick II Rooftop & Self-Contained (BACnet),DPS 010,modelNumber,packagedUnit,extracted,Daikin_ED-19116_Rebel_Physical_Data.pdf,2,Physical Data Rebel® Physical Data — Model DPS 003 – 028,capacityClass,용량대,10 Tons,
daikin-microtech-iii-4-rebel-roofpak-maverick-ii-rooftop-self-contained-bacnet,e5,Daikin,MicroTech III/4 — Rebel·RoofPak·Maverick II Rooftop & Self-Contained (BACnet),DPS 010,modelNumber,packagedUnit,extracted,Daikin_ED-19116_Rebel_Physical_Data.pdf,2,Physical Data Rebel® Physical Data — Model DPS 003 – 028,coilFaceArea,코일 면적,5.4,sq ft
daikin-microtech-iii-4-rebel-roofpak-maverick-ii-rooftop-self-contained-bacnet,e5,Daikin,MicroTech III/4 — Rebel·RoofPak·Maverick II Rooftop & Self-Contained (BACnet),DPS 010,modelNumber,packagedUnit,extracted,Daikin_ED-19116_Rebel_Physical_Data.pdf,2,Physical Data Rebel® Physical Data — Model DPS 003 – 028,coilRowsFpi,코일 열수/FPI,(2/10) / (1/8),
daikin-microtech-iii-4-rebel-roofpak-maverick-ii-rooftop-self-contained-bacnet,e5,Daikin,MicroTech III/4 — Rebel·RoofPak·Maverick II Rooftop & Self-Contained (BACnet),DPS 010,modelNumber,packagedUnit,extracted,Daikin_ED-19116_Rebel_Physical_Data.pdf,2,Physical Data Rebel® Physical Data — Model DPS 003 – 028,eer,EER,12.4,
daikin-microtech-iii-4-rebel-roofpak-maverick-ii-rooftop-self-contained-bacnet,e5,Daikin,MicroTech III/4 — Rebel·RoofPak·Maverick II Rooftop & Self-Contained (BACnet),DPS 010,modelNumber,packagedUnit,extracted,Daikin_ED-19116_Rebel_Physical_Data.pdf,2,Physical Data Rebel® Physical Data — Model DPS 003 – 028,fanMotorHp,팬 모터,4.0 / 8.0,HP
daikin-microtech-iii-4-rebel-roofpak-maverick-ii-rooftop-self-contained-bacnet,e5,Daikin,MicroTech III/4 — Rebel·RoofPak·Maverick II Rooftop & Self-Contained (BACnet),DPS 010,modelNumber,packagedUnit,extracted,Daikin_ED-19116_Rebel_Physical_Data.pdf,2,Physical Data Rebel® Physical Data — Model DPS 003 – 028,ieer,IEER,19.3,
daikin-microtech-iii-4-rebel-roofpak-maverick-ii-rooftop-self-contained-bacnet,e5,Daikin,MicroTech III/4 — Rebel·RoofPak·Maverick II Rooftop & Self-Contained (BACnet),DPS 010,modelNumber,packagedUnit,extracted,Daikin_ED-19116_Rebel_Physical_Data.pdf,2,Physical Data Rebel® Physical Data — Model DPS 003 – 028,ratedAirflow,정격 풍량,3500,CFM
daikin-microtech-iii-4-rebel-roofpak-maverick-ii-rooftop-self-contained-bacnet,e5,Daikin,MicroTech III/4 — Rebel·RoofPak·Maverick II Rooftop & Self-Contained (BACnet),DPS 012,modelNumber,packagedUnit,extracted,Daikin_ED-19116_Rebel_Physical_Data.pdf,2,Physical Data Rebel® Physical Data — Model DPS 003 – 028,capacityClass,용량대,12 Tons,
daikin-microtech-iii-4-rebel-roofpak-maverick-ii-rooftop-self-contained-bacnet,e5,Daikin,MicroTech III/4 — Rebel·RoofPak·Maverick II Rooftop & Self-Contained (BACnet),DPS 012,modelNumber,packagedUnit,extracted,Daikin_ED-19116_Rebel_Physical_Data.pdf,2,Physical Data Rebel® Physical Data — Model DPS 003 – 028,coilFaceArea,코일 면적,5.4,sq ft
daikin-microtech-iii-4-rebel-roofpak-maverick-ii-rooftop-self-contained-bacnet,e5,Daikin,MicroTech III/4 — Rebel·RoofPak·Maverick II Rooftop & Self-Contained (BACnet),DPS 012,modelNumber,packagedUnit,extracted,Daikin_ED-19116_Rebel_Physical_Data.pdf,2,Physical Data Rebel® Physical Data — Model DPS 003 – 028,coilRowsFpi,코일 열수/FPI,(2/10) / (1/8),
daikin-microtech-iii-4-rebel-roofpak-maverick-ii-rooftop-self-contained-bacnet,e5,Daikin,MicroTech III/4 — Rebel·RoofPak·Maverick II Rooftop & Self-Contained (BACnet),DPS 012,modelNumber,packagedUnit,extracted,Daikin_ED-19116_Rebel_Physical_Data.pdf,2,Physical Data Rebel® Physical Data — Model DPS 003 – 028,eer,EER,11.6,
daikin-microtech-iii-4-rebel-roofpak-maverick-ii-rooftop-self-contained-bacnet,e5,Daikin,MicroTech III/4 — Rebel·RoofPak·Maverick II Rooftop & Self-Contained (BACnet),DPS 012,modelNumber,packagedUnit,extracted,Daikin_ED-19116_Rebel_Physical_Data.pdf,2,Physical Data Rebel® Physical Data — Model DPS 003 – 028,fanMotorHp,팬 모터,4.0 / 8.0,HP
daikin-microtech-iii-4-rebel-roofpak-maverick-ii-rooftop-self-contained-bacnet,e5,Daikin,MicroTech III/4 — Rebel·RoofPak·Maverick II Rooftop & Self-Contained (BACnet),DPS 012,modelNumber,packagedUnit,extracted,Daikin_ED-19116_Rebel_Physical_Data.pdf,2,Physical Data Rebel® Physical Data — Model DPS 003 – 028,ieer,IEER,18.0,
daikin-microtech-iii-4-rebel-roofpak-maverick-ii-rooftop-self-contained-bacnet,e5,Daikin,MicroTech III/4 — Rebel·RoofPak·Maverick II Rooftop & Self-Contained (BACnet),DPS 012,modelNumber,packagedUnit,extracted,Daikin_ED-19116_Rebel_Physical_Data.pdf,2,Physical Data Rebel® Physical Data — Model DPS 003 – 028,ratedAirflow,정격 풍량,4200,CFM
daikin-microtech-iii-4-rebel-roofpak-maverick-ii-rooftop-self-contained-bacnet,e5,Daikin,MicroTech III/4 — Rebel·RoofPak·Maverick II Rooftop & Self-Contained (BACnet),DPS 015,modelNumber,packagedUnit,extracted,Daikin_ED-19116_Rebel_Physical_Data.pdf,2,Physical Data Rebel® Physical Data — Model DPS 003 – 028,capacityClass,용량대,15 Tons,
daikin-microtech-iii-4-rebel-roofpak-maverick-ii-rooftop-self-contained-bacnet,e5,Daikin,MicroTech III/4 — Rebel·RoofPak·Maverick II Rooftop & Self-Contained (BACnet),DPS 015,modelNumber,packagedUnit,extracted,Daikin_ED-19116_Rebel_Physical_Data.pdf,2,Physical Data Rebel® Physical Data — Model DPS 003 – 028,coilFaceArea,코일 면적,5.4,sq ft
daikin-microtech-iii-4-rebel-roofpak-maverick-ii-rooftop-self-contained-bacnet,e5,Daikin,MicroTech III/4 — Rebel·RoofPak·Maverick II Rooftop & Self-Contained (BACnet),DPS 015,modelNumber,packagedUnit,extracted,Daikin_ED-19116_Rebel_Physical_Data.pdf,2,Physical Data Rebel® Physical Data — Model DPS 003 – 028,coilRowsFpi,코일 열수/FPI,(2/10) / (1/8),
daikin-microtech-iii-4-rebel-roofpak-maverick-ii-rooftop-self-contained-bacnet,e5,Daikin,MicroTech III/4 — Rebel·RoofPak·Maverick II Rooftop & Self-Contained (BACnet),DPS 015,modelNumber,packagedUnit,extracted,Daikin_ED-19116_Rebel_Physical_Data.pdf,2,Physical Data Rebel® Physical Data — Model DPS 003 – 028,eer,EER,11.0,
daikin-microtech-iii-4-rebel-roofpak-maverick-ii-rooftop-self-contained-bacnet,e5,Daikin,MicroTech III/4 — Rebel·RoofPak·Maverick II Rooftop & Self-Contained (BACnet),DPS 015,modelNumber,packagedUnit,extracted,Daikin_ED-19116_Rebel_Physical_Data.pdf,2,Physical Data Rebel® Physical Data — Model DPS 003 – 028,fanMotorHp,팬 모터,4.0 / 8.0,HP
daikin-microtech-iii-4-rebel-roofpak-maverick-ii-rooftop-self-contained-bacnet,e5,Daikin,MicroTech III/4 — Rebel·RoofPak·Maverick II Rooftop & Self-Contained (BACnet),DPS 015,modelNumber,packagedUnit,extracted,Daikin_ED-19116_Rebel_Physical_Data.pdf,2,Physical Data Rebel® Physical Data — Model DPS 003 – 028,ieer,IEER,18.0,
daikin-microtech-iii-4-rebel-roofpak-maverick-ii-rooftop-self-contained-bacnet,e5,Daikin,MicroTech III/4 — Rebel·RoofPak·Maverick II Rooftop & Self-Contained (BACnet),DPS 015,modelNumber,packagedUnit,extracted,Daikin_ED-19116_Rebel_Physical_Data.pdf,2,Physical Data Rebel® Physical Data — Model DPS 003 – 028,ratedAirflow,정격 풍량,5250,CFM
daikin-microtech-iii-4-rebel-roofpak-maverick-ii-rooftop-self-contained-bacnet,e5,Daikin,MicroTech III/4 — Rebel·RoofPak·Maverick II Rooftop & Self-Contained (BACnet),DPS 016,modelNumber,packagedUnit,extracted,Daikin_ED-19116_Rebel_Physical_Data.pdf,2,Physical Data Rebel® Physical Data — Model DPS 003 – 028,capacityClass,용량대,15.5 Tons,
daikin-microtech-iii-4-rebel-roofpak-maverick-ii-rooftop-self-contained-bacnet,e5,Daikin,MicroTech III/4 — Rebel·RoofPak·Maverick II Rooftop & Self-Contained (BACnet),DPS 016,modelNumber,packagedUnit,extracted,Daikin_ED-19116_Rebel_Physical_Data.pdf,2,Physical Data Rebel® Physical Data — Model DPS 003 – 028,coilFaceArea,코일 면적,12.3,sq ft
daikin-microtech-iii-4-rebel-roofpak-maverick-ii-rooftop-self-contained-bacnet,e5,Daikin,MicroTech III/4 — Rebel·RoofPak·Maverick II Rooftop & Self-Contained (BACnet),DPS 016,modelNumber,packagedUnit,extracted,Daikin_ED-19116_Rebel_Physical_Data.pdf,2,Physical Data Rebel® Physical Data — Model DPS 003 – 028,coilRowsFpi,코일 열수/FPI,"1/12, 2/12, 3/13",
daikin-microtech-iii-4-rebel-roofpak-maverick-ii-rooftop-self-contained-bacnet,e5,Daikin,MicroTech III/4 — Rebel·RoofPak·Maverick II Rooftop & Self-Contained (BACnet),DPS 016,modelNumber,packagedUnit,extracted,Daikin_ED-19116_Rebel_Physical_Data.pdf,2,Physical Data Rebel® Physical Data — Model DPS 003 – 028,eer,EER,12.2,
daikin-microtech-iii-4-rebel-roofpak-maverick-ii-rooftop-self-contained-bacnet,e5,Daikin,MicroTech III/4 — Rebel·RoofPak·Maverick II Rooftop & Self-Contained (BACnet),DPS 016,modelNumber,packagedUnit,extracted,Daikin_ED-19116_Rebel_Physical_Data.pdf,2,Physical Data Rebel® Physical Data — Model DPS 003 – 028,fanMotorHp,팬 모터,2.0 / 3.0 / 5.0 / 7.5 / 10.0 / 15.0 / 20.0,HP
daikin-microtech-iii-4-rebel-roofpak-maverick-ii-rooftop-self-contained-bacnet,e5,Daikin,MicroTech III/4 — Rebel·RoofPak·Maverick II Rooftop & Self-Contained (BACnet),DPS 016,modelNumber,packagedUnit,extracted,Daikin_ED-19116_Rebel_Physical_Data.pdf,2,Physical Data Rebel® Physical Data — Model DPS 003 – 028,ieer,IEER,21.0,
daikin-microtech-iii-4-rebel-roofpak-maverick-ii-rooftop-self-contained-bacnet,e5,Daikin,MicroTech III/4 — Rebel·RoofPak·Maverick II Rooftop & Self-Contained (BACnet),DPS 016,modelNumber,packagedUnit,extracted,Daikin_ED-19116_Rebel_Physical_Data.pdf,2,Physical Data Rebel® Physical Data — Model DPS 003 – 028,ratedAirflow,정격 풍량,5900,CFM
daikin-microtech-iii-4-rebel-roofpak-maverick-ii-rooftop-self-contained-bacnet,e5,Daikin,MicroTech III/4 — Rebel·RoofPak·Maverick II Rooftop & Self-Contained (BACnet),DPS 018,modelNumber,packagedUnit,extracted,Daikin_ED-19116_Rebel_Physical_Data.pdf,2,Physical Data Rebel® Physical Data — Model DPS 003 – 028,capacityClass,용량대,17.5 Tons,
daikin-microtech-iii-4-rebel-roofpak-maverick-ii-rooftop-self-contained-bacnet,e5,Daikin,MicroTech III/4 — Rebel·RoofPak·Maverick II Rooftop & Self-Contained (BACnet),DPS 018,modelNumber,packagedUnit,extracted,Daikin_ED-19116_Rebel_Physical_Data.pdf,2,Physical Data Rebel® Physical Data — Model DPS 003 – 028,coilFaceArea,코일 면적,12.3,sq ft
daikin-microtech-iii-4-rebel-roofpak-maverick-ii-rooftop-self-contained-bacnet,e5,Daikin,MicroTech III/4 — Rebel·RoofPak·Maverick II Rooftop & Self-Contained (BACnet),DPS 018,modelNumber,packagedUnit,extracted,Daikin_ED-19116_Rebel_Physical_Data.pdf,2,Physical Data Rebel® Physical Data — Model DPS 003 – 028,coilRowsFpi,코일 열수/FPI,"1/12, 2/12, 3/13",
daikin-microtech-iii-4-rebel-roofpak-maverick-ii-rooftop-self-contained-bacnet,e5,Daikin,MicroTech III/4 — Rebel·RoofPak·Maverick II Rooftop & Self-Contained (BACnet),DPS 018,modelNumber,packagedUnit,extracted,Daikin_ED-19116_Rebel_Physical_Data.pdf,2,Physical Data Rebel® Physical Data — Model DPS 003 – 028,eer,EER,11.9,
daikin-microtech-iii-4-rebel-roofpak-maverick-ii-rooftop-self-contained-bacnet,e5,Daikin,MicroTech III/4 — Rebel·RoofPak·Maverick II Rooftop & Self-Contained (BACnet),DPS 018,modelNumber,packagedUnit,extracted,Daikin_ED-19116_Rebel_Physical_Data.pdf,2,Physical Data Rebel® Physical Data — Model DPS 003 – 028,fanMotorHp,팬 모터,2.0 / 3.0 / 5.0 / 7.5 / 10.0 / 15.0 / 20.0,HP
daikin-microtech-iii-4-rebel-roofpak-maverick-ii-rooftop-self-contained-bacnet,e5,Daikin,MicroTech III/4 — Rebel·RoofPak·Maverick II Rooftop & Self-Contained (BACnet),DPS 018,modelNumber,packagedUnit,extracted,Daikin_ED-19116_Rebel_Physical_Data.pdf,2,Physical Data Rebel® Physical Data — Model DPS 003 – 028,ieer,IEER,20.8,
daikin-microtech-iii-4-rebel-roofpak-maverick-ii-rooftop-self-contained-bacnet,e5,Daikin,MicroTech III/4 — Rebel·RoofPak·Maverick II Rooftop & Self-Contained (BACnet),DPS 018,modelNumber,packagedUnit,extracted,Daikin_ED-19116_Rebel_Physical_Data.pdf,2,Physical Data Rebel® Physical Data — Model DPS 003 – 028,ratedAirflow,정격 풍량,6600,CFM
daikin-microtech-iii-4-rebel-roofpak-maverick-ii-rooftop-self-contained-bacnet,e5,Daikin,MicroTech III/4 — Rebel·RoofPak·Maverick II Rooftop & Self-Contained (BACnet),DPS 020,modelNumber,packagedUnit,extracted,Daikin_ED-19116_Rebel_Physical_Data.pdf,2,Physical Data Rebel® Physical Data — Model DPS 003 – 028,capacityClass,용량대,20.1 Tons,
daikin-microtech-iii-4-rebel-roofpak-maverick-ii-rooftop-self-contained-bacnet,e5,Daikin,MicroTech III/4 — Rebel·RoofPak·Maverick II Rooftop & Self-Contained (BACnet),DPS 020,modelNumber,packagedUnit,extracted,Daikin_ED-19116_Rebel_Physical_Data.pdf,2,Physical Data Rebel® Physical Data — Model DPS 003 – 028,coilFaceArea,코일 면적,12.3,sq ft
daikin-microtech-iii-4-rebel-roofpak-maverick-ii-rooftop-self-contained-bacnet,e5,Daikin,MicroTech III/4 — Rebel·RoofPak·Maverick II Rooftop & Self-Contained (BACnet),DPS 020,modelNumber,packagedUnit,extracted,Daikin_ED-19116_Rebel_Physical_Data.pdf,2,Physical Data Rebel® Physical Data — Model DPS 003 – 028,coilRowsFpi,코일 열수/FPI,"1/12, 2/12, 3/13",
daikin-microtech-iii-4-rebel-roofpak-maverick-ii-rooftop-self-contained-bacnet,e5,Daikin,MicroTech III/4 — Rebel·RoofPak·Maverick II Rooftop & Self-Contained (BACnet),DPS 020,modelNumber,packagedUnit,extracted,Daikin_ED-19116_Rebel_Physical_Data.pdf,2,Physical Data Rebel® Physical Data — Model DPS 003 – 028,eer,EER,11.3,
daikin-microtech-iii-4-rebel-roofpak-maverick-ii-rooftop-self-contained-bacnet,e5,Daikin,MicroTech III/4 — Rebel·RoofPak·Maverick II Rooftop & Self-Contained (BACnet),DPS 020,modelNumber,packagedUnit,extracted,Daikin_ED-19116_Rebel_Physical_Data.pdf,2,Physical Data Rebel® Physical Data — Model DPS 003 – 028,fanMotorHp,팬 모터,2.0 / 3.0 / 5.0 / 7.5 / 10.0 / 15.0 / 20.0,HP
daikin-microtech-iii-4-rebel-roofpak-maverick-ii-rooftop-self-contained-bacnet,e5,Daikin,MicroTech III/4 — Rebel·RoofPak·Maverick II Rooftop & Self-Contained (BACnet),DPS 020,modelNumber,packagedUnit,extracted,Daikin_ED-19116_Rebel_Physical_Data.pdf,2,Physical Data Rebel® Physical Data — Model DPS 003 – 028,ieer,IEER,20.4,
daikin-microtech-iii-4-rebel-roofpak-maverick-ii-rooftop-self-contained-bacnet,e5,Daikin,MicroTech III/4 — Rebel·RoofPak·Maverick II Rooftop & Self-Contained (BACnet),DPS 020,modelNumber,packagedUnit,extracted,Daikin_ED-19116_Rebel_Physical_Data.pdf,2,Physical Data Rebel® Physical Data — Model DPS 003 – 028,ratedAirflow,정격 풍량,7600,CFM
daikin-microtech-iii-4-rebel-roofpak-maverick-ii-rooftop-self-contained-bacnet,e5,Daikin,MicroTech III/4 — Rebel·RoofPak·Maverick II Rooftop & Self-Contained (BACnet),DPS 025,modelNumber,packagedUnit,extracted,Daikin_ED-19116_Rebel_Physical_Data.pdf,2,Physical Data Rebel® Physical Data — Model DPS 003 – 028,capacityClass,용량대,25 Tons,
daikin-microtech-iii-4-rebel-roofpak-maverick-ii-rooftop-self-contained-bacnet,e5,Daikin,MicroTech III/4 — Rebel·RoofPak·Maverick II Rooftop & Self-Contained (BACnet),DPS 025,modelNumber,packagedUnit,extracted,Daikin_ED-19116_Rebel_Physical_Data.pdf,2,Physical Data Rebel® Physical Data — Model DPS 003 – 028,coilFaceArea,코일 면적,12.3,sq ft
daikin-microtech-iii-4-rebel-roofpak-maverick-ii-rooftop-self-contained-bacnet,e5,Daikin,MicroTech III/4 — Rebel·RoofPak·Maverick II Rooftop & Self-Contained (BACnet),DPS 025,modelNumber,packagedUnit,extracted,Daikin_ED-19116_Rebel_Physical_Data.pdf,2,Physical Data Rebel® Physical Data — Model DPS 003 – 028,coilRowsFpi,코일 열수/FPI,"1/12, 2/12, 3/13",
daikin-microtech-iii-4-rebel-roofpak-maverick-ii-rooftop-self-contained-bacnet,e5,Daikin,MicroTech III/4 — Rebel·RoofPak·Maverick II Rooftop & Self-Contained (BACnet),DPS 025,modelNumber,packagedUnit,extracted,Daikin_ED-19116_Rebel_Physical_Data.pdf,2,Physical Data Rebel® Physical Data — Model DPS 003 – 028,eer,EER,11.3,
daikin-microtech-iii-4-rebel-roofpak-maverick-ii-rooftop-self-contained-bacnet,e5,Daikin,MicroTech III/4 — Rebel·RoofPak·Maverick II Rooftop & Self-Contained (BACnet),DPS 025,modelNumber,packagedUnit,extracted,Daikin_ED-19116_Rebel_Physical_Data.pdf,2,Physical Data Rebel® Physical Data — Model DPS 003 – 028,fanMotorHp,팬 모터,2.0 / 3.0 / 5.0 / 7.5 / 10.0 / 15.0 / 20.0,HP
daikin-microtech-iii-4-rebel-roofpak-maverick-ii-rooftop-self-contained-bacnet,e5,Daikin,MicroTech III/4 — Rebel·RoofPak·Maverick II Rooftop & Self-Contained (BACnet),DPS 025,modelNumber,packagedUnit,extracted,Daikin_ED-19116_Rebel_Physical_Data.pdf,2,Physical Data Rebel® Physical Data — Model DPS 003 – 028,ieer,IEER,18.3,
daikin-microtech-iii-4-rebel-roofpak-maverick-ii-rooftop-self-contained-bacnet,e5,Daikin,MicroTech III/4 — Rebel·RoofPak·Maverick II Rooftop & Self-Contained (BACnet),DPS 025,modelNumber,packagedUnit,extracted,Daikin_ED-19116_Rebel_Physical_Data.pdf,2,Physical Data Rebel® Physical Data — Model DPS 003 – 028,ratedAirflow,정격 풍량,9500,CFM
daikin-microtech-iii-4-rebel-roofpak-maverick-ii-rooftop-self-contained-bacnet,e5,Daikin,MicroTech III/4 — Rebel·RoofPak·Maverick II Rooftop & Self-Contained (BACnet),DPS 028,modelNumber,packagedUnit,extracted,Daikin_ED-19116_Rebel_Physical_Data.pdf,2,Physical Data Rebel® Physical Data — Model DPS 003 – 028,capacityClass,용량대,27.5 Tons,
daikin-microtech-iii-4-rebel-roofpak-maverick-ii-rooftop-self-contained-bacnet,e5,Daikin,MicroTech III/4 — Rebel·RoofPak·Maverick II Rooftop & Self-Contained (BACnet),DPS 028,modelNumber,packagedUnit,extracted,Daikin_ED-19116_Rebel_Physical_Data.pdf,2,Physical Data Rebel® Physical Data — Model DPS 003 – 028,coilFaceArea,코일 면적,12.3,sq ft
daikin-microtech-iii-4-rebel-roofpak-maverick-ii-rooftop-self-contained-bacnet,e5,Daikin,MicroTech III/4 — Rebel·RoofPak·Maverick II Rooftop & Self-Contained (BACnet),DPS 028,modelNumber,packagedUnit,extracted,Daikin_ED-19116_Rebel_Physical_Data.pdf,2,Physical Data Rebel® Physical Data — Model DPS 003 – 028,coilRowsFpi,코일 열수/FPI,"1/12, 2/12, 3/13",
daikin-microtech-iii-4-rebel-roofpak-maverick-ii-rooftop-self-contained-bacnet,e5,Daikin,MicroTech III/4 — Rebel·RoofPak·Maverick II Rooftop & Self-Contained (BACnet),DPS 028,modelNumber,packagedUnit,extracted,Daikin_ED-19116_Rebel_Physical_Data.pdf,2,Physical Data Rebel® Physical Data — Model DPS 003 – 028,eer,EER,10.5,
daikin-microtech-iii-4-rebel-roofpak-maverick-ii-rooftop-self-contained-bacnet,e5,Daikin,MicroTech III/4 — Rebel·RoofPak·Maverick II Rooftop & Self-Contained (BACnet),DPS 028,modelNumber,packagedUnit,extracted,Daikin_ED-19116_Rebel_Physical_Data.pdf,2,Physical Data Rebel® Physical Data — Model DPS 003 – 028,fanMotorHp,팬 모터,2.0 / 3.0 / 5.0 / 7.5 / 10.0 / 15.0 / 20.0,HP
daikin-microtech-iii-4-rebel-roofpak-maverick-ii-rooftop-self-contained-bacnet,e5,Daikin,MicroTech III/4 — Rebel·RoofPak·Maverick II Rooftop & Self-Contained (BACnet),DPS 028,modelNumber,packagedUnit,extracted,Daikin_ED-19116_Rebel_Physical_Data.pdf,2,Physical Data Rebel® Physical Data — Model DPS 003 – 028,ieer,IEER,17.9,
daikin-microtech-iii-4-rebel-roofpak-maverick-ii-rooftop-self-contained-bacnet,e5,Daikin,MicroTech III/4 — Rebel·RoofPak·Maverick II Rooftop & Self-Contained (BACnet),DPS 028,modelNumber,packagedUnit,extracted,Daikin_ED-19116_Rebel_Physical_Data.pdf,2,Physical Data Rebel® Physical Data — Model DPS 003 – 028,ratedAirflow,정격 풍량,10400,CFM
daikin-microtech-iii-4-rebel-roofpak-maverick-ii-rooftop-self-contained-bacnet,e5,Daikin,MicroTech III/4 — Rebel·RoofPak·Maverick II Rooftop & Self-Contained (BACnet),MPS 030-050,modelNumberRange,packagedUnit,manual,Daikin_CAT262_Maverick-II_MPS_Catalog.pdf,1,"Cover summary — Model MPS II, MPS 030-050",capacityClass,용량대,30 to 50 Tons,
daikin-microtech-iii-4-rebel-roofpak-maverick-ii-rooftop-self-contained-bacnet,e5,Daikin,MicroTech III/4 — Rebel·RoofPak·Maverick II Rooftop & Self-Contained (BACnet),MPS 030-050,modelNumberRange,packagedUnit,manual,Daikin_CAT262_Maverick-II_MPS_Catalog.pdf,1,"Cover summary — Model MPS II, MPS 030-050",eer,EER,10.0+,
daikin-microtech-iii-4-rebel-roofpak-maverick-ii-rooftop-self-contained-bacnet,e5,Daikin,MicroTech III/4 — Rebel·RoofPak·Maverick II Rooftop & Self-Contained (BACnet),MPS 030-050,modelNumberRange,packagedUnit,manual,Daikin_CAT262_Maverick-II_MPS_Catalog.pdf,1,"Cover summary — Model MPS II, MPS 030-050",ratedAirflow,정격 풍량,"Up to 20,000",CFM
daikin-microtech-iii-4-rebel-roofpak-maverick-ii-rooftop-self-contained-bacnet,e5,Daikin,MicroTech III/4 — Rebel·RoofPak·Maverick II Rooftop & Self-Contained (BACnet),SWP-J 23-99,modelNumberRange,packagedUnit,manual,Daikin_CAT861_Self-Contained_SWP_Catalog.pdf,1,"Cover summary — Model SWP-J, Size 23 to 99",capacityClass,용량대,30 to 115 Tons,
daikin-microtech-iii-4-rebel-roofpak-maverick-ii-rooftop-self-contained-bacnet,e5,Daikin,MicroTech III/4 — Rebel·RoofPak·Maverick II Rooftop & Self-Contained (BACnet),SWP-J 23-99,modelNumberRange,packagedUnit,manual,Daikin_CAT861_Self-Contained_SWP_Catalog.pdf,1,"Cover summary — Model SWP-J, Size 23 to 99",eer,EER,16.5 avg. AHRI,
daikin-microtech-iii-4-rebel-roofpak-maverick-ii-rooftop-self-contained-bacnet,e5,Daikin,MicroTech III/4 — Rebel·RoofPak·Maverick II Rooftop & Self-Contained (BACnet),SWP-J 23-99,modelNumberRange,packagedUnit,manual,Daikin_CAT861_Self-Contained_SWP_Catalog.pdf,1,"Cover summary — Model SWP-J, Size 23 to 99",ratedAirflow,정격 풍량,"6,000 to 32,000",CFM
johnson-controls-york-simplicity-se-smart-equipment-york-rooftop-units-modbus,e5,Johnson Controls / York,Simplicity SE (Smart Equipment) — York Rooftop Units (Modbus),ZJ037,modelNumber,packagedUnit,extracted,York_ZF-ZJ-ZR_3-12.5t_TechGuide_6046560-YTG-B-0921.pdf,15,ZJ037-061 Two Stage Gas Heat Physical Data + continued p16,ahriNetCoolingCapacity,AHRI 냉방능력,35000,MBh
johnson-controls-york-simplicity-se-smart-equipment-york-rooftop-units-modbus,e5,Johnson Controls / York,Simplicity SE (Smart Equipment) — York Rooftop Units (Modbus),ZJ037,modelNumber,packagedUnit,extracted,York_ZF-ZJ-ZR_3-12.5t_TechGuide_6046560-YTG-B-0921.pdf,15,ZJ037-061 Two Stage Gas Heat Physical Data + continued p16,capacityClass,용량대,3.0 Tons,
johnson-controls-york-simplicity-se-smart-equipment-york-rooftop-units-modbus,e5,Johnson Controls / York,Simplicity SE (Smart Equipment) — York Rooftop Units (Modbus),ZJ037,modelNumber,packagedUnit,extracted,York_ZF-ZJ-ZR_3-12.5t_TechGuide_6046560-YTG-B-0921.pdf,15,ZJ037-061 Two Stage Gas Heat Physical Data + continued p16,capacitySteps,용량 단계,100,%
johnson-controls-york-simplicity-se-smart-equipment-york-rooftop-units-modbus,e5,Johnson Controls / York,Simplicity SE (Smart Equipment) — York Rooftop Units (Modbus),ZJ037,modelNumber,packagedUnit,extracted,York_ZF-ZJ-ZR_3-12.5t_TechGuide_6046560-YTG-B-0921.pdf,15,ZJ037-061 Two Stage Gas Heat Physical Data + continued p16,coilFaceArea,코일 면적,18.5,sq ft
johnson-controls-york-simplicity-se-smart-equipment-york-rooftop-units-modbus,e5,Johnson Controls / York,Simplicity SE (Smart Equipment) — York Rooftop Units (Modbus),ZJ037,modelNumber,packagedUnit,extracted,York_ZF-ZJ-ZR_3-12.5t_TechGuide_6046560-YTG-B-0921.pdf,15,ZJ037-061 Two Stage Gas Heat Physical Data + continued p16,eer,EER,12.2,
johnson-controls-york-simplicity-se-smart-equipment-york-rooftop-units-modbus,e5,Johnson Controls / York,Simplicity SE (Smart Equipment) — York Rooftop Units (Modbus),ZJ037,modelNumber,packagedUnit,extracted,York_ZF-ZJ-ZR_3-12.5t_TechGuide_6046560-YTG-B-0921.pdf,15,ZJ037-061 Two Stage Gas Heat Physical Data + continued p16,fanMotorHp,팬 모터,1/3,HP
johnson-controls-york-simplicity-se-smart-equipment-york-rooftop-units-modbus,e5,Johnson Controls / York,Simplicity SE (Smart Equipment) — York Rooftop Units (Modbus),ZJ037,modelNumber,packagedUnit,extracted,York_ZF-ZJ-ZR_3-12.5t_TechGuide_6046560-YTG-B-0921.pdf,15,ZJ037-061 Two Stage Gas Heat Physical Data + continued p16,grossCoolingCapacity,냉방능력,36000,MBh
johnson-controls-york-simplicity-se-smart-equipment-york-rooftop-units-modbus,e5,Johnson Controls / York,Simplicity SE (Smart Equipment) — York Rooftop Units (Modbus),ZJ037,modelNumber,packagedUnit,extracted,York_ZF-ZJ-ZR_3-12.5t_TechGuide_6046560-YTG-B-0921.pdf,15,ZJ037-061 Two Stage Gas Heat Physical Data + continued p16,ratedAirflow,정격 풍량,1200,CFM
johnson-controls-york-simplicity-se-smart-equipment-york-rooftop-units-modbus,e5,Johnson Controls / York,Simplicity SE (Smart Equipment) — York Rooftop Units (Modbus),ZJ037,modelNumber,packagedUnit,extracted,York_ZF-ZJ-ZR_3-12.5t_TechGuide_6046560-YTG-B-0921.pdf,15,ZJ037-061 Two Stage Gas Heat Physical Data + continued p16,refrigerantControl,팽창 장치,TXV,
johnson-controls-york-simplicity-se-smart-equipment-york-rooftop-units-modbus,e5,Johnson Controls / York,Simplicity SE (Smart Equipment) — York Rooftop Units (Modbus),ZJ037,modelNumber,packagedUnit,extracted,York_ZF-ZJ-ZR_3-12.5t_TechGuide_6046560-YTG-B-0921.pdf,15,ZJ037-061 Two Stage Gas Heat Physical Data + continued p16,systemPower,시스템 소비전력,2.87,kW
johnson-controls-york-simplicity-se-smart-equipment-york-rooftop-units-modbus,e5,Johnson Controls / York,Simplicity SE (Smart Equipment) — York Rooftop Units (Modbus),ZJ049,modelNumber,packagedUnit,extracted,York_ZF-ZJ-ZR_3-12.5t_TechGuide_6046560-YTG-B-0921.pdf,15,ZJ037-061 Two Stage Gas Heat Physical Data + continued p16,ahriNetCoolingCapacity,AHRI 냉방능력,47000,MBh
johnson-controls-york-simplicity-se-smart-equipment-york-rooftop-units-modbus,e5,Johnson Controls / York,Simplicity SE (Smart Equipment) — York Rooftop Units (Modbus),ZJ049,modelNumber,packagedUnit,extracted,York_ZF-ZJ-ZR_3-12.5t_TechGuide_6046560-YTG-B-0921.pdf,15,ZJ037-061 Two Stage Gas Heat Physical Data + continued p16,capacityClass,용량대,4.0 Tons,
johnson-controls-york-simplicity-se-smart-equipment-york-rooftop-units-modbus,e5,Johnson Controls / York,Simplicity SE (Smart Equipment) — York Rooftop Units (Modbus),ZJ049,modelNumber,packagedUnit,extracted,York_ZF-ZJ-ZR_3-12.5t_TechGuide_6046560-YTG-B-0921.pdf,15,ZJ037-061 Two Stage Gas Heat Physical Data + continued p16,capacitySteps,용량 단계,100,%
johnson-controls-york-simplicity-se-smart-equipment-york-rooftop-units-modbus,e5,Johnson Controls / York,Simplicity SE (Smart Equipment) — York Rooftop Units (Modbus),ZJ049,modelNumber,packagedUnit,extracted,York_ZF-ZJ-ZR_3-12.5t_TechGuide_6046560-YTG-B-0921.pdf,15,ZJ037-061 Two Stage Gas Heat Physical Data + continued p16,coilFaceArea,코일 면적,23.8,sq ft
johnson-controls-york-simplicity-se-smart-equipment-york-rooftop-units-modbus,e5,Johnson Controls / York,Simplicity SE (Smart Equipment) — York Rooftop Units (Modbus),ZJ049,modelNumber,packagedUnit,extracted,York_ZF-ZJ-ZR_3-12.5t_TechGuide_6046560-YTG-B-0921.pdf,15,ZJ037-061 Two Stage Gas Heat Physical Data + continued p16,eer,EER,12.2,
johnson-controls-york-simplicity-se-smart-equipment-york-rooftop-units-modbus,e5,Johnson Controls / York,Simplicity SE (Smart Equipment) — York Rooftop Units (Modbus),ZJ049,modelNumber,packagedUnit,extracted,York_ZF-ZJ-ZR_3-12.5t_TechGuide_6046560-YTG-B-0921.pdf,15,ZJ037-061 Two Stage Gas Heat Physical Data + continued p16,fanMotorHp,팬 모터,1/3,HP
johnson-controls-york-simplicity-se-smart-equipment-york-rooftop-units-modbus,e5,Johnson Controls / York,Simplicity SE (Smart Equipment) — York Rooftop Units (Modbus),ZJ049,modelNumber,packagedUnit,extracted,York_ZF-ZJ-ZR_3-12.5t_TechGuide_6046560-YTG-B-0921.pdf,15,ZJ037-061 Two Stage Gas Heat Physical Data + continued p16,grossCoolingCapacity,냉방능력,48500,MBh
johnson-controls-york-simplicity-se-smart-equipment-york-rooftop-units-modbus,e5,Johnson Controls / York,Simplicity SE (Smart Equipment) — York Rooftop Units (Modbus),ZJ049,modelNumber,packagedUnit,extracted,York_ZF-ZJ-ZR_3-12.5t_TechGuide_6046560-YTG-B-0921.pdf,15,ZJ037-061 Two Stage Gas Heat Physical Data + continued p16,ratedAirflow,정격 풍량,1600,CFM
johnson-controls-york-simplicity-se-smart-equipment-york-rooftop-units-modbus,e5,Johnson Controls / York,Simplicity SE (Smart Equipment) — York Rooftop Units (Modbus),ZJ049,modelNumber,packagedUnit,extracted,York_ZF-ZJ-ZR_3-12.5t_TechGuide_6046560-YTG-B-0921.pdf,15,ZJ037-061 Two Stage Gas Heat Physical Data + continued p16,refrigerantControl,팽창 장치,TXV,
johnson-controls-york-simplicity-se-smart-equipment-york-rooftop-units-modbus,e5,Johnson Controls / York,Simplicity SE (Smart Equipment) — York Rooftop Units (Modbus),ZJ049,modelNumber,packagedUnit,extracted,York_ZF-ZJ-ZR_3-12.5t_TechGuide_6046560-YTG-B-0921.pdf,15,ZJ037-061 Two Stage Gas Heat Physical Data + continued p16,systemPower,시스템 소비전력,3.85,kW
johnson-controls-york-simplicity-se-smart-equipment-york-rooftop-units-modbus,e5,Johnson Controls / York,Simplicity SE (Smart Equipment) — York Rooftop Units (Modbus),ZJ061,modelNumber,packagedUnit,extracted,York_ZF-ZJ-ZR_3-12.5t_TechGuide_6046560-YTG-B-0921.pdf,15,ZJ037-061 Two Stage Gas Heat Physical Data + continued p16,ahriNetCoolingCapacity,AHRI 냉방능력,57000,MBh
johnson-controls-york-simplicity-se-smart-equipment-york-rooftop-units-modbus,e5,Johnson Controls / York,Simplicity SE (Smart Equipment) — York Rooftop Units (Modbus),ZJ061,modelNumber,packagedUnit,extracted,York_ZF-ZJ-ZR_3-12.5t_TechGuide_6046560-YTG-B-0921.pdf,15,ZJ037-061 Two Stage Gas Heat Physical Data + continued p16,capacityClass,용량대,5.0 Tons,
johnson-controls-york-simplicity-se-smart-equipment-york-rooftop-units-modbus,e5,Johnson Controls / York,Simplicity SE (Smart Equipment) — York Rooftop Units (Modbus),ZJ061,modelNumber,packagedUnit,extracted,York_ZF-ZJ-ZR_3-12.5t_TechGuide_6046560-YTG-B-0921.pdf,15,ZJ037-061 Two Stage Gas Heat Physical Data + continued p16,capacitySteps,용량 단계,100,%
johnson-controls-york-simplicity-se-smart-equipment-york-rooftop-units-modbus,e5,Johnson Controls / York,Simplicity SE (Smart Equipment) — York Rooftop Units (Modbus),ZJ061,modelNumber,packagedUnit,extracted,York_ZF-ZJ-ZR_3-12.5t_TechGuide_6046560-YTG-B-0921.pdf,15,ZJ037-061 Two Stage Gas Heat Physical Data + continued p16,coilFaceArea,코일 면적,23.8,sq ft
johnson-controls-york-simplicity-se-smart-equipment-york-rooftop-units-modbus,e5,Johnson Controls / York,Simplicity SE (Smart Equipment) — York Rooftop Units (Modbus),ZJ061,modelNumber,packagedUnit,extracted,York_ZF-ZJ-ZR_3-12.5t_TechGuide_6046560-YTG-B-0921.pdf,15,ZJ037-061 Two Stage Gas Heat Physical Data + continued p16,eer,EER,12.2,
johnson-controls-york-simplicity-se-smart-equipment-york-rooftop-units-modbus,e5,Johnson Controls / York,Simplicity SE (Smart Equipment) — York Rooftop Units (Modbus),ZJ061,modelNumber,packagedUnit,extracted,York_ZF-ZJ-ZR_3-12.5t_TechGuide_6046560-YTG-B-0921.pdf,15,ZJ037-061 Two Stage Gas Heat Physical Data + continued p16,fanMotorHp,팬 모터,1/3,HP
johnson-controls-york-simplicity-se-smart-equipment-york-rooftop-units-modbus,e5,Johnson Controls / York,Simplicity SE (Smart Equipment) — York Rooftop Units (Modbus),ZJ061,modelNumber,packagedUnit,extracted,York_ZF-ZJ-ZR_3-12.5t_TechGuide_6046560-YTG-B-0921.pdf,15,ZJ037-061 Two Stage Gas Heat Physical Data + continued p16,grossCoolingCapacity,냉방능력,59000,MBh
johnson-controls-york-simplicity-se-smart-equipment-york-rooftop-units-modbus,e5,Johnson Controls / York,Simplicity SE (Smart Equipment) — York Rooftop Units (Modbus),ZJ061,modelNumber,packagedUnit,extracted,York_ZF-ZJ-ZR_3-12.5t_TechGuide_6046560-YTG-B-0921.pdf,15,ZJ037-061 Two Stage Gas Heat Physical Data + continued p16,ratedAirflow,정격 풍량,2000,CFM
johnson-controls-york-simplicity-se-smart-equipment-york-rooftop-units-modbus,e5,Johnson Controls / York,Simplicity SE (Smart Equipment) — York Rooftop Units (Modbus),ZJ061,modelNumber,packagedUnit,extracted,York_ZF-ZJ-ZR_3-12.5t_TechGuide_6046560-YTG-B-0921.pdf,15,ZJ037-061 Two Stage Gas Heat Physical Data + continued p16,refrigerantControl,팽창 장치,TXV,
johnson-controls-york-simplicity-se-smart-equipment-york-rooftop-units-modbus,e5,Johnson Controls / York,Simplicity SE (Smart Equipment) — York Rooftop Units (Modbus),ZJ061,modelNumber,packagedUnit,extracted,York_ZF-ZJ-ZR_3-12.5t_TechGuide_6046560-YTG-B-0921.pdf,15,ZJ037-061 Two Stage Gas Heat Physical Data + continued p16,systemPower,시스템 소비전력,4.67,kW
johnson-controls-york-simplicity-se-smart-equipment-york-rooftop-units-modbus,e5,Johnson Controls / York,Simplicity SE (Smart Equipment) — York Rooftop Units (Modbus),ZJ078,modelNumber,packagedUnit,extracted,York_ZF-ZJ-ZR_3-12.5t_TechGuide_6046560-YTG-B-0921.pdf,17,ZJ078-150 Physical Data + continued p18,ahriNetCoolingCapacity,AHRI 냉방능력,74000,Btu/h
johnson-controls-york-simplicity-se-smart-equipment-york-rooftop-units-modbus,e5,Johnson Controls / York,Simplicity SE (Smart Equipment) — York Rooftop Units (Modbus),ZJ078,modelNumber,packagedUnit,extracted,York_ZF-ZJ-ZR_3-12.5t_TechGuide_6046560-YTG-B-0921.pdf,17,ZJ078-150 Physical Data + continued p18,capacityClass,용량대,6.5 Tons,
johnson-controls-york-simplicity-se-smart-equipment-york-rooftop-units-modbus,e5,Johnson Controls / York,Simplicity SE (Smart Equipment) — York Rooftop Units (Modbus),ZJ078,modelNumber,packagedUnit,extracted,York_ZF-ZJ-ZR_3-12.5t_TechGuide_6046560-YTG-B-0921.pdf,17,ZJ078-150 Physical Data + continued p18,capacitySteps,용량 단계,50 / 100,%
johnson-controls-york-simplicity-se-smart-equipment-york-rooftop-units-modbus,e5,Johnson Controls / York,Simplicity SE (Smart Equipment) — York Rooftop Units (Modbus),ZJ078,modelNumber,packagedUnit,extracted,York_ZF-ZJ-ZR_3-12.5t_TechGuide_6046560-YTG-B-0921.pdf,17,ZJ078-150 Physical Data + continued p18,coilFaceArea,코일 면적,29.0,sq ft
johnson-controls-york-simplicity-se-smart-equipment-york-rooftop-units-modbus,e5,Johnson Controls / York,Simplicity SE (Smart Equipment) — York Rooftop Units (Modbus),ZJ078,modelNumber,packagedUnit,extracted,York_ZF-ZJ-ZR_3-12.5t_TechGuide_6046560-YTG-B-0921.pdf,17,ZJ078-150 Physical Data + continued p18,eer,EER,11.8,
johnson-controls-york-simplicity-se-smart-equipment-york-rooftop-units-modbus,e5,Johnson Controls / York,Simplicity SE (Smart Equipment) — York Rooftop Units (Modbus),ZJ078,modelNumber,packagedUnit,extracted,York_ZF-ZJ-ZR_3-12.5t_TechGuide_6046560-YTG-B-0921.pdf,17,ZJ078-150 Physical Data + continued p18,fanMotorHp,팬 모터,1/3,HP
johnson-controls-york-simplicity-se-smart-equipment-york-rooftop-units-modbus,e5,Johnson Controls / York,Simplicity SE (Smart Equipment) — York Rooftop Units (Modbus),ZJ078,modelNumber,packagedUnit,extracted,York_ZF-ZJ-ZR_3-12.5t_TechGuide_6046560-YTG-B-0921.pdf,17,ZJ078-150 Physical Data + continued p18,grossCoolingCapacity,냉방능력,76000,Btu/h
johnson-controls-york-simplicity-se-smart-equipment-york-rooftop-units-modbus,e5,Johnson Controls / York,Simplicity SE (Smart Equipment) — York Rooftop Units (Modbus),ZJ078,modelNumber,packagedUnit,extracted,York_ZF-ZJ-ZR_3-12.5t_TechGuide_6046560-YTG-B-0921.pdf,17,ZJ078-150 Physical Data + continued p18,ieer,IEER,13.20,
johnson-controls-york-simplicity-se-smart-equipment-york-rooftop-units-modbus,e5,Johnson Controls / York,Simplicity SE (Smart Equipment) — York Rooftop Units (Modbus),ZJ078,modelNumber,packagedUnit,extracted,York_ZF-ZJ-ZR_3-12.5t_TechGuide_6046560-YTG-B-0921.pdf,17,ZJ078-150 Physical Data + continued p18,ratedAirflow,정격 풍량,2500,CFM
johnson-controls-york-simplicity-se-smart-equipment-york-rooftop-units-modbus,e5,Johnson Controls / York,Simplicity SE (Smart Equipment) — York Rooftop Units (Modbus),ZJ078,modelNumber,packagedUnit,extracted,York_ZF-ZJ-ZR_3-12.5t_TechGuide_6046560-YTG-B-0921.pdf,17,ZJ078-150 Physical Data + continued p18,refrigerantControl,팽창 장치,TXV,
johnson-controls-york-simplicity-se-smart-equipment-york-rooftop-units-modbus,e5,Johnson Controls / York,Simplicity SE (Smart Equipment) — York Rooftop Units (Modbus),ZJ078,modelNumber,packagedUnit,extracted,York_ZF-ZJ-ZR_3-12.5t_TechGuide_6046560-YTG-B-0921.pdf,17,ZJ078-150 Physical Data + continued p18,systemPower,시스템 소비전력,6.40,kW
johnson-controls-york-simplicity-se-smart-equipment-york-rooftop-units-modbus,e5,Johnson Controls / York,Simplicity SE (Smart Equipment) — York Rooftop Units (Modbus),ZJ090,modelNumber,packagedUnit,extracted,York_ZF-ZJ-ZR_3-12.5t_TechGuide_6046560-YTG-B-0921.pdf,17,ZJ078-150 Physical Data + continued p18,ahriNetCoolingCapacity,AHRI 냉방능력,86000,Btu/h
johnson-controls-york-simplicity-se-smart-equipment-york-rooftop-units-modbus,e5,Johnson Controls / York,Simplicity SE (Smart Equipment) — York Rooftop Units (Modbus),ZJ090,modelNumber,packagedUnit,extracted,York_ZF-ZJ-ZR_3-12.5t_TechGuide_6046560-YTG-B-0921.pdf,17,ZJ078-150 Physical Data + continued p18,capacityClass,용량대,7.5 Tons,
johnson-controls-york-simplicity-se-smart-equipment-york-rooftop-units-modbus,e5,Johnson Controls / York,Simplicity SE (Smart Equipment) — York Rooftop Units (Modbus),ZJ090,modelNumber,packagedUnit,extracted,York_ZF-ZJ-ZR_3-12.5t_TechGuide_6046560-YTG-B-0921.pdf,17,ZJ078-150 Physical Data + continued p18,capacitySteps,용량 단계,50 / 100,%
johnson-controls-york-simplicity-se-smart-equipment-york-rooftop-units-modbus,e5,Johnson Controls / York,Simplicity SE (Smart Equipment) — York Rooftop Units (Modbus),ZJ090,modelNumber,packagedUnit,extracted,York_ZF-ZJ-ZR_3-12.5t_TechGuide_6046560-YTG-B-0921.pdf,17,ZJ078-150 Physical Data + continued p18,coilFaceArea,코일 면적,23.8,sq ft
johnson-controls-york-simplicity-se-smart-equipment-york-rooftop-units-modbus,e5,Johnson Controls / York,Simplicity SE (Smart Equipment) — York Rooftop Units (Modbus),ZJ090,modelNumber,packagedUnit,extracted,York_ZF-ZJ-ZR_3-12.5t_TechGuide_6046560-YTG-B-0921.pdf,17,ZJ078-150 Physical Data + continued p18,eer,EER,12.21/12.02,
johnson-controls-york-simplicity-se-smart-equipment-york-rooftop-units-modbus,e5,Johnson Controls / York,Simplicity SE (Smart Equipment) — York Rooftop Units (Modbus),ZJ090,modelNumber,packagedUnit,extracted,York_ZF-ZJ-ZR_3-12.5t_TechGuide_6046560-YTG-B-0921.pdf,17,ZJ078-150 Physical Data + continued p18,fanMotorHp,팬 모터,3/4,HP
johnson-controls-york-simplicity-se-smart-equipment-york-rooftop-units-modbus,e5,Johnson Controls / York,Simplicity SE (Smart Equipment) — York Rooftop Units (Modbus),ZJ090,modelNumber,packagedUnit,extracted,York_ZF-ZJ-ZR_3-12.5t_TechGuide_6046560-YTG-B-0921.pdf,17,ZJ078-150 Physical Data + continued p18,grossCoolingCapacity,냉방능력,88000,Btu/h
johnson-controls-york-simplicity-se-smart-equipment-york-rooftop-units-modbus,e5,Johnson Controls / York,Simplicity SE (Smart Equipment) — York Rooftop Units (Modbus),ZJ090,modelNumber,packagedUnit,extracted,York_ZF-ZJ-ZR_3-12.5t_TechGuide_6046560-YTG-B-0921.pdf,17,ZJ078-150 Physical Data + continued p18,ieer,IEER,13.21/13.02,
johnson-controls-york-simplicity-se-smart-equipment-york-rooftop-units-modbus,e5,Johnson Controls / York,Simplicity SE (Smart Equipment) — York Rooftop Units (Modbus),ZJ090,modelNumber,packagedUnit,extracted,York_ZF-ZJ-ZR_3-12.5t_TechGuide_6046560-YTG-B-0921.pdf,17,ZJ078-150 Physical Data + continued p18,ratedAirflow,정격 풍량,2500,CFM
johnson-controls-york-simplicity-se-smart-equipment-york-rooftop-units-modbus,e5,Johnson Controls / York,Simplicity SE (Smart Equipment) — York Rooftop Units (Modbus),ZJ090,modelNumber,packagedUnit,extracted,York_ZF-ZJ-ZR_3-12.5t_TechGuide_6046560-YTG-B-0921.pdf,17,ZJ078-150 Physical Data + continued p18,refrigerantControl,팽창 장치,TXV,
johnson-controls-york-simplicity-se-smart-equipment-york-rooftop-units-modbus,e5,Johnson Controls / York,Simplicity SE (Smart Equipment) — York Rooftop Units (Modbus),ZJ090,modelNumber,packagedUnit,extracted,York_ZF-ZJ-ZR_3-12.5t_TechGuide_6046560-YTG-B-0921.pdf,17,ZJ078-150 Physical Data + continued p18,systemPower,시스템 소비전력,7.17,kW
johnson-controls-york-simplicity-se-smart-equipment-york-rooftop-units-modbus,e5,Johnson Controls / York,Simplicity SE (Smart Equipment) — York Rooftop Units (Modbus),ZJ102,modelNumber,packagedUnit,extracted,York_ZF-ZJ-ZR_3-12.5t_TechGuide_6046560-YTG-B-0921.pdf,17,ZJ078-150 Physical Data + continued p18,ahriNetCoolingCapacity,AHRI 냉방능력,96000,Btu/h
johnson-controls-york-simplicity-se-smart-equipment-york-rooftop-units-modbus,e5,Johnson Controls / York,Simplicity SE (Smart Equipment) — York Rooftop Units (Modbus),ZJ102,modelNumber,packagedUnit,extracted,York_ZF-ZJ-ZR_3-12.5t_TechGuide_6046560-YTG-B-0921.pdf,17,ZJ078-150 Physical Data + continued p18,capacityClass,용량대,8.5 Tons,
johnson-controls-york-simplicity-se-smart-equipment-york-rooftop-units-modbus,e5,Johnson Controls / York,Simplicity SE (Smart Equipment) — York Rooftop Units (Modbus),ZJ102,modelNumber,packagedUnit,extracted,York_ZF-ZJ-ZR_3-12.5t_TechGuide_6046560-YTG-B-0921.pdf,17,ZJ078-150 Physical Data + continued p18,capacitySteps,용량 단계,50 / 100,%
johnson-controls-york-simplicity-se-smart-equipment-york-rooftop-units-modbus,e5,Johnson Controls / York,Simplicity SE (Smart Equipment) — York Rooftop Units (Modbus),ZJ102,modelNumber,packagedUnit,extracted,York_ZF-ZJ-ZR_3-12.5t_TechGuide_6046560-YTG-B-0921.pdf,17,ZJ078-150 Physical Data + continued p18,coilFaceArea,코일 면적,29.0,sq ft
johnson-controls-york-simplicity-se-smart-equipment-york-rooftop-units-modbus,e5,Johnson Controls / York,Simplicity SE (Smart Equipment) — York Rooftop Units (Modbus),ZJ102,modelNumber,packagedUnit,extracted,York_ZF-ZJ-ZR_3-12.5t_TechGuide_6046560-YTG-B-0921.pdf,17,ZJ078-150 Physical Data + continued p18,eer,EER,12.21/12.02,
johnson-controls-york-simplicity-se-smart-equipment-york-rooftop-units-modbus,e5,Johnson Controls / York,Simplicity SE (Smart Equipment) — York Rooftop Units (Modbus),ZJ102,modelNumber,packagedUnit,extracted,York_ZF-ZJ-ZR_3-12.5t_TechGuide_6046560-YTG-B-0921.pdf,17,ZJ078-150 Physical Data + continued p18,fanMotorHp,팬 모터,3/4,HP
johnson-controls-york-simplicity-se-smart-equipment-york-rooftop-units-modbus,e5,Johnson Controls / York,Simplicity SE (Smart Equipment) — York Rooftop Units (Modbus),ZJ102,modelNumber,packagedUnit,extracted,York_ZF-ZJ-ZR_3-12.5t_TechGuide_6046560-YTG-B-0921.pdf,17,ZJ078-150 Physical Data + continued p18,grossCoolingCapacity,냉방능력,99700,Btu/h
johnson-controls-york-simplicity-se-smart-equipment-york-rooftop-units-modbus,e5,Johnson Controls / York,Simplicity SE (Smart Equipment) — York Rooftop Units (Modbus),ZJ102,modelNumber,packagedUnit,extracted,York_ZF-ZJ-ZR_3-12.5t_TechGuide_6046560-YTG-B-0921.pdf,17,ZJ078-150 Physical Data + continued p18,ieer,IEER,13.0,
johnson-controls-york-simplicity-se-smart-equipment-york-rooftop-units-modbus,e5,Johnson Controls / York,Simplicity SE (Smart Equipment) — York Rooftop Units (Modbus),ZJ102,modelNumber,packagedUnit,extracted,York_ZF-ZJ-ZR_3-12.5t_TechGuide_6046560-YTG-B-0921.pdf,17,ZJ078-150 Physical Data + continued p18,ratedAirflow,정격 풍량,3300,CFM
johnson-controls-york-simplicity-se-smart-equipment-york-rooftop-units-modbus,e5,Johnson Controls / York,Simplicity SE (Smart Equipment) — York Rooftop Units (Modbus),ZJ102,modelNumber,packagedUnit,extracted,York_ZF-ZJ-ZR_3-12.5t_TechGuide_6046560-YTG-B-0921.pdf,17,ZJ078-150 Physical Data + continued p18,refrigerantControl,팽창 장치,TXV,
johnson-controls-york-simplicity-se-smart-equipment-york-rooftop-units-modbus,e5,Johnson Controls / York,Simplicity SE (Smart Equipment) — York Rooftop Units (Modbus),ZJ102,modelNumber,packagedUnit,extracted,York_ZF-ZJ-ZR_3-12.5t_TechGuide_6046560-YTG-B-0921.pdf,17,ZJ078-150 Physical Data + continued p18,systemPower,시스템 소비전력,8.00,kW
johnson-controls-york-simplicity-se-smart-equipment-york-rooftop-units-modbus,e5,Johnson Controls / York,Simplicity SE (Smart Equipment) — York Rooftop Units (Modbus),ZJ120,modelNumber,packagedUnit,extracted,York_ZF-ZJ-ZR_3-12.5t_TechGuide_6046560-YTG-B-0921.pdf,17,ZJ078-150 Physical Data + continued p18,ahriNetCoolingCapacity,AHRI 냉방능력,120000,Btu/h
johnson-controls-york-simplicity-se-smart-equipment-york-rooftop-units-modbus,e5,Johnson Controls / York,Simplicity SE (Smart Equipment) — York Rooftop Units (Modbus),ZJ120,modelNumber,packagedUnit,extracted,York_ZF-ZJ-ZR_3-12.5t_TechGuide_6046560-YTG-B-0921.pdf,17,ZJ078-150 Physical Data + continued p18,capacityClass,용량대,10 Tons,
johnson-controls-york-simplicity-se-smart-equipment-york-rooftop-units-modbus,e5,Johnson Controls / York,Simplicity SE (Smart Equipment) — York Rooftop Units (Modbus),ZJ120,modelNumber,packagedUnit,extracted,York_ZF-ZJ-ZR_3-12.5t_TechGuide_6046560-YTG-B-0921.pdf,17,ZJ078-150 Physical Data + continued p18,capacitySteps,용량 단계,50 / 100,%
johnson-controls-york-simplicity-se-smart-equipment-york-rooftop-units-modbus,e5,Johnson Controls / York,Simplicity SE (Smart Equipment) — York Rooftop Units (Modbus),ZJ120,modelNumber,packagedUnit,extracted,York_ZF-ZJ-ZR_3-12.5t_TechGuide_6046560-YTG-B-0921.pdf,17,ZJ078-150 Physical Data + continued p18,coilFaceArea,코일 면적,29.0,sq ft
johnson-controls-york-simplicity-se-smart-equipment-york-rooftop-units-modbus,e5,Johnson Controls / York,Simplicity SE (Smart Equipment) — York Rooftop Units (Modbus),ZJ120,modelNumber,packagedUnit,extracted,York_ZF-ZJ-ZR_3-12.5t_TechGuide_6046560-YTG-B-0921.pdf,17,ZJ078-150 Physical Data + continued p18,eer,EER,12.0,
johnson-controls-york-simplicity-se-smart-equipment-york-rooftop-units-modbus,e5,Johnson Controls / York,Simplicity SE (Smart Equipment) — York Rooftop Units (Modbus),ZJ120,modelNumber,packagedUnit,extracted,York_ZF-ZJ-ZR_3-12.5t_TechGuide_6046560-YTG-B-0921.pdf,17,ZJ078-150 Physical Data + continued p18,fanMotorHp,팬 모터,3/4,HP
johnson-controls-york-simplicity-se-smart-equipment-york-rooftop-units-modbus,e5,Johnson Controls / York,Simplicity SE (Smart Equipment) — York Rooftop Units (Modbus),ZJ120,modelNumber,packagedUnit,extracted,York_ZF-ZJ-ZR_3-12.5t_TechGuide_6046560-YTG-B-0921.pdf,17,ZJ078-150 Physical Data + continued p18,grossCoolingCapacity,냉방능력,124000,Btu/h
johnson-controls-york-simplicity-se-smart-equipment-york-rooftop-units-modbus,e5,Johnson Controls / York,Simplicity SE (Smart Equipment) — York Rooftop Units (Modbus),ZJ120,modelNumber,packagedUnit,extracted,York_ZF-ZJ-ZR_3-12.5t_TechGuide_6046560-YTG-B-0921.pdf,17,ZJ078-150 Physical Data + continued p18,ieer,IEER,12.91/12.82,
johnson-controls-york-simplicity-se-smart-equipment-york-rooftop-units-modbus,e5,Johnson Controls / York,Simplicity SE (Smart Equipment) — York Rooftop Units (Modbus),ZJ120,modelNumber,packagedUnit,extracted,York_ZF-ZJ-ZR_3-12.5t_TechGuide_6046560-YTG-B-0921.pdf,17,ZJ078-150 Physical Data + continued p18,ratedAirflow,정격 풍량,3400,CFM
johnson-controls-york-simplicity-se-smart-equipment-york-rooftop-units-modbus,e5,Johnson Controls / York,Simplicity SE (Smart Equipment) — York Rooftop Units (Modbus),ZJ120,modelNumber,packagedUnit,extracted,York_ZF-ZJ-ZR_3-12.5t_TechGuide_6046560-YTG-B-0921.pdf,17,ZJ078-150 Physical Data + continued p18,refrigerantControl,팽창 장치,TXV,
johnson-controls-york-simplicity-se-smart-equipment-york-rooftop-units-modbus,e5,Johnson Controls / York,Simplicity SE (Smart Equipment) — York Rooftop Units (Modbus),ZJ120,modelNumber,packagedUnit,extracted,York_ZF-ZJ-ZR_3-12.5t_TechGuide_6046560-YTG-B-0921.pdf,17,ZJ078-150 Physical Data + continued p18,systemPower,시스템 소비전력,9.80,kW
johnson-controls-york-simplicity-se-smart-equipment-york-rooftop-units-modbus,e5,Johnson Controls / York,Simplicity SE (Smart Equipment) — York Rooftop Units (Modbus),ZJ150,modelNumber,packagedUnit,extracted,York_ZF-ZJ-ZR_3-12.5t_TechGuide_6046560-YTG-B-0921.pdf,17,ZJ078-150 Physical Data + continued p18,ahriNetCoolingCapacity,AHRI 냉방능력,150000,Btu/h
johnson-controls-york-simplicity-se-smart-equipment-york-rooftop-units-modbus,e5,Johnson Controls / York,Simplicity SE (Smart Equipment) — York Rooftop Units (Modbus),ZJ150,modelNumber,packagedUnit,extracted,York_ZF-ZJ-ZR_3-12.5t_TechGuide_6046560-YTG-B-0921.pdf,17,ZJ078-150 Physical Data + continued p18,capacityClass,용량대,12.5 Tons,
johnson-controls-york-simplicity-se-smart-equipment-york-rooftop-units-modbus,e5,Johnson Controls / York,Simplicity SE (Smart Equipment) — York Rooftop Units (Modbus),ZJ150,modelNumber,packagedUnit,extracted,York_ZF-ZJ-ZR_3-12.5t_TechGuide_6046560-YTG-B-0921.pdf,17,ZJ078-150 Physical Data + continued p18,capacitySteps,용량 단계,50 / 100,%
johnson-controls-york-simplicity-se-smart-equipment-york-rooftop-units-modbus,e5,Johnson Controls / York,Simplicity SE (Smart Equipment) — York Rooftop Units (Modbus),ZJ150,modelNumber,packagedUnit,extracted,York_ZF-ZJ-ZR_3-12.5t_TechGuide_6046560-YTG-B-0921.pdf,17,ZJ078-150 Physical Data + continued p18,coilFaceArea,코일 면적,47.5,sq ft
johnson-controls-york-simplicity-se-smart-equipment-york-rooftop-units-modbus,e5,Johnson Controls / York,Simplicity SE (Smart Equipment) — York Rooftop Units (Modbus),ZJ150,modelNumber,packagedUnit,extracted,York_ZF-ZJ-ZR_3-12.5t_TechGuide_6046560-YTG-B-0921.pdf,17,ZJ078-150 Physical Data + continued p18,eer,EER,12.11/122,
johnson-controls-york-simplicity-se-smart-equipment-york-rooftop-units-modbus,e5,Johnson Controls / York,Simplicity SE (Smart Equipment) — York Rooftop Units (Modbus),ZJ150,modelNumber,packagedUnit,extracted,York_ZF-ZJ-ZR_3-12.5t_TechGuide_6046560-YTG-B-0921.pdf,17,ZJ078-150 Physical Data + continued p18,fanMotorHp,팬 모터,1/3,HP
johnson-controls-york-simplicity-se-smart-equipment-york-rooftop-units-modbus,e5,Johnson Controls / York,Simplicity SE (Smart Equipment) — York Rooftop Units (Modbus),ZJ150,modelNumber,packagedUnit,extracted,York_ZF-ZJ-ZR_3-12.5t_TechGuide_6046560-YTG-B-0921.pdf,17,ZJ078-150 Physical Data + continued p18,grossCoolingCapacity,냉방능력,154000,Btu/h
johnson-controls-york-simplicity-se-smart-equipment-york-rooftop-units-modbus,e5,Johnson Controls / York,Simplicity SE (Smart Equipment) — York Rooftop Units (Modbus),ZJ150,modelNumber,packagedUnit,extracted,York_ZF-ZJ-ZR_3-12.5t_TechGuide_6046560-YTG-B-0921.pdf,17,ZJ078-150 Physical Data + continued p18,ieer,IEER,13.71/13.52,
johnson-controls-york-simplicity-se-smart-equipment-york-rooftop-units-modbus,e5,Johnson Controls / York,Simplicity SE (Smart Equipment) — York Rooftop Units (Modbus),ZJ150,modelNumber,packagedUnit,extracted,York_ZF-ZJ-ZR_3-12.5t_TechGuide_6046560-YTG-B-0921.pdf,17,ZJ078-150 Physical Data + continued p18,ratedAirflow,정격 풍량,3500,CFM
johnson-controls-york-simplicity-se-smart-equipment-york-rooftop-units-modbus,e5,Johnson Controls / York,Simplicity SE (Smart Equipment) — York Rooftop Units (Modbus),ZJ150,modelNumber,packagedUnit,extracted,York_ZF-ZJ-ZR_3-12.5t_TechGuide_6046560-YTG-B-0921.pdf,17,ZJ078-150 Physical Data + continued p18,refrigerantControl,팽창 장치,TXV,
johnson-controls-york-simplicity-se-smart-equipment-york-rooftop-units-modbus,e5,Johnson Controls / York,Simplicity SE (Smart Equipment) — York Rooftop Units (Modbus),ZJ150,modelNumber,packagedUnit,extracted,York_ZF-ZJ-ZR_3-12.5t_TechGuide_6046560-YTG-B-0921.pdf,17,ZJ078-150 Physical Data + continued p18,systemPower,시스템 소비전력,12.50,kW
johnson-controls-york-simplicity-se-smart-equipment-york-rooftop-units-modbus,e5,Johnson Controls / York,Simplicity SE (Smart Equipment) — York Rooftop Units (Modbus),ZR037,modelNumber,packagedUnit,extracted,York_ZF-ZJ-ZR_3-12.5t_TechGuide_6046560-YTG-B-0921.pdf,19,ZR037-061 Two Stage Gas Heat Physical Data + continued p20,ahriNetCoolingCapacity,AHRI 냉방능력,35600,Btu/h
johnson-controls-york-simplicity-se-smart-equipment-york-rooftop-units-modbus,e5,Johnson Controls / York,Simplicity SE (Smart Equipment) — York Rooftop Units (Modbus),ZR037,modelNumber,packagedUnit,extracted,York_ZF-ZJ-ZR_3-12.5t_TechGuide_6046560-YTG-B-0921.pdf,19,ZR037-061 Two Stage Gas Heat Physical Data + continued p20,capacityClass,용량대,3 Tons,
johnson-controls-york-simplicity-se-smart-equipment-york-rooftop-units-modbus,e5,Johnson Controls / York,Simplicity SE (Smart Equipment) — York Rooftop Units (Modbus),ZR037,modelNumber,packagedUnit,extracted,York_ZF-ZJ-ZR_3-12.5t_TechGuide_6046560-YTG-B-0921.pdf,19,ZR037-061 Two Stage Gas Heat Physical Data + continued p20,capacitySteps,용량 단계,100,%
johnson-controls-york-simplicity-se-smart-equipment-york-rooftop-units-modbus,e5,Johnson Controls / York,Simplicity SE (Smart Equipment) — York Rooftop Units (Modbus),ZR037,modelNumber,packagedUnit,extracted,York_ZF-ZJ-ZR_3-12.5t_TechGuide_6046560-YTG-B-0921.pdf,19,ZR037-061 Two Stage Gas Heat Physical Data + continued p20,coilFaceArea,코일 면적,11.9,sq ft
johnson-controls-york-simplicity-se-smart-equipment-york-rooftop-units-modbus,e5,Johnson Controls / York,Simplicity SE (Smart Equipment) — York Rooftop Units (Modbus),ZR037,modelNumber,packagedUnit,extracted,York_ZF-ZJ-ZR_3-12.5t_TechGuide_6046560-YTG-B-0921.pdf,19,ZR037-061 Two Stage Gas Heat Physical Data + continued p20,eer,EER,12.2,
johnson-controls-york-simplicity-se-smart-equipment-york-rooftop-units-modbus,e5,Johnson Controls / York,Simplicity SE (Smart Equipment) — York Rooftop Units (Modbus),ZR037,modelNumber,packagedUnit,extracted,York_ZF-ZJ-ZR_3-12.5t_TechGuide_6046560-YTG-B-0921.pdf,19,ZR037-061 Two Stage Gas Heat Physical Data + continued p20,fanMotorHp,팬 모터,1/3,HP
johnson-controls-york-simplicity-se-smart-equipment-york-rooftop-units-modbus,e5,Johnson Controls / York,Simplicity SE (Smart Equipment) — York Rooftop Units (Modbus),ZR037,modelNumber,packagedUnit,extracted,York_ZF-ZJ-ZR_3-12.5t_TechGuide_6046560-YTG-B-0921.pdf,19,ZR037-061 Two Stage Gas Heat Physical Data + continued p20,grossCoolingCapacity,냉방능력,37600,Btu/h
johnson-controls-york-simplicity-se-smart-equipment-york-rooftop-units-modbus,e5,Johnson Controls / York,Simplicity SE (Smart Equipment) — York Rooftop Units (Modbus),ZR037,modelNumber,packagedUnit,extracted,York_ZF-ZJ-ZR_3-12.5t_TechGuide_6046560-YTG-B-0921.pdf,19,ZR037-061 Two Stage Gas Heat Physical Data + continued p20,ratedAirflow,정격 풍량,1200,CFM
johnson-controls-york-simplicity-se-smart-equipment-york-rooftop-units-modbus,e5,Johnson Controls / York,Simplicity SE (Smart Equipment) — York Rooftop Units (Modbus),ZR037,modelNumber,packagedUnit,extracted,York_ZF-ZJ-ZR_3-12.5t_TechGuide_6046560-YTG-B-0921.pdf,19,ZR037-061 Two Stage Gas Heat Physical Data + continued p20,refrigerantControl,팽창 장치,TXV,
johnson-controls-york-simplicity-se-smart-equipment-york-rooftop-units-modbus,e5,Johnson Controls / York,Simplicity SE (Smart Equipment) — York Rooftop Units (Modbus),ZR037,modelNumber,packagedUnit,extracted,York_ZF-ZJ-ZR_3-12.5t_TechGuide_6046560-YTG-B-0921.pdf,19,ZR037-061 Two Stage Gas Heat Physical Data + continued p20,systemPower,시스템 소비전력,2.92,kW
johnson-controls-york-simplicity-se-smart-equipment-york-rooftop-units-modbus,e5,Johnson Controls / York,Simplicity SE (Smart Equipment) — York Rooftop Units (Modbus),ZR049,modelNumber,packagedUnit,extracted,York_ZF-ZJ-ZR_3-12.5t_TechGuide_6046560-YTG-B-0921.pdf,19,ZR037-061 Two Stage Gas Heat Physical Data + continued p20,ahriNetCoolingCapacity,AHRI 냉방능력,47000,Btu/h
johnson-controls-york-simplicity-se-smart-equipment-york-rooftop-units-modbus,e5,Johnson Controls / York,Simplicity SE (Smart Equipment) — York Rooftop Units (Modbus),ZR049,modelNumber,packagedUnit,extracted,York_ZF-ZJ-ZR_3-12.5t_TechGuide_6046560-YTG-B-0921.pdf,19,ZR037-061 Two Stage Gas Heat Physical Data + continued p20,capacityClass,용량대,4 Tons,
johnson-controls-york-simplicity-se-smart-equipment-york-rooftop-units-modbus,e5,Johnson Controls / York,Simplicity SE (Smart Equipment) — York Rooftop Units (Modbus),ZR049,modelNumber,packagedUnit,extracted,York_ZF-ZJ-ZR_3-12.5t_TechGuide_6046560-YTG-B-0921.pdf,19,ZR037-061 Two Stage Gas Heat Physical Data + continued p20,capacitySteps,용량 단계,100,%
johnson-controls-york-simplicity-se-smart-equipment-york-rooftop-units-modbus,e5,Johnson Controls / York,Simplicity SE (Smart Equipment) — York Rooftop Units (Modbus),ZR049,modelNumber,packagedUnit,extracted,York_ZF-ZJ-ZR_3-12.5t_TechGuide_6046560-YTG-B-0921.pdf,19,ZR037-061 Two Stage Gas Heat Physical Data + continued p20,coilFaceArea,코일 면적,11.9,sq ft
johnson-controls-york-simplicity-se-smart-equipment-york-rooftop-units-modbus,e5,Johnson Controls / York,Simplicity SE (Smart Equipment) — York Rooftop Units (Modbus),ZR049,modelNumber,packagedUnit,extracted,York_ZF-ZJ-ZR_3-12.5t_TechGuide_6046560-YTG-B-0921.pdf,19,ZR037-061 Two Stage Gas Heat Physical Data + continued p20,eer,EER,12.1,
johnson-controls-york-simplicity-se-smart-equipment-york-rooftop-units-modbus,e5,Johnson Controls / York,Simplicity SE (Smart Equipment) — York Rooftop Units (Modbus),ZR049,modelNumber,packagedUnit,extracted,York_ZF-ZJ-ZR_3-12.5t_TechGuide_6046560-YTG-B-0921.pdf,19,ZR037-061 Two Stage Gas Heat Physical Data + continued p20,fanMotorHp,팬 모터,1/3,HP
johnson-controls-york-simplicity-se-smart-equipment-york-rooftop-units-modbus,e5,Johnson Controls / York,Simplicity SE (Smart Equipment) — York Rooftop Units (Modbus),ZR049,modelNumber,packagedUnit,extracted,York_ZF-ZJ-ZR_3-12.5t_TechGuide_6046560-YTG-B-0921.pdf,19,ZR037-061 Two Stage Gas Heat Physical Data + continued p20,grossCoolingCapacity,냉방능력,48500,Btu/h
johnson-controls-york-simplicity-se-smart-equipment-york-rooftop-units-modbus,e5,Johnson Controls / York,Simplicity SE (Smart Equipment) — York Rooftop Units (Modbus),ZR049,modelNumber,packagedUnit,extracted,York_ZF-ZJ-ZR_3-12.5t_TechGuide_6046560-YTG-B-0921.pdf,19,ZR037-061 Two Stage Gas Heat Physical Data + continued p20,ratedAirflow,정격 풍량,1600,CFM
johnson-controls-york-simplicity-se-smart-equipment-york-rooftop-units-modbus,e5,Johnson Controls / York,Simplicity SE (Smart Equipment) — York Rooftop Units (Modbus),ZR049,modelNumber,packagedUnit,extracted,York_ZF-ZJ-ZR_3-12.5t_TechGuide_6046560-YTG-B-0921.pdf,19,ZR037-061 Two Stage Gas Heat Physical Data + continued p20,refrigerantControl,팽창 장치,TXV,
johnson-controls-york-simplicity-se-smart-equipment-york-rooftop-units-modbus,e5,Johnson Controls / York,Simplicity SE (Smart Equipment) — York Rooftop Units (Modbus),ZR049,modelNumber,packagedUnit,extracted,York_ZF-ZJ-ZR_3-12.5t_TechGuide_6046560-YTG-B-0921.pdf,19,ZR037-061 Two Stage Gas Heat Physical Data + continued p20,systemPower,시스템 소비전력,3.88,kW
johnson-controls-york-simplicity-se-smart-equipment-york-rooftop-units-modbus,e5,Johnson Controls / York,Simplicity SE (Smart Equipment) — York Rooftop Units (Modbus),ZR061,modelNumber,packagedUnit,extracted,York_ZF-ZJ-ZR_3-12.5t_TechGuide_6046560-YTG-B-0921.pdf,19,ZR037-061 Two Stage Gas Heat Physical Data + continued p20,ahriNetCoolingCapacity,AHRI 냉방능력,58000,Btu/h
johnson-controls-york-simplicity-se-smart-equipment-york-rooftop-units-modbus,e5,Johnson Controls / York,Simplicity SE (Smart Equipment) — York Rooftop Units (Modbus),ZR061,modelNumber,packagedUnit,extracted,York_ZF-ZJ-ZR_3-12.5t_TechGuide_6046560-YTG-B-0921.pdf,19,ZR037-061 Two Stage Gas Heat Physical Data + continued p20,capacityClass,용량대,5 Tons,
johnson-controls-york-simplicity-se-smart-equipment-york-rooftop-units-modbus,e5,Johnson Controls / York,Simplicity SE (Smart Equipment) — York Rooftop Units (Modbus),ZR061,modelNumber,packagedUnit,extracted,York_ZF-ZJ-ZR_3-12.5t_TechGuide_6046560-YTG-B-0921.pdf,19,ZR037-061 Two Stage Gas Heat Physical Data + continued p20,capacitySteps,용량 단계,100,%
johnson-controls-york-simplicity-se-smart-equipment-york-rooftop-units-modbus,e5,Johnson Controls / York,Simplicity SE (Smart Equipment) — York Rooftop Units (Modbus),ZR061,modelNumber,packagedUnit,extracted,York_ZF-ZJ-ZR_3-12.5t_TechGuide_6046560-YTG-B-0921.pdf,19,ZR037-061 Two Stage Gas Heat Physical Data + continued p20,coilFaceArea,코일 면적,11.9,sq ft
johnson-controls-york-simplicity-se-smart-equipment-york-rooftop-units-modbus,e5,Johnson Controls / York,Simplicity SE (Smart Equipment) — York Rooftop Units (Modbus),ZR061,modelNumber,packagedUnit,extracted,York_ZF-ZJ-ZR_3-12.5t_TechGuide_6046560-YTG-B-0921.pdf,19,ZR037-061 Two Stage Gas Heat Physical Data + continued p20,eer,EER,12.1,
johnson-controls-york-simplicity-se-smart-equipment-york-rooftop-units-modbus,e5,Johnson Controls / York,Simplicity SE (Smart Equipment) — York Rooftop Units (Modbus),ZR061,modelNumber,packagedUnit,extracted,York_ZF-ZJ-ZR_3-12.5t_TechGuide_6046560-YTG-B-0921.pdf,19,ZR037-061 Two Stage Gas Heat Physical Data + continued p20,fanMotorHp,팬 모터,1/3,HP
johnson-controls-york-simplicity-se-smart-equipment-york-rooftop-units-modbus,e5,Johnson Controls / York,Simplicity SE (Smart Equipment) — York Rooftop Units (Modbus),ZR061,modelNumber,packagedUnit,extracted,York_ZF-ZJ-ZR_3-12.5t_TechGuide_6046560-YTG-B-0921.pdf,19,ZR037-061 Two Stage Gas Heat Physical Data + continued p20,grossCoolingCapacity,냉방능력,60200,Btu/h
johnson-controls-york-simplicity-se-smart-equipment-york-rooftop-units-modbus,e5,Johnson Controls / York,Simplicity SE (Smart Equipment) — York Rooftop Units (Modbus),ZR061,modelNumber,packagedUnit,extracted,York_ZF-ZJ-ZR_3-12.5t_TechGuide_6046560-YTG-B-0921.pdf,19,ZR037-061 Two Stage Gas Heat Physical Data + continued p20,ratedAirflow,정격 풍량,2000,CFM
johnson-controls-york-simplicity-se-smart-equipment-york-rooftop-units-modbus,e5,Johnson Controls / York,Simplicity SE (Smart Equipment) — York Rooftop Units (Modbus),ZR061,modelNumber,packagedUnit,extracted,York_ZF-ZJ-ZR_3-12.5t_TechGuide_6046560-YTG-B-0921.pdf,19,ZR037-061 Two Stage Gas Heat Physical Data + continued p20,refrigerantControl,팽창 장치,TXV,
johnson-controls-york-simplicity-se-smart-equipment-york-rooftop-units-modbus,e5,Johnson Controls / York,Simplicity SE (Smart Equipment) — York Rooftop Units (Modbus),ZR061,modelNumber,packagedUnit,extracted,York_ZF-ZJ-ZR_3-12.5t_TechGuide_6046560-YTG-B-0921.pdf,19,ZR037-061 Two Stage Gas Heat Physical Data + continued p20,systemPower,시스템 소비전력,4.80,kW
johnson-controls-york-simplicity-se-smart-equipment-york-rooftop-units-modbus,e5,Johnson Controls / York,Simplicity SE (Smart Equipment) — York Rooftop Units (Modbus),ZR078,modelNumber,packagedUnit,extracted,York_ZF-ZJ-ZR_3-12.5t_TechGuide_6046560-YTG-B-0921.pdf,22,ZR078-150 Physical Data (Continued),capacityClass,용량대,6.5 Tons,
johnson-controls-york-simplicity-se-smart-equipment-york-rooftop-units-modbus,e5,Johnson Controls / York,Simplicity SE (Smart Equipment) — York Rooftop Units (Modbus),ZR078,modelNumber,packagedUnit,extracted,York_ZF-ZJ-ZR_3-12.5t_TechGuide_6046560-YTG-B-0921.pdf,22,ZR078-150 Physical Data (Continued),coilFaceArea,코일 면적,6.66,sq ft
johnson-controls-york-simplicity-se-smart-equipment-york-rooftop-units-modbus,e5,Johnson Controls / York,Simplicity SE (Smart Equipment) — York Rooftop Units (Modbus),ZR078,modelNumber,packagedUnit,extracted,York_ZF-ZJ-ZR_3-12.5t_TechGuide_6046560-YTG-B-0921.pdf,22,ZR078-150 Physical Data (Continued),fanMotorHp,팬 모터,1/3,HP
johnson-controls-york-simplicity-se-smart-equipment-york-rooftop-units-modbus,e5,Johnson Controls / York,Simplicity SE (Smart Equipment) — York Rooftop Units (Modbus),ZR090,modelNumber,packagedUnit,extracted,York_ZF-ZJ-ZR_3-12.5t_TechGuide_6046560-YTG-B-0921.pdf,22,ZR078-150 Physical Data (Continued),capacityClass,용량대,7.5 Tons,
johnson-controls-york-simplicity-se-smart-equipment-york-rooftop-units-modbus,e5,Johnson Controls / York,Simplicity SE (Smart Equipment) — York Rooftop Units (Modbus),ZR090,modelNumber,packagedUnit,extracted,York_ZF-ZJ-ZR_3-12.5t_TechGuide_6046560-YTG-B-0921.pdf,22,ZR078-150 Physical Data (Continued),coilFaceArea,코일 면적,6.66,sq ft
johnson-controls-york-simplicity-se-smart-equipment-york-rooftop-units-modbus,e5,Johnson Controls / York,Simplicity SE (Smart Equipment) — York Rooftop Units (Modbus),ZR090,modelNumber,packagedUnit,extracted,York_ZF-ZJ-ZR_3-12.5t_TechGuide_6046560-YTG-B-0921.pdf,22,ZR078-150 Physical Data (Continued),fanMotorHp,팬 모터,1/3,HP
johnson-controls-york-simplicity-se-smart-equipment-york-rooftop-units-modbus,e5,Johnson Controls / York,Simplicity SE (Smart Equipment) — York Rooftop Units (Modbus),ZR102,modelNumber,packagedUnit,extracted,York_ZF-ZJ-ZR_3-12.5t_TechGuide_6046560-YTG-B-0921.pdf,22,ZR078-150 Physical Data (Continued),capacityClass,용량대,8.5 Tons,
johnson-controls-york-simplicity-se-smart-equipment-york-rooftop-units-modbus,e5,Johnson Controls / York,Simplicity SE (Smart Equipment) — York Rooftop Units (Modbus),ZR102,modelNumber,packagedUnit,extracted,York_ZF-ZJ-ZR_3-12.5t_TechGuide_6046560-YTG-B-0921.pdf,22,ZR078-150 Physical Data (Continued),coilFaceArea,코일 면적,10,sq ft
johnson-controls-york-simplicity-se-smart-equipment-york-rooftop-units-modbus,e5,Johnson Controls / York,Simplicity SE (Smart Equipment) — York Rooftop Units (Modbus),ZR102,modelNumber,packagedUnit,extracted,York_ZF-ZJ-ZR_3-12.5t_TechGuide_6046560-YTG-B-0921.pdf,22,ZR078-150 Physical Data (Continued),fanMotorHp,팬 모터,1/3,HP
johnson-controls-york-simplicity-se-smart-equipment-york-rooftop-units-modbus,e5,Johnson Controls / York,Simplicity SE (Smart Equipment) — York Rooftop Units (Modbus),ZR120,modelNumber,packagedUnit,extracted,York_ZF-ZJ-ZR_3-12.5t_TechGuide_6046560-YTG-B-0921.pdf,22,ZR078-150 Physical Data (Continued),capacityClass,용량대,10 Tons,
johnson-controls-york-simplicity-se-smart-equipment-york-rooftop-units-modbus,e5,Johnson Controls / York,Simplicity SE (Smart Equipment) — York Rooftop Units (Modbus),ZR120,modelNumber,packagedUnit,extracted,York_ZF-ZJ-ZR_3-12.5t_TechGuide_6046560-YTG-B-0921.pdf,22,ZR078-150 Physical Data (Continued),coilFaceArea,코일 면적,10,sq ft
johnson-controls-york-simplicity-se-smart-equipment-york-rooftop-units-modbus,e5,Johnson Controls / York,Simplicity SE (Smart Equipment) — York Rooftop Units (Modbus),ZR120,modelNumber,packagedUnit,extracted,York_ZF-ZJ-ZR_3-12.5t_TechGuide_6046560-YTG-B-0921.pdf,22,ZR078-150 Physical Data (Continued),fanMotorHp,팬 모터,3/4,HP
johnson-controls-york-simplicity-se-smart-equipment-york-rooftop-units-modbus,e5,Johnson Controls / York,Simplicity SE (Smart Equipment) — York Rooftop Units (Modbus),ZR150,modelNumber,packagedUnit,extracted,York_ZF-ZJ-ZR_3-12.5t_TechGuide_6046560-YTG-B-0921.pdf,22,ZR078-150 Physical Data (Continued),capacityClass,용량대,12.5 Tons,
johnson-controls-york-simplicity-se-smart-equipment-york-rooftop-units-modbus,e5,Johnson Controls / York,Simplicity SE (Smart Equipment) — York Rooftop Units (Modbus),ZR150,modelNumber,packagedUnit,extracted,York_ZF-ZJ-ZR_3-12.5t_TechGuide_6046560-YTG-B-0921.pdf,22,ZR078-150 Physical Data (Continued),coilFaceArea,코일 면적,10,sq ft
johnson-controls-york-simplicity-se-smart-equipment-york-rooftop-units-modbus,e5,Johnson Controls / York,Simplicity SE (Smart Equipment) — York Rooftop Units (Modbus),ZR150,modelNumber,packagedUnit,extracted,York_ZF-ZJ-ZR_3-12.5t_TechGuide_6046560-YTG-B-0921.pdf,22,ZR078-150 Physical Data (Continued),fanMotorHp,팬 모터,1/3,HP
johnson-controls-york-simplicity-se-smart-equipment-york-rooftop-units-modbus,e5,Johnson Controls / York,Simplicity SE (Smart Equipment) — York Rooftop Units (Modbus),ZF078,modelNumber,packagedUnit,extracted,York_ZF-ZJ-ZR_3-12.5t_TechGuide_6046560-YTG-B-0921.pdf,23,ZF078-150 Physical Data + continued p24,ahriNetCoolingCapacity,AHRI 냉방능력,74000,MBh
johnson-controls-york-simplicity-se-smart-equipment-york-rooftop-units-modbus,e5,Johnson Controls / York,Simplicity SE (Smart Equipment) — York Rooftop Units (Modbus),ZF078,modelNumber,packagedUnit,extracted,York_ZF-ZJ-ZR_3-12.5t_TechGuide_6046560-YTG-B-0921.pdf,23,ZF078-150 Physical Data + continued p24,capacityClass,용량대,6.5 Tons,
johnson-controls-york-simplicity-se-smart-equipment-york-rooftop-units-modbus,e5,Johnson Controls / York,Simplicity SE (Smart Equipment) — York Rooftop Units (Modbus),ZF078,modelNumber,packagedUnit,extracted,York_ZF-ZJ-ZR_3-12.5t_TechGuide_6046560-YTG-B-0921.pdf,23,ZF078-150 Physical Data + continued p24,capacitySteps,용량 단계,50 / 100,%
johnson-controls-york-simplicity-se-smart-equipment-york-rooftop-units-modbus,e5,Johnson Controls / York,Simplicity SE (Smart Equipment) — York Rooftop Units (Modbus),ZF078,modelNumber,packagedUnit,extracted,York_ZF-ZJ-ZR_3-12.5t_TechGuide_6046560-YTG-B-0921.pdf,23,ZF078-150 Physical Data + continued p24,coilFaceArea,코일 면적,18.5,sq ft
johnson-controls-york-simplicity-se-smart-equipment-york-rooftop-units-modbus,e5,Johnson Controls / York,Simplicity SE (Smart Equipment) — York Rooftop Units (Modbus),ZF078,modelNumber,packagedUnit,extracted,York_ZF-ZJ-ZR_3-12.5t_TechGuide_6046560-YTG-B-0921.pdf,23,ZF078-150 Physical Data + continued p24,eer,EER,11.21/11.02,
johnson-controls-york-simplicity-se-smart-equipment-york-rooftop-units-modbus,e5,Johnson Controls / York,Simplicity SE (Smart Equipment) — York Rooftop Units (Modbus),ZF078,modelNumber,packagedUnit,extracted,York_ZF-ZJ-ZR_3-12.5t_TechGuide_6046560-YTG-B-0921.pdf,23,ZF078-150 Physical Data + continued p24,fanMotorHp,팬 모터,1/3,HP
johnson-controls-york-simplicity-se-smart-equipment-york-rooftop-units-modbus,e5,Johnson Controls / York,Simplicity SE (Smart Equipment) — York Rooftop Units (Modbus),ZF078,modelNumber,packagedUnit,extracted,York_ZF-ZJ-ZR_3-12.5t_TechGuide_6046560-YTG-B-0921.pdf,23,ZF078-150 Physical Data + continued p24,grossCoolingCapacity,냉방능력,76500,MBh
johnson-controls-york-simplicity-se-smart-equipment-york-rooftop-units-modbus,e5,Johnson Controls / York,Simplicity SE (Smart Equipment) — York Rooftop Units (Modbus),ZF078,modelNumber,packagedUnit,extracted,York_ZF-ZJ-ZR_3-12.5t_TechGuide_6046560-YTG-B-0921.pdf,23,ZF078-150 Physical Data + continued p24,ieer,IEER,12.4,
johnson-controls-york-simplicity-se-smart-equipment-york-rooftop-units-modbus,e5,Johnson Controls / York,Simplicity SE (Smart Equipment) — York Rooftop Units (Modbus),ZF078,modelNumber,packagedUnit,extracted,York_ZF-ZJ-ZR_3-12.5t_TechGuide_6046560-YTG-B-0921.pdf,23,ZF078-150 Physical Data + continued p24,ratedAirflow,정격 풍량,2500,CFM
johnson-controls-york-simplicity-se-smart-equipment-york-rooftop-units-modbus,e5,Johnson Controls / York,Simplicity SE (Smart Equipment) — York Rooftop Units (Modbus),ZF078,modelNumber,packagedUnit,extracted,York_ZF-ZJ-ZR_3-12.5t_TechGuide_6046560-YTG-B-0921.pdf,23,ZF078-150 Physical Data + continued p24,refrigerantControl,팽창 장치,TXV,
johnson-controls-york-simplicity-se-smart-equipment-york-rooftop-units-modbus,e5,Johnson Controls / York,Simplicity SE (Smart Equipment) — York Rooftop Units (Modbus),ZF078,modelNumber,packagedUnit,extracted,York_ZF-ZJ-ZR_3-12.5t_TechGuide_6046560-YTG-B-0921.pdf,23,ZF078-150 Physical Data + continued p24,systemPower,시스템 소비전력,6.73,kW
johnson-controls-york-simplicity-se-smart-equipment-york-rooftop-units-modbus,e5,Johnson Controls / York,Simplicity SE (Smart Equipment) — York Rooftop Units (Modbus),ZF090,modelNumber,packagedUnit,extracted,York_ZF-ZJ-ZR_3-12.5t_TechGuide_6046560-YTG-B-0921.pdf,23,ZF078-150 Physical Data + continued p24,ahriNetCoolingCapacity,AHRI 냉방능력,84000,MBh
johnson-controls-york-simplicity-se-smart-equipment-york-rooftop-units-modbus,e5,Johnson Controls / York,Simplicity SE (Smart Equipment) — York Rooftop Units (Modbus),ZF090,modelNumber,packagedUnit,extracted,York_ZF-ZJ-ZR_3-12.5t_TechGuide_6046560-YTG-B-0921.pdf,23,ZF078-150 Physical Data + continued p24,capacityClass,용량대,7.5 Tons,
johnson-controls-york-simplicity-se-smart-equipment-york-rooftop-units-modbus,e5,Johnson Controls / York,Simplicity SE (Smart Equipment) — York Rooftop Units (Modbus),ZF090,modelNumber,packagedUnit,extracted,York_ZF-ZJ-ZR_3-12.5t_TechGuide_6046560-YTG-B-0921.pdf,23,ZF078-150 Physical Data + continued p24,capacitySteps,용량 단계,50 / 100,%
johnson-controls-york-simplicity-se-smart-equipment-york-rooftop-units-modbus,e5,Johnson Controls / York,Simplicity SE (Smart Equipment) — York Rooftop Units (Modbus),ZF090,modelNumber,packagedUnit,extracted,York_ZF-ZJ-ZR_3-12.5t_TechGuide_6046560-YTG-B-0921.pdf,23,ZF078-150 Physical Data + continued p24,coilFaceArea,코일 면적,23.8,sq ft
johnson-controls-york-simplicity-se-smart-equipment-york-rooftop-units-modbus,e5,Johnson Controls / York,Simplicity SE (Smart Equipment) — York Rooftop Units (Modbus),ZF090,modelNumber,packagedUnit,extracted,York_ZF-ZJ-ZR_3-12.5t_TechGuide_6046560-YTG-B-0921.pdf,23,ZF078-150 Physical Data + continued p24,eer,EER,11.21/11.02,
johnson-controls-york-simplicity-se-smart-equipment-york-rooftop-units-modbus,e5,Johnson Controls / York,Simplicity SE (Smart Equipment) — York Rooftop Units (Modbus),ZF090,modelNumber,packagedUnit,extracted,York_ZF-ZJ-ZR_3-12.5t_TechGuide_6046560-YTG-B-0921.pdf,23,ZF078-150 Physical Data + continued p24,fanMotorHp,팬 모터,1/3,HP
johnson-controls-york-simplicity-se-smart-equipment-york-rooftop-units-modbus,e5,Johnson Controls / York,Simplicity SE (Smart Equipment) — York Rooftop Units (Modbus),ZF090,modelNumber,packagedUnit,extracted,York_ZF-ZJ-ZR_3-12.5t_TechGuide_6046560-YTG-B-0921.pdf,23,ZF078-150 Physical Data + continued p24,grossCoolingCapacity,냉방능력,86500,MBh
johnson-controls-york-simplicity-se-smart-equipment-york-rooftop-units-modbus,e5,Johnson Controls / York,Simplicity SE (Smart Equipment) — York Rooftop Units (Modbus),ZF090,modelNumber,packagedUnit,extracted,York_ZF-ZJ-ZR_3-12.5t_TechGuide_6046560-YTG-B-0921.pdf,23,ZF078-150 Physical Data + continued p24,ieer,IEER,12.2,
johnson-controls-york-simplicity-se-smart-equipment-york-rooftop-units-modbus,e5,Johnson Controls / York,Simplicity SE (Smart Equipment) — York Rooftop Units (Modbus),ZF090,modelNumber,packagedUnit,extracted,York_ZF-ZJ-ZR_3-12.5t_TechGuide_6046560-YTG-B-0921.pdf,23,ZF078-150 Physical Data + continued p24,ratedAirflow,정격 풍량,2500,CFM
johnson-controls-york-simplicity-se-smart-equipment-york-rooftop-units-modbus,e5,Johnson Controls / York,Simplicity SE (Smart Equipment) — York Rooftop Units (Modbus),ZF090,modelNumber,packagedUnit,extracted,York_ZF-ZJ-ZR_3-12.5t_TechGuide_6046560-YTG-B-0921.pdf,23,ZF078-150 Physical Data + continued p24,refrigerantControl,팽창 장치,TXV,
johnson-controls-york-simplicity-se-smart-equipment-york-rooftop-units-modbus,e5,Johnson Controls / York,Simplicity SE (Smart Equipment) — York Rooftop Units (Modbus),ZF090,modelNumber,packagedUnit,extracted,York_ZF-ZJ-ZR_3-12.5t_TechGuide_6046560-YTG-B-0921.pdf,23,ZF078-150 Physical Data + continued p24,systemPower,시스템 소비전력,7.64,kW
johnson-controls-york-simplicity-se-smart-equipment-york-rooftop-units-modbus,e5,Johnson Controls / York,Simplicity SE (Smart Equipment) — York Rooftop Units (Modbus),ZF102,modelNumber,packagedUnit,extracted,York_ZF-ZJ-ZR_3-12.5t_TechGuide_6046560-YTG-B-0921.pdf,23,ZF078-150 Physical Data + continued p24,ahriNetCoolingCapacity,AHRI 냉방능력,96000,MBh
johnson-controls-york-simplicity-se-smart-equipment-york-rooftop-units-modbus,e5,Johnson Controls / York,Simplicity SE (Smart Equipment) — York Rooftop Units (Modbus),ZF102,modelNumber,packagedUnit,extracted,York_ZF-ZJ-ZR_3-12.5t_TechGuide_6046560-YTG-B-0921.pdf,23,ZF078-150 Physical Data + continued p24,capacityClass,용량대,8.5 Tons,
johnson-controls-york-simplicity-se-smart-equipment-york-rooftop-units-modbus,e5,Johnson Controls / York,Simplicity SE (Smart Equipment) — York Rooftop Units (Modbus),ZF102,modelNumber,packagedUnit,extracted,York_ZF-ZJ-ZR_3-12.5t_TechGuide_6046560-YTG-B-0921.pdf,23,ZF078-150 Physical Data + continued p24,capacitySteps,용량 단계,50 / 100,%
johnson-controls-york-simplicity-se-smart-equipment-york-rooftop-units-modbus,e5,Johnson Controls / York,Simplicity SE (Smart Equipment) — York Rooftop Units (Modbus),ZF102,modelNumber,packagedUnit,extracted,York_ZF-ZJ-ZR_3-12.5t_TechGuide_6046560-YTG-B-0921.pdf,23,ZF078-150 Physical Data + continued p24,coilFaceArea,코일 면적,29.0,sq ft
johnson-controls-york-simplicity-se-smart-equipment-york-rooftop-units-modbus,e5,Johnson Controls / York,Simplicity SE (Smart Equipment) — York Rooftop Units (Modbus),ZF102,modelNumber,packagedUnit,extracted,York_ZF-ZJ-ZR_3-12.5t_TechGuide_6046560-YTG-B-0921.pdf,23,ZF078-150 Physical Data + continued p24,eer,EER,11.21/11.02,
johnson-controls-york-simplicity-se-smart-equipment-york-rooftop-units-modbus,e5,Johnson Controls / York,Simplicity SE (Smart Equipment) — York Rooftop Units (Modbus),ZF102,modelNumber,packagedUnit,extracted,York_ZF-ZJ-ZR_3-12.5t_TechGuide_6046560-YTG-B-0921.pdf,23,ZF078-150 Physical Data + continued p24,fanMotorHp,팬 모터,3/4,HP
johnson-controls-york-simplicity-se-smart-equipment-york-rooftop-units-modbus,e5,Johnson Controls / York,Simplicity SE (Smart Equipment) — York Rooftop Units (Modbus),ZF102,modelNumber,packagedUnit,extracted,York_ZF-ZJ-ZR_3-12.5t_TechGuide_6046560-YTG-B-0921.pdf,23,ZF078-150 Physical Data + continued p24,grossCoolingCapacity,냉방능력,98800,MBh
johnson-controls-york-simplicity-se-smart-equipment-york-rooftop-units-modbus,e5,Johnson Controls / York,Simplicity SE (Smart Equipment) — York Rooftop Units (Modbus),ZF102,modelNumber,packagedUnit,extracted,York_ZF-ZJ-ZR_3-12.5t_TechGuide_6046560-YTG-B-0921.pdf,23,ZF078-150 Physical Data + continued p24,ieer,IEER,12.01/11.72,
johnson-controls-york-simplicity-se-smart-equipment-york-rooftop-units-modbus,e5,Johnson Controls / York,Simplicity SE (Smart Equipment) — York Rooftop Units (Modbus),ZF102,modelNumber,packagedUnit,extracted,York_ZF-ZJ-ZR_3-12.5t_TechGuide_6046560-YTG-B-0921.pdf,23,ZF078-150 Physical Data + continued p24,ratedAirflow,정격 풍량,3300,CFM
johnson-controls-york-simplicity-se-smart-equipment-york-rooftop-units-modbus,e5,Johnson Controls / York,Simplicity SE (Smart Equipment) — York Rooftop Units (Modbus),ZF102,modelNumber,packagedUnit,extracted,York_ZF-ZJ-ZR_3-12.5t_TechGuide_6046560-YTG-B-0921.pdf,23,ZF078-150 Physical Data + continued p24,refrigerantControl,팽창 장치,TXV,
johnson-controls-york-simplicity-se-smart-equipment-york-rooftop-units-modbus,e5,Johnson Controls / York,Simplicity SE (Smart Equipment) — York Rooftop Units (Modbus),ZF102,modelNumber,packagedUnit,extracted,York_ZF-ZJ-ZR_3-12.5t_TechGuide_6046560-YTG-B-0921.pdf,23,ZF078-150 Physical Data + continued p24,systemPower,시스템 소비전력,8.72,kW
johnson-controls-york-simplicity-se-smart-equipment-york-rooftop-units-modbus,e5,Johnson Controls / York,Simplicity SE (Smart Equipment) — York Rooftop Units (Modbus),ZF120,modelNumber,packagedUnit,extracted,York_ZF-ZJ-ZR_3-12.5t_TechGuide_6046560-YTG-B-0921.pdf,23,ZF078-150 Physical Data + continued p24,ahriNetCoolingCapacity,AHRI 냉방능력,117000,MBh
johnson-controls-york-simplicity-se-smart-equipment-york-rooftop-units-modbus,e5,Johnson Controls / York,Simplicity SE (Smart Equipment) — York Rooftop Units (Modbus),ZF120,modelNumber,packagedUnit,extracted,York_ZF-ZJ-ZR_3-12.5t_TechGuide_6046560-YTG-B-0921.pdf,23,ZF078-150 Physical Data + continued p24,capacityClass,용량대,10 Tons,
johnson-controls-york-simplicity-se-smart-equipment-york-rooftop-units-modbus,e5,Johnson Controls / York,Simplicity SE (Smart Equipment) — York Rooftop Units (Modbus),ZF120,modelNumber,packagedUnit,extracted,York_ZF-ZJ-ZR_3-12.5t_TechGuide_6046560-YTG-B-0921.pdf,23,ZF078-150 Physical Data + continued p24,capacitySteps,용량 단계,50 / 100,%
johnson-controls-york-simplicity-se-smart-equipment-york-rooftop-units-modbus,e5,Johnson Controls / York,Simplicity SE (Smart Equipment) — York Rooftop Units (Modbus),ZF120,modelNumber,packagedUnit,extracted,York_ZF-ZJ-ZR_3-12.5t_TechGuide_6046560-YTG-B-0921.pdf,23,ZF078-150 Physical Data + continued p24,coilFaceArea,코일 면적,29.0,sq ft
johnson-controls-york-simplicity-se-smart-equipment-york-rooftop-units-modbus,e5,Johnson Controls / York,Simplicity SE (Smart Equipment) — York Rooftop Units (Modbus),ZF120,modelNumber,packagedUnit,extracted,York_ZF-ZJ-ZR_3-12.5t_TechGuide_6046560-YTG-B-0921.pdf,23,ZF078-150 Physical Data + continued p24,eer,EER,11.21/11.02,
johnson-controls-york-simplicity-se-smart-equipment-york-rooftop-units-modbus,e5,Johnson Controls / York,Simplicity SE (Smart Equipment) — York Rooftop Units (Modbus),ZF120,modelNumber,packagedUnit,extracted,York_ZF-ZJ-ZR_3-12.5t_TechGuide_6046560-YTG-B-0921.pdf,23,ZF078-150 Physical Data + continued p24,fanMotorHp,팬 모터,3/4,HP
johnson-controls-york-simplicity-se-smart-equipment-york-rooftop-units-modbus,e5,Johnson Controls / York,Simplicity SE (Smart Equipment) — York Rooftop Units (Modbus),ZF120,modelNumber,packagedUnit,extracted,York_ZF-ZJ-ZR_3-12.5t_TechGuide_6046560-YTG-B-0921.pdf,23,ZF078-150 Physical Data + continued p24,grossCoolingCapacity,냉방능력,121400,MBh
johnson-controls-york-simplicity-se-smart-equipment-york-rooftop-units-modbus,e5,Johnson Controls / York,Simplicity SE (Smart Equipment) — York Rooftop Units (Modbus),ZF120,modelNumber,packagedUnit,extracted,York_ZF-ZJ-ZR_3-12.5t_TechGuide_6046560-YTG-B-0921.pdf,23,ZF078-150 Physical Data + continued p24,ieer,IEER,12.0,
johnson-controls-york-simplicity-se-smart-equipment-york-rooftop-units-modbus,e5,Johnson Controls / York,Simplicity SE (Smart Equipment) — York Rooftop Units (Modbus),ZF120,modelNumber,packagedUnit,extracted,York_ZF-ZJ-ZR_3-12.5t_TechGuide_6046560-YTG-B-0921.pdf,23,ZF078-150 Physical Data + continued p24,ratedAirflow,정격 풍량,3400,CFM
johnson-controls-york-simplicity-se-smart-equipment-york-rooftop-units-modbus,e5,Johnson Controls / York,Simplicity SE (Smart Equipment) — York Rooftop Units (Modbus),ZF120,modelNumber,packagedUnit,extracted,York_ZF-ZJ-ZR_3-12.5t_TechGuide_6046560-YTG-B-0921.pdf,23,ZF078-150 Physical Data + continued p24,refrigerantControl,팽창 장치,TXV,
johnson-controls-york-simplicity-se-smart-equipment-york-rooftop-units-modbus,e5,Johnson Controls / York,Simplicity SE (Smart Equipment) — York Rooftop Units (Modbus),ZF120,modelNumber,packagedUnit,extracted,York_ZF-ZJ-ZR_3-12.5t_TechGuide_6046560-YTG-B-0921.pdf,23,ZF078-150 Physical Data + continued p24,systemPower,시스템 소비전력,10.63,kW
johnson-controls-york-simplicity-se-smart-equipment-york-rooftop-units-modbus,e5,Johnson Controls / York,Simplicity SE (Smart Equipment) — York Rooftop Units (Modbus),ZF150,modelNumber,packagedUnit,extracted,York_ZF-ZJ-ZR_3-12.5t_TechGuide_6046560-YTG-B-0921.pdf,23,ZF078-150 Physical Data + continued p24,ahriNetCoolingCapacity,AHRI 냉방능력,149500,MBh
johnson-controls-york-simplicity-se-smart-equipment-york-rooftop-units-modbus,e5,Johnson Controls / York,Simplicity SE (Smart Equipment) — York Rooftop Units (Modbus),ZF150,modelNumber,packagedUnit,extracted,York_ZF-ZJ-ZR_3-12.5t_TechGuide_6046560-YTG-B-0921.pdf,23,ZF078-150 Physical Data + continued p24,capacityClass,용량대,12.5 Tons,
johnson-controls-york-simplicity-se-smart-equipment-york-rooftop-units-modbus,e5,Johnson Controls / York,Simplicity SE (Smart Equipment) — York Rooftop Units (Modbus),ZF150,modelNumber,packagedUnit,extracted,York_ZF-ZJ-ZR_3-12.5t_TechGuide_6046560-YTG-B-0921.pdf,23,ZF078-150 Physical Data + continued p24,capacitySteps,용량 단계,50 / 100,%
johnson-controls-york-simplicity-se-smart-equipment-york-rooftop-units-modbus,e5,Johnson Controls / York,Simplicity SE (Smart Equipment) — York Rooftop Units (Modbus),ZF150,modelNumber,packagedUnit,extracted,York_ZF-ZJ-ZR_3-12.5t_TechGuide_6046560-YTG-B-0921.pdf,23,ZF078-150 Physical Data + continued p24,coilFaceArea,코일 면적,29,sq ft
johnson-controls-york-simplicity-se-smart-equipment-york-rooftop-units-modbus,e5,Johnson Controls / York,Simplicity SE (Smart Equipment) — York Rooftop Units (Modbus),ZF150,modelNumber,packagedUnit,extracted,York_ZF-ZJ-ZR_3-12.5t_TechGuide_6046560-YTG-B-0921.pdf,23,ZF078-150 Physical Data + continued p24,eer,EER,11.01/10.82,
johnson-controls-york-simplicity-se-smart-equipment-york-rooftop-units-modbus,e5,Johnson Controls / York,Simplicity SE (Smart Equipment) — York Rooftop Units (Modbus),ZF150,modelNumber,packagedUnit,extracted,York_ZF-ZJ-ZR_3-12.5t_TechGuide_6046560-YTG-B-0921.pdf,23,ZF078-150 Physical Data + continued p24,fanMotorHp,팬 모터,3/4,HP
johnson-controls-york-simplicity-se-smart-equipment-york-rooftop-units-modbus,e5,Johnson Controls / York,Simplicity SE (Smart Equipment) — York Rooftop Units (Modbus),ZF150,modelNumber,packagedUnit,extracted,York_ZF-ZJ-ZR_3-12.5t_TechGuide_6046560-YTG-B-0921.pdf,23,ZF078-150 Physical Data + continued p24,grossCoolingCapacity,냉방능력,156000,MBh
johnson-controls-york-simplicity-se-smart-equipment-york-rooftop-units-modbus,e5,Johnson Controls / York,Simplicity SE (Smart Equipment) — York Rooftop Units (Modbus),ZF150,modelNumber,packagedUnit,extracted,York_ZF-ZJ-ZR_3-12.5t_TechGuide_6046560-YTG-B-0921.pdf,23,ZF078-150 Physical Data + continued p24,ieer,IEER,12.41/12.02,
johnson-controls-york-simplicity-se-smart-equipment-york-rooftop-units-modbus,e5,Johnson Controls / York,Simplicity SE (Smart Equipment) — York Rooftop Units (Modbus),ZF150,modelNumber,packagedUnit,extracted,York_ZF-ZJ-ZR_3-12.5t_TechGuide_6046560-YTG-B-0921.pdf,23,ZF078-150 Physical Data + continued p24,ratedAirflow,정격 풍량,4050,CFM
johnson-controls-york-simplicity-se-smart-equipment-york-rooftop-units-modbus,e5,Johnson Controls / York,Simplicity SE (Smart Equipment) — York Rooftop Units (Modbus),ZF150,modelNumber,packagedUnit,extracted,York_ZF-ZJ-ZR_3-12.5t_TechGuide_6046560-YTG-B-0921.pdf,23,ZF078-150 Physical Data + continued p24,refrigerantControl,팽창 장치,TXV,
johnson-controls-york-simplicity-se-smart-equipment-york-rooftop-units-modbus,e5,Johnson Controls / York,Simplicity SE (Smart Equipment) — York Rooftop Units (Modbus),ZF150,modelNumber,packagedUnit,extracted,York_ZF-ZJ-ZR_3-12.5t_TechGuide_6046560-YTG-B-0921.pdf,23,ZF078-150 Physical Data + continued p24,systemPower,시스템 소비전력,13.40,kW
johnson-controls-york-simplicity-se-smart-equipment-york-rooftop-units-modbus,e5,Johnson Controls / York,Simplicity SE (Smart Equipment) — York Rooftop Units (Modbus),ZJ180,modelNumber,packagedUnit,extracted,York_ZJ-ZR-ZF_15-25t_TechGuide_5168277-YTG-K-0119.pdf,14,ZJ180-300 Physical Data + continued p15,ahriNetCoolingCapacity,AHRI 냉방능력,172,MBh
johnson-controls-york-simplicity-se-smart-equipment-york-rooftop-units-modbus,e5,Johnson Controls / York,Simplicity SE (Smart Equipment) — York Rooftop Units (Modbus),ZJ180,modelNumber,packagedUnit,extracted,York_ZJ-ZR-ZF_15-25t_TechGuide_5168277-YTG-K-0119.pdf,14,ZJ180-300 Physical Data + continued p15,capacityClass,용량대,15 Tons,
johnson-controls-york-simplicity-se-smart-equipment-york-rooftop-units-modbus,e5,Johnson Controls / York,Simplicity SE (Smart Equipment) — York Rooftop Units (Modbus),ZJ180,modelNumber,packagedUnit,extracted,York_ZJ-ZR-ZF_15-25t_TechGuide_5168277-YTG-K-0119.pdf,14,ZJ180-300 Physical Data + continued p15,capacitySteps,용량 단계,25 / 50 / 75 / 100,%
johnson-controls-york-simplicity-se-smart-equipment-york-rooftop-units-modbus,e5,Johnson Controls / York,Simplicity SE (Smart Equipment) — York Rooftop Units (Modbus),ZJ180,modelNumber,packagedUnit,extracted,York_ZJ-ZR-ZF_15-25t_TechGuide_5168277-YTG-K-0119.pdf,14,ZJ180-300 Physical Data + continued p15,coilFaceArea,코일 면적,63.8,sq ft
johnson-controls-york-simplicity-se-smart-equipment-york-rooftop-units-modbus,e5,Johnson Controls / York,Simplicity SE (Smart Equipment) — York Rooftop Units (Modbus),ZJ180,modelNumber,packagedUnit,extracted,York_ZJ-ZR-ZF_15-25t_TechGuide_5168277-YTG-K-0119.pdf,14,ZJ180-300 Physical Data + continued p15,eer,EER,12.2,
johnson-controls-york-simplicity-se-smart-equipment-york-rooftop-units-modbus,e5,Johnson Controls / York,Simplicity SE (Smart Equipment) — York Rooftop Units (Modbus),ZJ180,modelNumber,packagedUnit,extracted,York_ZJ-ZR-ZF_15-25t_TechGuide_5168277-YTG-K-0119.pdf,14,ZJ180-300 Physical Data + continued p15,fanMotorHp,팬 모터,1/3,HP
johnson-controls-york-simplicity-se-smart-equipment-york-rooftop-units-modbus,e5,Johnson Controls / York,Simplicity SE (Smart Equipment) — York Rooftop Units (Modbus),ZJ180,modelNumber,packagedUnit,extracted,York_ZJ-ZR-ZF_15-25t_TechGuide_5168277-YTG-K-0119.pdf,14,ZJ180-300 Physical Data + continued p15,grossCoolingCapacity,냉방능력,181.4,MBh
johnson-controls-york-simplicity-se-smart-equipment-york-rooftop-units-modbus,e5,Johnson Controls / York,Simplicity SE (Smart Equipment) — York Rooftop Units (Modbus),ZJ180,modelNumber,packagedUnit,extracted,York_ZJ-ZR-ZF_15-25t_TechGuide_5168277-YTG-K-0119.pdf,14,ZJ180-300 Physical Data + continued p15,ieer,IEER,13.4,
johnson-controls-york-simplicity-se-smart-equipment-york-rooftop-units-modbus,e5,Johnson Controls / York,Simplicity SE (Smart Equipment) — York Rooftop Units (Modbus),ZJ180,modelNumber,packagedUnit,extracted,York_ZJ-ZR-ZF_15-25t_TechGuide_5168277-YTG-K-0119.pdf,14,ZJ180-300 Physical Data + continued p15,ratedAirflow,정격 풍량,4500,CFM
johnson-controls-york-simplicity-se-smart-equipment-york-rooftop-units-modbus,e5,Johnson Controls / York,Simplicity SE (Smart Equipment) — York Rooftop Units (Modbus),ZJ180,modelNumber,packagedUnit,extracted,York_ZJ-ZR-ZF_15-25t_TechGuide_5168277-YTG-K-0119.pdf,14,ZJ180-300 Physical Data + continued p15,refrigerantControl,팽창 장치,TXV,
johnson-controls-york-simplicity-se-smart-equipment-york-rooftop-units-modbus,e5,Johnson Controls / York,Simplicity SE (Smart Equipment) — York Rooftop Units (Modbus),ZJ180,modelNumber,packagedUnit,extracted,York_ZJ-ZR-ZF_15-25t_TechGuide_5168277-YTG-K-0119.pdf,14,ZJ180-300 Physical Data + continued p15,systemPower,시스템 소비전력,14.10,kW
johnson-controls-york-simplicity-se-smart-equipment-york-rooftop-units-modbus,e5,Johnson Controls / York,Simplicity SE (Smart Equipment) — York Rooftop Units (Modbus),ZJ210,modelNumber,packagedUnit,extracted,York_ZJ-ZR-ZF_15-25t_TechGuide_5168277-YTG-K-0119.pdf,14,ZJ180-300 Physical Data + continued p15,ahriNetCoolingCapacity,AHRI 냉방능력,202,MBh
johnson-controls-york-simplicity-se-smart-equipment-york-rooftop-units-modbus,e5,Johnson Controls / York,Simplicity SE (Smart Equipment) — York Rooftop Units (Modbus),ZJ210,modelNumber,packagedUnit,extracted,York_ZJ-ZR-ZF_15-25t_TechGuide_5168277-YTG-K-0119.pdf,14,ZJ180-300 Physical Data + continued p15,capacityClass,용량대,17.5 Tons,
johnson-controls-york-simplicity-se-smart-equipment-york-rooftop-units-modbus,e5,Johnson Controls / York,Simplicity SE (Smart Equipment) — York Rooftop Units (Modbus),ZJ210,modelNumber,packagedUnit,extracted,York_ZJ-ZR-ZF_15-25t_TechGuide_5168277-YTG-K-0119.pdf,14,ZJ180-300 Physical Data + continued p15,capacitySteps,용량 단계,25 / 50 / 75 / 100,%
johnson-controls-york-simplicity-se-smart-equipment-york-rooftop-units-modbus,e5,Johnson Controls / York,Simplicity SE (Smart Equipment) — York Rooftop Units (Modbus),ZJ210,modelNumber,packagedUnit,extracted,York_ZJ-ZR-ZF_15-25t_TechGuide_5168277-YTG-K-0119.pdf,14,ZJ180-300 Physical Data + continued p15,coilFaceArea,코일 면적,63.8,sq ft
johnson-controls-york-simplicity-se-smart-equipment-york-rooftop-units-modbus,e5,Johnson Controls / York,Simplicity SE (Smart Equipment) — York Rooftop Units (Modbus),ZJ210,modelNumber,packagedUnit,extracted,York_ZJ-ZR-ZF_15-25t_TechGuide_5168277-YTG-K-0119.pdf,14,ZJ180-300 Physical Data + continued p15,eer,EER,12.1,
johnson-controls-york-simplicity-se-smart-equipment-york-rooftop-units-modbus,e5,Johnson Controls / York,Simplicity SE (Smart Equipment) — York Rooftop Units (Modbus),ZJ210,modelNumber,packagedUnit,extracted,York_ZJ-ZR-ZF_15-25t_TechGuide_5168277-YTG-K-0119.pdf,14,ZJ180-300 Physical Data + continued p15,fanMotorHp,팬 모터,1/3,HP
johnson-controls-york-simplicity-se-smart-equipment-york-rooftop-units-modbus,e5,Johnson Controls / York,Simplicity SE (Smart Equipment) — York Rooftop Units (Modbus),ZJ210,modelNumber,packagedUnit,extracted,York_ZJ-ZR-ZF_15-25t_TechGuide_5168277-YTG-K-0119.pdf,14,ZJ180-300 Physical Data + continued p15,grossCoolingCapacity,냉방능력,208,MBh
johnson-controls-york-simplicity-se-smart-equipment-york-rooftop-units-modbus,e5,Johnson Controls / York,Simplicity SE (Smart Equipment) — York Rooftop Units (Modbus),ZJ210,modelNumber,packagedUnit,extracted,York_ZJ-ZR-ZF_15-25t_TechGuide_5168277-YTG-K-0119.pdf,14,ZJ180-300 Physical Data + continued p15,ieer,IEER,13.0,
johnson-controls-york-simplicity-se-smart-equipment-york-rooftop-units-modbus,e5,Johnson Controls / York,Simplicity SE (Smart Equipment) — York Rooftop Units (Modbus),ZJ210,modelNumber,packagedUnit,extracted,York_ZJ-ZR-ZF_15-25t_TechGuide_5168277-YTG-K-0119.pdf,14,ZJ180-300 Physical Data + continued p15,ratedAirflow,정격 풍량,5800,CFM
johnson-controls-york-simplicity-se-smart-equipment-york-rooftop-units-modbus,e5,Johnson Controls / York,Simplicity SE (Smart Equipment) — York Rooftop Units (Modbus),ZJ210,modelNumber,packagedUnit,extracted,York_ZJ-ZR-ZF_15-25t_TechGuide_5168277-YTG-K-0119.pdf,14,ZJ180-300 Physical Data + continued p15,refrigerantControl,팽창 장치,TXV,
johnson-controls-york-simplicity-se-smart-equipment-york-rooftop-units-modbus,e5,Johnson Controls / York,Simplicity SE (Smart Equipment) — York Rooftop Units (Modbus),ZJ210,modelNumber,packagedUnit,extracted,York_ZJ-ZR-ZF_15-25t_TechGuide_5168277-YTG-K-0119.pdf,14,ZJ180-300 Physical Data + continued p15,systemPower,시스템 소비전력,16.70,kW
johnson-controls-york-simplicity-se-smart-equipment-york-rooftop-units-modbus,e5,Johnson Controls / York,Simplicity SE (Smart Equipment) — York Rooftop Units (Modbus),ZJ240,modelNumber,packagedUnit,extracted,York_ZJ-ZR-ZF_15-25t_TechGuide_5168277-YTG-K-0119.pdf,14,ZJ180-300 Physical Data + continued p15,ahriNetCoolingCapacity,AHRI 냉방능력,242,MBh
johnson-controls-york-simplicity-se-smart-equipment-york-rooftop-units-modbus,e5,Johnson Controls / York,Simplicity SE (Smart Equipment) — York Rooftop Units (Modbus),ZJ240,modelNumber,packagedUnit,extracted,York_ZJ-ZR-ZF_15-25t_TechGuide_5168277-YTG-K-0119.pdf,14,ZJ180-300 Physical Data + continued p15,capacityClass,용량대,20 Tons,
johnson-controls-york-simplicity-se-smart-equipment-york-rooftop-units-modbus,e5,Johnson Controls / York,Simplicity SE (Smart Equipment) — York Rooftop Units (Modbus),ZJ240,modelNumber,packagedUnit,extracted,York_ZJ-ZR-ZF_15-25t_TechGuide_5168277-YTG-K-0119.pdf,14,ZJ180-300 Physical Data + continued p15,capacitySteps,용량 단계,25 / 50 / 75 / 100,%
johnson-controls-york-simplicity-se-smart-equipment-york-rooftop-units-modbus,e5,Johnson Controls / York,Simplicity SE (Smart Equipment) — York Rooftop Units (Modbus),ZJ240,modelNumber,packagedUnit,extracted,York_ZJ-ZR-ZF_15-25t_TechGuide_5168277-YTG-K-0119.pdf,14,ZJ180-300 Physical Data + continued p15,coilFaceArea,코일 면적,63.8,sq ft
johnson-controls-york-simplicity-se-smart-equipment-york-rooftop-units-modbus,e5,Johnson Controls / York,Simplicity SE (Smart Equipment) — York Rooftop Units (Modbus),ZJ240,modelNumber,packagedUnit,extracted,York_ZJ-ZR-ZF_15-25t_TechGuide_5168277-YTG-K-0119.pdf,14,ZJ180-300 Physical Data + continued p15,eer,EER,11.0,
johnson-controls-york-simplicity-se-smart-equipment-york-rooftop-units-modbus,e5,Johnson Controls / York,Simplicity SE (Smart Equipment) — York Rooftop Units (Modbus),ZJ240,modelNumber,packagedUnit,extracted,York_ZJ-ZR-ZF_15-25t_TechGuide_5168277-YTG-K-0119.pdf,14,ZJ180-300 Physical Data + continued p15,fanMotorHp,팬 모터,1/3,HP
johnson-controls-york-simplicity-se-smart-equipment-york-rooftop-units-modbus,e5,Johnson Controls / York,Simplicity SE (Smart Equipment) — York Rooftop Units (Modbus),ZJ240,modelNumber,packagedUnit,extracted,York_ZJ-ZR-ZF_15-25t_TechGuide_5168277-YTG-K-0119.pdf,14,ZJ180-300 Physical Data + continued p15,grossCoolingCapacity,냉방능력,255,MBh
johnson-controls-york-simplicity-se-smart-equipment-york-rooftop-units-modbus,e5,Johnson Controls / York,Simplicity SE (Smart Equipment) — York Rooftop Units (Modbus),ZJ240,modelNumber,packagedUnit,extracted,York_ZJ-ZR-ZF_15-25t_TechGuide_5168277-YTG-K-0119.pdf,14,ZJ180-300 Physical Data + continued p15,ieer,IEER,12.0,
johnson-controls-york-simplicity-se-smart-equipment-york-rooftop-units-modbus,e5,Johnson Controls / York,Simplicity SE (Smart Equipment) — York Rooftop Units (Modbus),ZJ240,modelNumber,packagedUnit,extracted,York_ZJ-ZR-ZF_15-25t_TechGuide_5168277-YTG-K-0119.pdf,14,ZJ180-300 Physical Data + continued p15,ratedAirflow,정격 풍량,7000,CFM
johnson-controls-york-simplicity-se-smart-equipment-york-rooftop-units-modbus,e5,Johnson Controls / York,Simplicity SE (Smart Equipment) — York Rooftop Units (Modbus),ZJ240,modelNumber,packagedUnit,extracted,York_ZJ-ZR-ZF_15-25t_TechGuide_5168277-YTG-K-0119.pdf,14,ZJ180-300 Physical Data + continued p15,refrigerantControl,팽창 장치,TXV,
johnson-controls-york-simplicity-se-smart-equipment-york-rooftop-units-modbus,e5,Johnson Controls / York,Simplicity SE (Smart Equipment) — York Rooftop Units (Modbus),ZJ240,modelNumber,packagedUnit,extracted,York_ZJ-ZR-ZF_15-25t_TechGuide_5168277-YTG-K-0119.pdf,14,ZJ180-300 Physical Data + continued p15,systemPower,시스템 소비전력,21.82,kW
johnson-controls-york-simplicity-se-smart-equipment-york-rooftop-units-modbus,e5,Johnson Controls / York,Simplicity SE (Smart Equipment) — York Rooftop Units (Modbus),ZJ300,modelNumber,packagedUnit,extracted,York_ZJ-ZR-ZF_15-25t_TechGuide_5168277-YTG-K-0119.pdf,14,ZJ180-300 Physical Data + continued p15,ahriNetCoolingCapacity,AHRI 냉방능력,280,MBh
johnson-controls-york-simplicity-se-smart-equipment-york-rooftop-units-modbus,e5,Johnson Controls / York,Simplicity SE (Smart Equipment) — York Rooftop Units (Modbus),ZJ300,modelNumber,packagedUnit,extracted,York_ZJ-ZR-ZF_15-25t_TechGuide_5168277-YTG-K-0119.pdf,14,ZJ180-300 Physical Data + continued p15,capacityClass,용량대,25 Tons,
johnson-controls-york-simplicity-se-smart-equipment-york-rooftop-units-modbus,e5,Johnson Controls / York,Simplicity SE (Smart Equipment) — York Rooftop Units (Modbus),ZJ300,modelNumber,packagedUnit,extracted,York_ZJ-ZR-ZF_15-25t_TechGuide_5168277-YTG-K-0119.pdf,14,ZJ180-300 Physical Data + continued p15,capacitySteps,용량 단계,25 / 50 / 75 / 100,%
johnson-controls-york-simplicity-se-smart-equipment-york-rooftop-units-modbus,e5,Johnson Controls / York,Simplicity SE (Smart Equipment) — York Rooftop Units (Modbus),ZJ300,modelNumber,packagedUnit,extracted,York_ZJ-ZR-ZF_15-25t_TechGuide_5168277-YTG-K-0119.pdf,14,ZJ180-300 Physical Data + continued p15,coilFaceArea,코일 면적,63.8,sq ft
johnson-controls-york-simplicity-se-smart-equipment-york-rooftop-units-modbus,e5,Johnson Controls / York,Simplicity SE (Smart Equipment) — York Rooftop Units (Modbus),ZJ300,modelNumber,packagedUnit,extracted,York_ZJ-ZR-ZF_15-25t_TechGuide_5168277-YTG-K-0119.pdf,14,ZJ180-300 Physical Data + continued p15,eer,EER,10.6,
johnson-controls-york-simplicity-se-smart-equipment-york-rooftop-units-modbus,e5,Johnson Controls / York,Simplicity SE (Smart Equipment) — York Rooftop Units (Modbus),ZJ300,modelNumber,packagedUnit,extracted,York_ZJ-ZR-ZF_15-25t_TechGuide_5168277-YTG-K-0119.pdf,14,ZJ180-300 Physical Data + continued p15,fanMotorHp,팬 모터,1/3,HP
johnson-controls-york-simplicity-se-smart-equipment-york-rooftop-units-modbus,e5,Johnson Controls / York,Simplicity SE (Smart Equipment) — York Rooftop Units (Modbus),ZJ300,modelNumber,packagedUnit,extracted,York_ZJ-ZR-ZF_15-25t_TechGuide_5168277-YTG-K-0119.pdf,14,ZJ180-300 Physical Data + continued p15,grossCoolingCapacity,냉방능력,290,MBh
johnson-controls-york-simplicity-se-smart-equipment-york-rooftop-units-modbus,e5,Johnson Controls / York,Simplicity SE (Smart Equipment) — York Rooftop Units (Modbus),ZJ300,modelNumber,packagedUnit,extracted,York_ZJ-ZR-ZF_15-25t_TechGuide_5168277-YTG-K-0119.pdf,14,ZJ180-300 Physical Data + continued p15,ratedAirflow,정격 풍량,7000,CFM
johnson-controls-york-simplicity-se-smart-equipment-york-rooftop-units-modbus,e5,Johnson Controls / York,Simplicity SE (Smart Equipment) — York Rooftop Units (Modbus),ZJ300,modelNumber,packagedUnit,extracted,York_ZJ-ZR-ZF_15-25t_TechGuide_5168277-YTG-K-0119.pdf,14,ZJ180-300 Physical Data + continued p15,refrigerantControl,팽창 장치,TXV,
johnson-controls-york-simplicity-se-smart-equipment-york-rooftop-units-modbus,e5,Johnson Controls / York,Simplicity SE (Smart Equipment) — York Rooftop Units (Modbus),ZJ300,modelNumber,packagedUnit,extracted,York_ZJ-ZR-ZF_15-25t_TechGuide_5168277-YTG-K-0119.pdf,14,ZJ180-300 Physical Data + continued p15,systemPower,시스템 소비전력,26.67,kW
johnson-controls-york-simplicity-se-smart-equipment-york-rooftop-units-modbus,e5,Johnson Controls / York,Simplicity SE (Smart Equipment) — York Rooftop Units (Modbus),ZR180,modelNumber,packagedUnit,extracted,York_ZJ-ZR-ZF_15-25t_TechGuide_5168277-YTG-K-0119.pdf,16,ZR180-300 Physical Data + continued p17,ahriNetCoolingCapacity,AHRI 냉방능력,180,MBh
johnson-controls-york-simplicity-se-smart-equipment-york-rooftop-units-modbus,e5,Johnson Controls / York,Simplicity SE (Smart Equipment) — York Rooftop Units (Modbus),ZR180,modelNumber,packagedUnit,extracted,York_ZJ-ZR-ZF_15-25t_TechGuide_5168277-YTG-K-0119.pdf,16,ZR180-300 Physical Data + continued p17,capacityClass,용량대,15 Tons,
johnson-controls-york-simplicity-se-smart-equipment-york-rooftop-units-modbus,e5,Johnson Controls / York,Simplicity SE (Smart Equipment) — York Rooftop Units (Modbus),ZR180,modelNumber,packagedUnit,extracted,York_ZJ-ZR-ZF_15-25t_TechGuide_5168277-YTG-K-0119.pdf,16,ZR180-300 Physical Data + continued p17,capacitySteps,용량 단계,50 / 100,%
johnson-controls-york-simplicity-se-smart-equipment-york-rooftop-units-modbus,e5,Johnson Controls / York,Simplicity SE (Smart Equipment) — York Rooftop Units (Modbus),ZR180,modelNumber,packagedUnit,extracted,York_ZJ-ZR-ZF_15-25t_TechGuide_5168277-YTG-K-0119.pdf,16,ZR180-300 Physical Data + continued p17,coilFaceArea,코일 면적,63.8,sq ft
johnson-controls-york-simplicity-se-smart-equipment-york-rooftop-units-modbus,e5,Johnson Controls / York,Simplicity SE (Smart Equipment) — York Rooftop Units (Modbus),ZR180,modelNumber,packagedUnit,extracted,York_ZJ-ZR-ZF_15-25t_TechGuide_5168277-YTG-K-0119.pdf,16,ZR180-300 Physical Data + continued p17,eer,EER,11.2,
johnson-controls-york-simplicity-se-smart-equipment-york-rooftop-units-modbus,e5,Johnson Controls / York,Simplicity SE (Smart Equipment) — York Rooftop Units (Modbus),ZR180,modelNumber,packagedUnit,extracted,York_ZJ-ZR-ZF_15-25t_TechGuide_5168277-YTG-K-0119.pdf,16,ZR180-300 Physical Data + continued p17,fanMotorHp,팬 모터,1/3,HP
johnson-controls-york-simplicity-se-smart-equipment-york-rooftop-units-modbus,e5,Johnson Controls / York,Simplicity SE (Smart Equipment) — York Rooftop Units (Modbus),ZR180,modelNumber,packagedUnit,extracted,York_ZJ-ZR-ZF_15-25t_TechGuide_5168277-YTG-K-0119.pdf,16,ZR180-300 Physical Data + continued p17,grossCoolingCapacity,냉방능력,189,MBh
johnson-controls-york-simplicity-se-smart-equipment-york-rooftop-units-modbus,e5,Johnson Controls / York,Simplicity SE (Smart Equipment) — York Rooftop Units (Modbus),ZR180,modelNumber,packagedUnit,extracted,York_ZJ-ZR-ZF_15-25t_TechGuide_5168277-YTG-K-0119.pdf,16,ZR180-300 Physical Data + continued p17,ieer,IEER,12.41/12.22,
johnson-controls-york-simplicity-se-smart-equipment-york-rooftop-units-modbus,e5,Johnson Controls / York,Simplicity SE (Smart Equipment) — York Rooftop Units (Modbus),ZR180,modelNumber,packagedUnit,extracted,York_ZJ-ZR-ZF_15-25t_TechGuide_5168277-YTG-K-0119.pdf,16,ZR180-300 Physical Data + continued p17,ratedAirflow,정격 풍량,5000,CFM
johnson-controls-york-simplicity-se-smart-equipment-york-rooftop-units-modbus,e5,Johnson Controls / York,Simplicity SE (Smart Equipment) — York Rooftop Units (Modbus),ZR180,modelNumber,packagedUnit,extracted,York_ZJ-ZR-ZF_15-25t_TechGuide_5168277-YTG-K-0119.pdf,16,ZR180-300 Physical Data + continued p17,refrigerantControl,팽창 장치,TXV,
johnson-controls-york-simplicity-se-smart-equipment-york-rooftop-units-modbus,e5,Johnson Controls / York,Simplicity SE (Smart Equipment) — York Rooftop Units (Modbus),ZR180,modelNumber,packagedUnit,extracted,York_ZJ-ZR-ZF_15-25t_TechGuide_5168277-YTG-K-0119.pdf,16,ZR180-300 Physical Data + continued p17,systemPower,시스템 소비전력,14.40,kW
johnson-controls-york-simplicity-se-smart-equipment-york-rooftop-units-modbus,e5,Johnson Controls / York,Simplicity SE (Smart Equipment) — York Rooftop Units (Modbus),ZR240,modelNumber,packagedUnit,extracted,York_ZJ-ZR-ZF_15-25t_TechGuide_5168277-YTG-K-0119.pdf,16,ZR180-300 Physical Data + continued p17,ahriNetCoolingCapacity,AHRI 냉방능력,228,MBh
johnson-controls-york-simplicity-se-smart-equipment-york-rooftop-units-modbus,e5,Johnson Controls / York,Simplicity SE (Smart Equipment) — York Rooftop Units (Modbus),ZR240,modelNumber,packagedUnit,extracted,York_ZJ-ZR-ZF_15-25t_TechGuide_5168277-YTG-K-0119.pdf,16,ZR180-300 Physical Data + continued p17,capacityClass,용량대,20 Tons,
johnson-controls-york-simplicity-se-smart-equipment-york-rooftop-units-modbus,e5,Johnson Controls / York,Simplicity SE (Smart Equipment) — York Rooftop Units (Modbus),ZR240,modelNumber,packagedUnit,extracted,York_ZJ-ZR-ZF_15-25t_TechGuide_5168277-YTG-K-0119.pdf,16,ZR180-300 Physical Data + continued p17,capacitySteps,용량 단계,50 / 100,%
johnson-controls-york-simplicity-se-smart-equipment-york-rooftop-units-modbus,e5,Johnson Controls / York,Simplicity SE (Smart Equipment) — York Rooftop Units (Modbus),ZR240,modelNumber,packagedUnit,extracted,York_ZJ-ZR-ZF_15-25t_TechGuide_5168277-YTG-K-0119.pdf,16,ZR180-300 Physical Data + continued p17,coilFaceArea,코일 면적,63.8,sq ft
johnson-controls-york-simplicity-se-smart-equipment-york-rooftop-units-modbus,e5,Johnson Controls / York,Simplicity SE (Smart Equipment) — York Rooftop Units (Modbus),ZR240,modelNumber,packagedUnit,extracted,York_ZJ-ZR-ZF_15-25t_TechGuide_5168277-YTG-K-0119.pdf,16,ZR180-300 Physical Data + continued p17,eer,EER,11.0,
johnson-controls-york-simplicity-se-smart-equipment-york-rooftop-units-modbus,e5,Johnson Controls / York,Simplicity SE (Smart Equipment) — York Rooftop Units (Modbus),ZR240,modelNumber,packagedUnit,extracted,York_ZJ-ZR-ZF_15-25t_TechGuide_5168277-YTG-K-0119.pdf,16,ZR180-300 Physical Data + continued p17,fanMotorHp,팬 모터,1/3,HP
johnson-controls-york-simplicity-se-smart-equipment-york-rooftop-units-modbus,e5,Johnson Controls / York,Simplicity SE (Smart Equipment) — York Rooftop Units (Modbus),ZR240,modelNumber,packagedUnit,extracted,York_ZJ-ZR-ZF_15-25t_TechGuide_5168277-YTG-K-0119.pdf,16,ZR180-300 Physical Data + continued p17,grossCoolingCapacity,냉방능력,243,MBh
johnson-controls-york-simplicity-se-smart-equipment-york-rooftop-units-modbus,e5,Johnson Controls / York,Simplicity SE (Smart Equipment) — York Rooftop Units (Modbus),ZR240,modelNumber,packagedUnit,extracted,York_ZJ-ZR-ZF_15-25t_TechGuide_5168277-YTG-K-0119.pdf,16,ZR180-300 Physical Data + continued p17,ratedAirflow,정격 풍량,6000,CFM
johnson-controls-york-simplicity-se-smart-equipment-york-rooftop-units-modbus,e5,Johnson Controls / York,Simplicity SE (Smart Equipment) — York Rooftop Units (Modbus),ZR240,modelNumber,packagedUnit,extracted,York_ZJ-ZR-ZF_15-25t_TechGuide_5168277-YTG-K-0119.pdf,16,ZR180-300 Physical Data + continued p17,refrigerantControl,팽창 장치,TXV,
johnson-controls-york-simplicity-se-smart-equipment-york-rooftop-units-modbus,e5,Johnson Controls / York,Simplicity SE (Smart Equipment) — York Rooftop Units (Modbus),ZR240,modelNumber,packagedUnit,extracted,York_ZJ-ZR-ZF_15-25t_TechGuide_5168277-YTG-K-0119.pdf,16,ZR180-300 Physical Data + continued p17,systemPower,시스템 소비전력,20.10,kW
johnson-controls-york-simplicity-se-smart-equipment-york-rooftop-units-modbus,e5,Johnson Controls / York,Simplicity SE (Smart Equipment) — York Rooftop Units (Modbus),ZR300,modelNumber,packagedUnit,extracted,York_ZJ-ZR-ZF_15-25t_TechGuide_5168277-YTG-K-0119.pdf,16,ZR180-300 Physical Data + continued p17,ahriNetCoolingCapacity,AHRI 냉방능력,288,MBh
johnson-controls-york-simplicity-se-smart-equipment-york-rooftop-units-modbus,e5,Johnson Controls / York,Simplicity SE (Smart Equipment) — York Rooftop Units (Modbus),ZR300,modelNumber,packagedUnit,extracted,York_ZJ-ZR-ZF_15-25t_TechGuide_5168277-YTG-K-0119.pdf,16,ZR180-300 Physical Data + continued p17,capacityClass,용량대,25 Tons,
johnson-controls-york-simplicity-se-smart-equipment-york-rooftop-units-modbus,e5,Johnson Controls / York,Simplicity SE (Smart Equipment) — York Rooftop Units (Modbus),ZR300,modelNumber,packagedUnit,extracted,York_ZJ-ZR-ZF_15-25t_TechGuide_5168277-YTG-K-0119.pdf,16,ZR180-300 Physical Data + continued p17,capacitySteps,용량 단계,50 / 100,%
johnson-controls-york-simplicity-se-smart-equipment-york-rooftop-units-modbus,e5,Johnson Controls / York,Simplicity SE (Smart Equipment) — York Rooftop Units (Modbus),ZR300,modelNumber,packagedUnit,extracted,York_ZJ-ZR-ZF_15-25t_TechGuide_5168277-YTG-K-0119.pdf,16,ZR180-300 Physical Data + continued p17,coilFaceArea,코일 면적,63.8,sq ft
johnson-controls-york-simplicity-se-smart-equipment-york-rooftop-units-modbus,e5,Johnson Controls / York,Simplicity SE (Smart Equipment) — York Rooftop Units (Modbus),ZR300,modelNumber,packagedUnit,extracted,York_ZJ-ZR-ZF_15-25t_TechGuide_5168277-YTG-K-0119.pdf,16,ZR180-300 Physical Data + continued p17,eer,EER,10.0,
johnson-controls-york-simplicity-se-smart-equipment-york-rooftop-units-modbus,e5,Johnson Controls / York,Simplicity SE (Smart Equipment) — York Rooftop Units (Modbus),ZR300,modelNumber,packagedUnit,extracted,York_ZJ-ZR-ZF_15-25t_TechGuide_5168277-YTG-K-0119.pdf,16,ZR180-300 Physical Data + continued p17,fanMotorHp,팬 모터,1/3,HP
johnson-controls-york-simplicity-se-smart-equipment-york-rooftop-units-modbus,e5,Johnson Controls / York,Simplicity SE (Smart Equipment) — York Rooftop Units (Modbus),ZR300,modelNumber,packagedUnit,extracted,York_ZJ-ZR-ZF_15-25t_TechGuide_5168277-YTG-K-0119.pdf,16,ZR180-300 Physical Data + continued p17,grossCoolingCapacity,냉방능력,303,MBh
johnson-controls-york-simplicity-se-smart-equipment-york-rooftop-units-modbus,e5,Johnson Controls / York,Simplicity SE (Smart Equipment) — York Rooftop Units (Modbus),ZR300,modelNumber,packagedUnit,extracted,York_ZJ-ZR-ZF_15-25t_TechGuide_5168277-YTG-K-0119.pdf,16,ZR180-300 Physical Data + continued p17,ratedAirflow,정격 풍량,7600,CFM
johnson-controls-york-simplicity-se-smart-equipment-york-rooftop-units-modbus,e5,Johnson Controls / York,Simplicity SE (Smart Equipment) — York Rooftop Units (Modbus),ZR300,modelNumber,packagedUnit,extracted,York_ZJ-ZR-ZF_15-25t_TechGuide_5168277-YTG-K-0119.pdf,16,ZR180-300 Physical Data + continued p17,refrigerantControl,팽창 장치,TXV,
johnson-controls-york-simplicity-se-smart-equipment-york-rooftop-units-modbus,e5,Johnson Controls / York,Simplicity SE (Smart Equipment) — York Rooftop Units (Modbus),ZR300,modelNumber,packagedUnit,extracted,York_ZJ-ZR-ZF_15-25t_TechGuide_5168277-YTG-K-0119.pdf,16,ZR180-300 Physical Data + continued p17,systemPower,시스템 소비전력,28.50,kW
johnson-controls-york-simplicity-se-smart-equipment-york-rooftop-units-modbus,e5,Johnson Controls / York,Simplicity SE (Smart Equipment) — York Rooftop Units (Modbus),ZF180,modelNumber,packagedUnit,extracted,York_ZJ-ZR-ZF_15-25t_TechGuide_5168277-YTG-K-0119.pdf,18,ZF180-300 Physical Data + continued p19,ahriNetCoolingCapacity,AHRI 냉방능력,172,MBh
johnson-controls-york-simplicity-se-smart-equipment-york-rooftop-units-modbus,e5,Johnson Controls / York,Simplicity SE (Smart Equipment) — York Rooftop Units (Modbus),ZF180,modelNumber,packagedUnit,extracted,York_ZJ-ZR-ZF_15-25t_TechGuide_5168277-YTG-K-0119.pdf,18,ZF180-300 Physical Data + continued p19,capacityClass,용량대,15 Tons,
johnson-controls-york-simplicity-se-smart-equipment-york-rooftop-units-modbus,e5,Johnson Controls / York,Simplicity SE (Smart Equipment) — York Rooftop Units (Modbus),ZF180,modelNumber,packagedUnit,extracted,York_ZJ-ZR-ZF_15-25t_TechGuide_5168277-YTG-K-0119.pdf,18,ZF180-300 Physical Data + continued p19,capacitySteps,용량 단계,50 / 100,%
johnson-controls-york-simplicity-se-smart-equipment-york-rooftop-units-modbus,e5,Johnson Controls / York,Simplicity SE (Smart Equipment) — York Rooftop Units (Modbus),ZF180,modelNumber,packagedUnit,extracted,York_ZJ-ZR-ZF_15-25t_TechGuide_5168277-YTG-K-0119.pdf,18,ZF180-300 Physical Data + continued p19,coilFaceArea,코일 면적,36.0,sq ft
johnson-controls-york-simplicity-se-smart-equipment-york-rooftop-units-modbus,e5,Johnson Controls / York,Simplicity SE (Smart Equipment) — York Rooftop Units (Modbus),ZF180,modelNumber,packagedUnit,extracted,York_ZJ-ZR-ZF_15-25t_TechGuide_5168277-YTG-K-0119.pdf,18,ZF180-300 Physical Data + continued p19,eer,EER,11.01/10.82,
johnson-controls-york-simplicity-se-smart-equipment-york-rooftop-units-modbus,e5,Johnson Controls / York,Simplicity SE (Smart Equipment) — York Rooftop Units (Modbus),ZF180,modelNumber,packagedUnit,extracted,York_ZJ-ZR-ZF_15-25t_TechGuide_5168277-YTG-K-0119.pdf,18,ZF180-300 Physical Data + continued p19,fanMotorHp,팬 모터,1.25,HP
johnson-controls-york-simplicity-se-smart-equipment-york-rooftop-units-modbus,e5,Johnson Controls / York,Simplicity SE (Smart Equipment) — York Rooftop Units (Modbus),ZF180,modelNumber,packagedUnit,extracted,York_ZJ-ZR-ZF_15-25t_TechGuide_5168277-YTG-K-0119.pdf,18,ZF180-300 Physical Data + continued p19,grossCoolingCapacity,냉방능력,175,MBh
johnson-controls-york-simplicity-se-smart-equipment-york-rooftop-units-modbus,e5,Johnson Controls / York,Simplicity SE (Smart Equipment) — York Rooftop Units (Modbus),ZF180,modelNumber,packagedUnit,extracted,York_ZJ-ZR-ZF_15-25t_TechGuide_5168277-YTG-K-0119.pdf,18,ZF180-300 Physical Data + continued p19,ieer,IEER,12.41/12.22,
johnson-controls-york-simplicity-se-smart-equipment-york-rooftop-units-modbus,e5,Johnson Controls / York,Simplicity SE (Smart Equipment) — York Rooftop Units (Modbus),ZF180,modelNumber,packagedUnit,extracted,York_ZJ-ZR-ZF_15-25t_TechGuide_5168277-YTG-K-0119.pdf,18,ZF180-300 Physical Data + continued p19,ratedAirflow,정격 풍량,4430,CFM
johnson-controls-york-simplicity-se-smart-equipment-york-rooftop-units-modbus,e5,Johnson Controls / York,Simplicity SE (Smart Equipment) — York Rooftop Units (Modbus),ZF180,modelNumber,packagedUnit,extracted,York_ZJ-ZR-ZF_15-25t_TechGuide_5168277-YTG-K-0119.pdf,18,ZF180-300 Physical Data + continued p19,refrigerantControl,팽창 장치,TXV,
johnson-controls-york-simplicity-se-smart-equipment-york-rooftop-units-modbus,e5,Johnson Controls / York,Simplicity SE (Smart Equipment) — York Rooftop Units (Modbus),ZF180,modelNumber,packagedUnit,extracted,York_ZJ-ZR-ZF_15-25t_TechGuide_5168277-YTG-K-0119.pdf,18,ZF180-300 Physical Data + continued p19,systemPower,시스템 소비전력,15.0,kW
johnson-controls-york-simplicity-se-smart-equipment-york-rooftop-units-modbus,e5,Johnson Controls / York,Simplicity SE (Smart Equipment) — York Rooftop Units (Modbus),ZF210,modelNumber,packagedUnit,extracted,York_ZJ-ZR-ZF_15-25t_TechGuide_5168277-YTG-K-0119.pdf,18,ZF180-300 Physical Data + continued p19,ahriNetCoolingCapacity,AHRI 냉방능력,204,MBh
johnson-controls-york-simplicity-se-smart-equipment-york-rooftop-units-modbus,e5,Johnson Controls / York,Simplicity SE (Smart Equipment) — York Rooftop Units (Modbus),ZF210,modelNumber,packagedUnit,extracted,York_ZJ-ZR-ZF_15-25t_TechGuide_5168277-YTG-K-0119.pdf,18,ZF180-300 Physical Data + continued p19,capacityClass,용량대,17.5 Tons,
johnson-controls-york-simplicity-se-smart-equipment-york-rooftop-units-modbus,e5,Johnson Controls / York,Simplicity SE (Smart Equipment) — York Rooftop Units (Modbus),ZF210,modelNumber,packagedUnit,extracted,York_ZJ-ZR-ZF_15-25t_TechGuide_5168277-YTG-K-0119.pdf,18,ZF180-300 Physical Data + continued p19,capacitySteps,용량 단계,50 / 100,%
johnson-controls-york-simplicity-se-smart-equipment-york-rooftop-units-modbus,e5,Johnson Controls / York,Simplicity SE (Smart Equipment) — York Rooftop Units (Modbus),ZF210,modelNumber,packagedUnit,extracted,York_ZJ-ZR-ZF_15-25t_TechGuide_5168277-YTG-K-0119.pdf,18,ZF180-300 Physical Data + continued p19,coilFaceArea,코일 면적,43.3,sq ft
johnson-controls-york-simplicity-se-smart-equipment-york-rooftop-units-modbus,e5,Johnson Controls / York,Simplicity SE (Smart Equipment) — York Rooftop Units (Modbus),ZF210,modelNumber,packagedUnit,extracted,York_ZJ-ZR-ZF_15-25t_TechGuide_5168277-YTG-K-0119.pdf,18,ZF180-300 Physical Data + continued p19,eer,EER,11.01/10.82,
johnson-controls-york-simplicity-se-smart-equipment-york-rooftop-units-modbus,e5,Johnson Controls / York,Simplicity SE (Smart Equipment) — York Rooftop Units (Modbus),ZF210,modelNumber,packagedUnit,extracted,York_ZJ-ZR-ZF_15-25t_TechGuide_5168277-YTG-K-0119.pdf,18,ZF180-300 Physical Data + continued p19,fanMotorHp,팬 모터,1.25,HP
johnson-controls-york-simplicity-se-smart-equipment-york-rooftop-units-modbus,e5,Johnson Controls / York,Simplicity SE (Smart Equipment) — York Rooftop Units (Modbus),ZF210,modelNumber,packagedUnit,extracted,York_ZJ-ZR-ZF_15-25t_TechGuide_5168277-YTG-K-0119.pdf,18,ZF180-300 Physical Data + continued p19,grossCoolingCapacity,냉방능력,208,MBh
johnson-controls-york-simplicity-se-smart-equipment-york-rooftop-units-modbus,e5,Johnson Controls / York,Simplicity SE (Smart Equipment) — York Rooftop Units (Modbus),ZF210,modelNumber,packagedUnit,extracted,York_ZJ-ZR-ZF_15-25t_TechGuide_5168277-YTG-K-0119.pdf,18,ZF180-300 Physical Data + continued p19,ratedAirflow,정격 풍량,5300,CFM
johnson-controls-york-simplicity-se-smart-equipment-york-rooftop-units-modbus,e5,Johnson Controls / York,Simplicity SE (Smart Equipment) — York Rooftop Units (Modbus),ZF210,modelNumber,packagedUnit,extracted,York_ZJ-ZR-ZF_15-25t_TechGuide_5168277-YTG-K-0119.pdf,18,ZF180-300 Physical Data + continued p19,refrigerantControl,팽창 장치,TXV,
johnson-controls-york-simplicity-se-smart-equipment-york-rooftop-units-modbus,e5,Johnson Controls / York,Simplicity SE (Smart Equipment) — York Rooftop Units (Modbus),ZF210,modelNumber,packagedUnit,extracted,York_ZJ-ZR-ZF_15-25t_TechGuide_5168277-YTG-K-0119.pdf,18,ZF180-300 Physical Data + continued p19,systemPower,시스템 소비전력,18.5,kW
johnson-controls-york-simplicity-se-smart-equipment-york-rooftop-units-modbus,e5,Johnson Controls / York,Simplicity SE (Smart Equipment) — York Rooftop Units (Modbus),ZF240,modelNumber,packagedUnit,extracted,York_ZJ-ZR-ZF_15-25t_TechGuide_5168277-YTG-K-0119.pdf,18,ZF180-300 Physical Data + continued p19,ahriNetCoolingCapacity,AHRI 냉방능력,240,MBh
johnson-controls-york-simplicity-se-smart-equipment-york-rooftop-units-modbus,e5,Johnson Controls / York,Simplicity SE (Smart Equipment) — York Rooftop Units (Modbus),ZF240,modelNumber,packagedUnit,extracted,York_ZJ-ZR-ZF_15-25t_TechGuide_5168277-YTG-K-0119.pdf,18,ZF180-300 Physical Data + continued p19,capacityClass,용량대,20 Tons,
johnson-controls-york-simplicity-se-smart-equipment-york-rooftop-units-modbus,e5,Johnson Controls / York,Simplicity SE (Smart Equipment) — York Rooftop Units (Modbus),ZF240,modelNumber,packagedUnit,extracted,York_ZJ-ZR-ZF_15-25t_TechGuide_5168277-YTG-K-0119.pdf,18,ZF180-300 Physical Data + continued p19,capacitySteps,용량 단계,50 / 100,%
johnson-controls-york-simplicity-se-smart-equipment-york-rooftop-units-modbus,e5,Johnson Controls / York,Simplicity SE (Smart Equipment) — York Rooftop Units (Modbus),ZF240,modelNumber,packagedUnit,extracted,York_ZJ-ZR-ZF_15-25t_TechGuide_5168277-YTG-K-0119.pdf,18,ZF180-300 Physical Data + continued p19,coilFaceArea,코일 면적,43.3,sq ft
johnson-controls-york-simplicity-se-smart-equipment-york-rooftop-units-modbus,e5,Johnson Controls / York,Simplicity SE (Smart Equipment) — York Rooftop Units (Modbus),ZF240,modelNumber,packagedUnit,extracted,York_ZJ-ZR-ZF_15-25t_TechGuide_5168277-YTG-K-0119.pdf,18,ZF180-300 Physical Data + continued p19,eer,EER,10.01/9.82,
johnson-controls-york-simplicity-se-smart-equipment-york-rooftop-units-modbus,e5,Johnson Controls / York,Simplicity SE (Smart Equipment) — York Rooftop Units (Modbus),ZF240,modelNumber,packagedUnit,extracted,York_ZJ-ZR-ZF_15-25t_TechGuide_5168277-YTG-K-0119.pdf,18,ZF180-300 Physical Data + continued p19,fanMotorHp,팬 모터,1.25,HP
johnson-controls-york-simplicity-se-smart-equipment-york-rooftop-units-modbus,e5,Johnson Controls / York,Simplicity SE (Smart Equipment) — York Rooftop Units (Modbus),ZF240,modelNumber,packagedUnit,extracted,York_ZJ-ZR-ZF_15-25t_TechGuide_5168277-YTG-K-0119.pdf,18,ZF180-300 Physical Data + continued p19,grossCoolingCapacity,냉방능력,254.5,MBh
johnson-controls-york-simplicity-se-smart-equipment-york-rooftop-units-modbus,e5,Johnson Controls / York,Simplicity SE (Smart Equipment) — York Rooftop Units (Modbus),ZF240,modelNumber,packagedUnit,extracted,York_ZJ-ZR-ZF_15-25t_TechGuide_5168277-YTG-K-0119.pdf,18,ZF180-300 Physical Data + continued p19,ratedAirflow,정격 풍량,6200,CFM
johnson-controls-york-simplicity-se-smart-equipment-york-rooftop-units-modbus,e5,Johnson Controls / York,Simplicity SE (Smart Equipment) — York Rooftop Units (Modbus),ZF240,modelNumber,packagedUnit,extracted,York_ZJ-ZR-ZF_15-25t_TechGuide_5168277-YTG-K-0119.pdf,18,ZF180-300 Physical Data + continued p19,refrigerantControl,팽창 장치,TXV,
johnson-controls-york-simplicity-se-smart-equipment-york-rooftop-units-modbus,e5,Johnson Controls / York,Simplicity SE (Smart Equipment) — York Rooftop Units (Modbus),ZF240,modelNumber,packagedUnit,extracted,York_ZJ-ZR-ZF_15-25t_TechGuide_5168277-YTG-K-0119.pdf,18,ZF180-300 Physical Data + continued p19,systemPower,시스템 소비전력,24.7,kW
johnson-controls-york-simplicity-se-smart-equipment-york-rooftop-units-modbus,e5,Johnson Controls / York,Simplicity SE (Smart Equipment) — York Rooftop Units (Modbus),ZF300,modelNumber,packagedUnit,extracted,York_ZJ-ZR-ZF_15-25t_TechGuide_5168277-YTG-K-0119.pdf,18,ZF180-300 Physical Data + continued p19,ahriNetCoolingCapacity,AHRI 냉방능력,270,MBh
johnson-controls-york-simplicity-se-smart-equipment-york-rooftop-units-modbus,e5,Johnson Controls / York,Simplicity SE (Smart Equipment) — York Rooftop Units (Modbus),ZF300,modelNumber,packagedUnit,extracted,York_ZJ-ZR-ZF_15-25t_TechGuide_5168277-YTG-K-0119.pdf,18,ZF180-300 Physical Data + continued p19,capacityClass,용량대,25 Tons,
johnson-controls-york-simplicity-se-smart-equipment-york-rooftop-units-modbus,e5,Johnson Controls / York,Simplicity SE (Smart Equipment) — York Rooftop Units (Modbus),ZF300,modelNumber,packagedUnit,extracted,York_ZJ-ZR-ZF_15-25t_TechGuide_5168277-YTG-K-0119.pdf,18,ZF180-300 Physical Data + continued p19,capacitySteps,용량 단계,50 / 100,%
johnson-controls-york-simplicity-se-smart-equipment-york-rooftop-units-modbus,e5,Johnson Controls / York,Simplicity SE (Smart Equipment) — York Rooftop Units (Modbus),ZF300,modelNumber,packagedUnit,extracted,York_ZJ-ZR-ZF_15-25t_TechGuide_5168277-YTG-K-0119.pdf,18,ZF180-300 Physical Data + continued p19,coilFaceArea,코일 면적,43.3,sq ft
johnson-controls-york-simplicity-se-smart-equipment-york-rooftop-units-modbus,e5,Johnson Controls / York,Simplicity SE (Smart Equipment) — York Rooftop Units (Modbus),ZF300,modelNumber,packagedUnit,extracted,York_ZJ-ZR-ZF_15-25t_TechGuide_5168277-YTG-K-0119.pdf,18,ZF180-300 Physical Data + continued p19,eer,EER,10.01/9.82,
johnson-controls-york-simplicity-se-smart-equipment-york-rooftop-units-modbus,e5,Johnson Controls / York,Simplicity SE (Smart Equipment) — York Rooftop Units (Modbus),ZF300,modelNumber,packagedUnit,extracted,York_ZJ-ZR-ZF_15-25t_TechGuide_5168277-YTG-K-0119.pdf,18,ZF180-300 Physical Data + continued p19,fanMotorHp,팬 모터,1.50,HP
johnson-controls-york-simplicity-se-smart-equipment-york-rooftop-units-modbus,e5,Johnson Controls / York,Simplicity SE (Smart Equipment) — York Rooftop Units (Modbus),ZF300,modelNumber,packagedUnit,extracted,York_ZJ-ZR-ZF_15-25t_TechGuide_5168277-YTG-K-0119.pdf,18,ZF180-300 Physical Data + continued p19,grossCoolingCapacity,냉방능력,279,MBh
johnson-controls-york-simplicity-se-smart-equipment-york-rooftop-units-modbus,e5,Johnson Controls / York,Simplicity SE (Smart Equipment) — York Rooftop Units (Modbus),ZF300,modelNumber,packagedUnit,extracted,York_ZJ-ZR-ZF_15-25t_TechGuide_5168277-YTG-K-0119.pdf,18,ZF180-300 Physical Data + continued p19,ratedAirflow,정격 풍량,6750,CFM
johnson-controls-york-simplicity-se-smart-equipment-york-rooftop-units-modbus,e5,Johnson Controls / York,Simplicity SE (Smart Equipment) — York Rooftop Units (Modbus),ZF300,modelNumber,packagedUnit,extracted,York_ZJ-ZR-ZF_15-25t_TechGuide_5168277-YTG-K-0119.pdf,18,ZF180-300 Physical Data + continued p19,refrigerantControl,팽창 장치,TXV,
johnson-controls-york-simplicity-se-smart-equipment-york-rooftop-units-modbus,e5,Johnson Controls / York,Simplicity SE (Smart Equipment) — York Rooftop Units (Modbus),ZF300,modelNumber,packagedUnit,extracted,York_ZJ-ZR-ZF_15-25t_TechGuide_5168277-YTG-K-0119.pdf,18,ZF180-300 Physical Data + continued p19,systemPower,시스템 소비전력,27.0,kW
lennox-core-unit-controller-enlight-model-l-rooftop-bacnet,e5,Lennox,CORE Unit Controller — Enlight·Model L Rooftop (BACnet),LGT036H4E,modelNumber,packagedUnit,extracted,Lennox_Enlight_LGT_EHB_210977.pdf#generaldata,20,General data — Enlight LGT 3-6 Ton (EHB text),ahriNetCoolingCapacity,AHRI 냉방능력,"36,000",Btu/h
lennox-core-unit-controller-enlight-model-l-rooftop-bacnet,e5,Lennox,CORE Unit Controller — Enlight·Model L Rooftop (BACnet),LGT036H4E,modelNumber,packagedUnit,extracted,Lennox_Enlight_LGT_EHB_210977.pdf#generaldata,20,General data — Enlight LGT 3-6 Ton (EHB text),capacityClass,용량대,3 Tons,
lennox-core-unit-controller-enlight-model-l-rooftop-bacnet,e5,Lennox,CORE Unit Controller — Enlight·Model L Rooftop (BACnet),LGT036H4E,modelNumber,packagedUnit,extracted,Lennox_Enlight_LGT_EHB_210977.pdf#generaldata,20,General data — Enlight LGT 3-6 Ton (EHB text),eer,EER,13.3,
lennox-core-unit-controller-enlight-model-l-rooftop-bacnet,e5,Lennox,CORE Unit Controller — Enlight·Model L Rooftop (BACnet),LGT036H4E,modelNumber,packagedUnit,extracted,Lennox_Enlight_LGT_EHB_210977.pdf#generaldata,20,General data — Enlight LGT 3-6 Ton (EHB text),grossCoolingCapacity,냉방능력,"36,600",Btu/h
lennox-core-unit-controller-enlight-model-l-rooftop-bacnet,e5,Lennox,CORE Unit Controller — Enlight·Model L Rooftop (BACnet),LGT036H4E,modelNumber,packagedUnit,extracted,Lennox_Enlight_LGT_EHB_210977.pdf#generaldata,20,General data — Enlight LGT 3-6 Ton (EHB text),ratedAirflow,정격 풍량,1200/800,CFM high/low
lennox-core-unit-controller-enlight-model-l-rooftop-bacnet,e5,Lennox,CORE Unit Controller — Enlight·Model L Rooftop (BACnet),LGT036H4E,modelNumber,packagedUnit,extracted,Lennox_Enlight_LGT_EHB_210977.pdf#generaldata,20,General data — Enlight LGT 3-6 Ton (EHB text),seer,SEER,17.8,
lennox-core-unit-controller-enlight-model-l-rooftop-bacnet,e5,Lennox,CORE Unit Controller — Enlight·Model L Rooftop (BACnet),LGT036H4E,modelNumber,packagedUnit,extracted,Lennox_Enlight_LGT_EHB_210977.pdf#generaldata,20,General data — Enlight LGT 3-6 Ton (EHB text),seer2,SEER2,16.8,
lennox-core-unit-controller-enlight-model-l-rooftop-bacnet,e5,Lennox,CORE Unit Controller — Enlight·Model L Rooftop (BACnet),LGT036H4E,modelNumber,packagedUnit,extracted,Lennox_Enlight_LGT_EHB_210977.pdf#generaldata,20,General data — Enlight LGT 3-6 Ton (EHB text),soundRating,소음 정격,75,dBA
lennox-core-unit-controller-enlight-model-l-rooftop-bacnet,e5,Lennox,CORE Unit Controller — Enlight·Model L Rooftop (BACnet),LGT036H4E,modelNumber,packagedUnit,extracted,Lennox_Enlight_LGT_EHB_210977.pdf#generaldata,20,General data — Enlight LGT 3-6 Ton (EHB text),systemPower,시스템 소비전력,2.7,kW
lennox-core-unit-controller-enlight-model-l-rooftop-bacnet,e5,Lennox,CORE Unit Controller — Enlight·Model L Rooftop (BACnet),LGT048H4E,modelNumber,packagedUnit,extracted,Lennox_Enlight_LGT_EHB_210977.pdf#generaldata,20,General data — Enlight LGT 3-6 Ton (EHB text),ahriNetCoolingCapacity,AHRI 냉방능력,"49,000",Btu/h
lennox-core-unit-controller-enlight-model-l-rooftop-bacnet,e5,Lennox,CORE Unit Controller — Enlight·Model L Rooftop (BACnet),LGT048H4E,modelNumber,packagedUnit,extracted,Lennox_Enlight_LGT_EHB_210977.pdf#generaldata,20,General data — Enlight LGT 3-6 Ton (EHB text),capacityClass,용량대,4 Tons,
lennox-core-unit-controller-enlight-model-l-rooftop-bacnet,e5,Lennox,CORE Unit Controller — Enlight·Model L Rooftop (BACnet),LGT048H4E,modelNumber,packagedUnit,extracted,Lennox_Enlight_LGT_EHB_210977.pdf#generaldata,20,General data — Enlight LGT 3-6 Ton (EHB text),eer,EER,12.8,
lennox-core-unit-controller-enlight-model-l-rooftop-bacnet,e5,Lennox,CORE Unit Controller — Enlight·Model L Rooftop (BACnet),LGT048H4E,modelNumber,packagedUnit,extracted,Lennox_Enlight_LGT_EHB_210977.pdf#generaldata,20,General data — Enlight LGT 3-6 Ton (EHB text),grossCoolingCapacity,냉방능력,"50,100",Btu/h
lennox-core-unit-controller-enlight-model-l-rooftop-bacnet,e5,Lennox,CORE Unit Controller — Enlight·Model L Rooftop (BACnet),LGT048H4E,modelNumber,packagedUnit,extracted,Lennox_Enlight_LGT_EHB_210977.pdf#generaldata,20,General data — Enlight LGT 3-6 Ton (EHB text),ratedAirflow,정격 풍량,1800/1200,CFM high/low
lennox-core-unit-controller-enlight-model-l-rooftop-bacnet,e5,Lennox,CORE Unit Controller — Enlight·Model L Rooftop (BACnet),LGT048H4E,modelNumber,packagedUnit,extracted,Lennox_Enlight_LGT_EHB_210977.pdf#generaldata,20,General data — Enlight LGT 3-6 Ton (EHB text),seer,SEER,17.6,
lennox-core-unit-controller-enlight-model-l-rooftop-bacnet,e5,Lennox,CORE Unit Controller — Enlight·Model L Rooftop (BACnet),LGT048H4E,modelNumber,packagedUnit,extracted,Lennox_Enlight_LGT_EHB_210977.pdf#generaldata,20,General data — Enlight LGT 3-6 Ton (EHB text),seer2,SEER2,17.3,
lennox-core-unit-controller-enlight-model-l-rooftop-bacnet,e5,Lennox,CORE Unit Controller — Enlight·Model L Rooftop (BACnet),LGT048H4E,modelNumber,packagedUnit,extracted,Lennox_Enlight_LGT_EHB_210977.pdf#generaldata,20,General data — Enlight LGT 3-6 Ton (EHB text),soundRating,소음 정격,75,dBA
lennox-core-unit-controller-enlight-model-l-rooftop-bacnet,e5,Lennox,CORE Unit Controller — Enlight·Model L Rooftop (BACnet),LGT048H4E,modelNumber,packagedUnit,extracted,Lennox_Enlight_LGT_EHB_210977.pdf#generaldata,20,General data — Enlight LGT 3-6 Ton (EHB text),systemPower,시스템 소비전력,3.8,kW
lennox-core-unit-controller-enlight-model-l-rooftop-bacnet,e5,Lennox,CORE Unit Controller — Enlight·Model L Rooftop (BACnet),LGT060H4E,modelNumber,packagedUnit,extracted,Lennox_Enlight_LGT_EHB_210977.pdf#generaldata,20,General data — Enlight LGT 3-6 Ton (EHB text),ahriNetCoolingCapacity,AHRI 냉방능력,"60,000",Btu/h
lennox-core-unit-controller-enlight-model-l-rooftop-bacnet,e5,Lennox,CORE Unit Controller — Enlight·Model L Rooftop (BACnet),LGT060H4E,modelNumber,packagedUnit,extracted,Lennox_Enlight_LGT_EHB_210977.pdf#generaldata,20,General data — Enlight LGT 3-6 Ton (EHB text),capacityClass,용량대,5 Tons,
lennox-core-unit-controller-enlight-model-l-rooftop-bacnet,e5,Lennox,CORE Unit Controller — Enlight·Model L Rooftop (BACnet),LGT060H4E,modelNumber,packagedUnit,extracted,Lennox_Enlight_LGT_EHB_210977.pdf#generaldata,20,General data — Enlight LGT 3-6 Ton (EHB text),eer,EER,12.7,
lennox-core-unit-controller-enlight-model-l-rooftop-bacnet,e5,Lennox,CORE Unit Controller — Enlight·Model L Rooftop (BACnet),LGT060H4E,modelNumber,packagedUnit,extracted,Lennox_Enlight_LGT_EHB_210977.pdf#generaldata,20,General data — Enlight LGT 3-6 Ton (EHB text),grossCoolingCapacity,냉방능력,"61,600",Btu/h
lennox-core-unit-controller-enlight-model-l-rooftop-bacnet,e5,Lennox,CORE Unit Controller — Enlight·Model L Rooftop (BACnet),LGT060H4E,modelNumber,packagedUnit,extracted,Lennox_Enlight_LGT_EHB_210977.pdf#generaldata,20,General data — Enlight LGT 3-6 Ton (EHB text),ratedAirflow,정격 풍량,1800/1350,CFM high/low
lennox-core-unit-controller-enlight-model-l-rooftop-bacnet,e5,Lennox,CORE Unit Controller — Enlight·Model L Rooftop (BACnet),LGT060H4E,modelNumber,packagedUnit,extracted,Lennox_Enlight_LGT_EHB_210977.pdf#generaldata,20,General data — Enlight LGT 3-6 Ton (EHB text),seer,SEER,17.1,
lennox-core-unit-controller-enlight-model-l-rooftop-bacnet,e5,Lennox,CORE Unit Controller — Enlight·Model L Rooftop (BACnet),LGT060H4E,modelNumber,packagedUnit,extracted,Lennox_Enlight_LGT_EHB_210977.pdf#generaldata,20,General data — Enlight LGT 3-6 Ton (EHB text),seer2,SEER2,16.3,
lennox-core-unit-controller-enlight-model-l-rooftop-bacnet,e5,Lennox,CORE Unit Controller — Enlight·Model L Rooftop (BACnet),LGT060H4E,modelNumber,packagedUnit,extracted,Lennox_Enlight_LGT_EHB_210977.pdf#generaldata,20,General data — Enlight LGT 3-6 Ton (EHB text),soundRating,소음 정격,82,dBA
lennox-core-unit-controller-enlight-model-l-rooftop-bacnet,e5,Lennox,CORE Unit Controller — Enlight·Model L Rooftop (BACnet),LGT060H4E,modelNumber,packagedUnit,extracted,Lennox_Enlight_LGT_EHB_210977.pdf#generaldata,20,General data — Enlight LGT 3-6 Ton (EHB text),systemPower,시스템 소비전력,4.6,kW
lennox-core-unit-controller-enlight-model-l-rooftop-bacnet,e5,Lennox,CORE Unit Controller — Enlight·Model L Rooftop (BACnet),LGT072H4E,modelNumber,packagedUnit,extracted,Lennox_Enlight_LGT_EHB_210977.pdf#generaldata,20,General data — Enlight LGT 3-6 Ton (EHB text),ahriNetCoolingCapacity,AHRI 냉방능력,"69,000",Btu/h
lennox-core-unit-controller-enlight-model-l-rooftop-bacnet,e5,Lennox,CORE Unit Controller — Enlight·Model L Rooftop (BACnet),LGT072H4E,modelNumber,packagedUnit,extracted,Lennox_Enlight_LGT_EHB_210977.pdf#generaldata,20,General data — Enlight LGT 3-6 Ton (EHB text),capacityClass,용량대,6 Tons,
lennox-core-unit-controller-enlight-model-l-rooftop-bacnet,e5,Lennox,CORE Unit Controller — Enlight·Model L Rooftop (BACnet),LGT072H4E,modelNumber,packagedUnit,extracted,Lennox_Enlight_LGT_EHB_210977.pdf#generaldata,20,General data — Enlight LGT 3-6 Ton (EHB text),eer,EER,12.2,
lennox-core-unit-controller-enlight-model-l-rooftop-bacnet,e5,Lennox,CORE Unit Controller — Enlight·Model L Rooftop (BACnet),LGT072H4E,modelNumber,packagedUnit,extracted,Lennox_Enlight_LGT_EHB_210977.pdf#generaldata,20,General data — Enlight LGT 3-6 Ton (EHB text),grossCoolingCapacity,냉방능력,"72,000",Btu/h
lennox-core-unit-controller-enlight-model-l-rooftop-bacnet,e5,Lennox,CORE Unit Controller — Enlight·Model L Rooftop (BACnet),LGT072H4E,modelNumber,packagedUnit,extracted,Lennox_Enlight_LGT_EHB_210977.pdf#generaldata,20,General data — Enlight LGT 3-6 Ton (EHB text),ieer,IEER,17.0,
lennox-core-unit-controller-enlight-model-l-rooftop-bacnet,e5,Lennox,CORE Unit Controller — Enlight·Model L Rooftop (BACnet),LGT072H4E,modelNumber,packagedUnit,extracted,Lennox_Enlight_LGT_EHB_210977.pdf#generaldata,20,General data — Enlight LGT 3-6 Ton (EHB text),ratedAirflow,정격 풍량,2000/1500,CFM high/low
lennox-core-unit-controller-enlight-model-l-rooftop-bacnet,e5,Lennox,CORE Unit Controller — Enlight·Model L Rooftop (BACnet),LGT072H4E,modelNumber,packagedUnit,extracted,Lennox_Enlight_LGT_EHB_210977.pdf#generaldata,20,General data — Enlight LGT 3-6 Ton (EHB text),soundRating,소음 정격,82,dBA
lennox-core-unit-controller-enlight-model-l-rooftop-bacnet,e5,Lennox,CORE Unit Controller — Enlight·Model L Rooftop (BACnet),LGT072H4E,modelNumber,packagedUnit,extracted,Lennox_Enlight_LGT_EHB_210977.pdf#generaldata,20,General data — Enlight LGT 3-6 Ton (EHB text),systemPower,시스템 소비전력,5.6,kW
lennox-core-unit-controller-enlight-model-l-rooftop-bacnet,e5,Lennox,CORE Unit Controller — Enlight·Model L Rooftop (BACnet),LHT156H4M,modelNumber,packagedUnit,extracted,Lennox_Enlight_LHT_EHB_2411.pdf#generaldata,20,General data — Enlight LHT 13-20 Ton (EHB text),ahriNetCoolingCapacity,AHRI 냉방능력,"150,000",Btu/h
lennox-core-unit-controller-enlight-model-l-rooftop-bacnet,e5,Lennox,CORE Unit Controller — Enlight·Model L Rooftop (BACnet),LHT156H4M,modelNumber,packagedUnit,extracted,Lennox_Enlight_LHT_EHB_2411.pdf#generaldata,20,General data — Enlight LHT 13-20 Ton (EHB text),capacityClass,용량대,13 Tons,
lennox-core-unit-controller-enlight-model-l-rooftop-bacnet,e5,Lennox,CORE Unit Controller — Enlight·Model L Rooftop (BACnet),LHT156H4M,modelNumber,packagedUnit,extracted,Lennox_Enlight_LHT_EHB_2411.pdf#generaldata,20,General data — Enlight LHT 13-20 Ton (EHB text),cop,COP,3.40,
lennox-core-unit-controller-enlight-model-l-rooftop-bacnet,e5,Lennox,CORE Unit Controller — Enlight·Model L Rooftop (BACnet),LHT156H4M,modelNumber,packagedUnit,extracted,Lennox_Enlight_LHT_EHB_2411.pdf#generaldata,20,General data — Enlight LHT 13-20 Ton (EHB text),eer,EER,12.1,
lennox-core-unit-controller-enlight-model-l-rooftop-bacnet,e5,Lennox,CORE Unit Controller — Enlight·Model L Rooftop (BACnet),LHT156H4M,modelNumber,packagedUnit,extracted,Lennox_Enlight_LHT_EHB_2411.pdf#generaldata,20,General data — Enlight LHT 13-20 Ton (EHB text),grossCoolingCapacity,냉방능력,"154,000",Btu/h
lennox-core-unit-controller-enlight-model-l-rooftop-bacnet,e5,Lennox,CORE Unit Controller — Enlight·Model L Rooftop (BACnet),LHT156H4M,modelNumber,packagedUnit,extracted,Lennox_Enlight_LHT_EHB_2411.pdf#generaldata,20,General data — Enlight LHT 13-20 Ton (EHB text),heatingCapacity,난방능력,"144,000",Btu/h
lennox-core-unit-controller-enlight-model-l-rooftop-bacnet,e5,Lennox,CORE Unit Controller — Enlight·Model L Rooftop (BACnet),LHT156H4M,modelNumber,packagedUnit,extracted,Lennox_Enlight_LHT_EHB_2411.pdf#generaldata,20,General data — Enlight LHT 13-20 Ton (EHB text),ieer,IEER,15.7,
lennox-core-unit-controller-enlight-model-l-rooftop-bacnet,e5,Lennox,CORE Unit Controller — Enlight·Model L Rooftop (BACnet),LHT156H4M,modelNumber,packagedUnit,extracted,Lennox_Enlight_LHT_EHB_2411.pdf#generaldata,20,General data — Enlight LHT 13-20 Ton (EHB text),ratedAirflow,정격 풍량,4500,CFM
lennox-core-unit-controller-enlight-model-l-rooftop-bacnet,e5,Lennox,CORE Unit Controller — Enlight·Model L Rooftop (BACnet),LHT156H4M,modelNumber,packagedUnit,extracted,Lennox_Enlight_LHT_EHB_2411.pdf#generaldata,20,General data — Enlight LHT 13-20 Ton (EHB text),systemPower,시스템 소비전력,12.3,kW
lennox-core-unit-controller-enlight-model-l-rooftop-bacnet,e5,Lennox,CORE Unit Controller — Enlight·Model L Rooftop (BACnet),LHT180H4M,modelNumber,packagedUnit,extracted,Lennox_Enlight_LHT_EHB_2411.pdf#generaldata,20,General data — Enlight LHT 13-20 Ton (EHB text),ahriNetCoolingCapacity,AHRI 냉방능력,"176,000",Btu/h
lennox-core-unit-controller-enlight-model-l-rooftop-bacnet,e5,Lennox,CORE Unit Controller — Enlight·Model L Rooftop (BACnet),LHT180H4M,modelNumber,packagedUnit,extracted,Lennox_Enlight_LHT_EHB_2411.pdf#generaldata,20,General data — Enlight LHT 13-20 Ton (EHB text),capacityClass,용량대,15 Tons,
lennox-core-unit-controller-enlight-model-l-rooftop-bacnet,e5,Lennox,CORE Unit Controller — Enlight·Model L Rooftop (BACnet),LHT180H4M,modelNumber,packagedUnit,extracted,Lennox_Enlight_LHT_EHB_2411.pdf#generaldata,20,General data — Enlight LHT 13-20 Ton (EHB text),cop,COP,3.40,
lennox-core-unit-controller-enlight-model-l-rooftop-bacnet,e5,Lennox,CORE Unit Controller — Enlight·Model L Rooftop (BACnet),LHT180H4M,modelNumber,packagedUnit,extracted,Lennox_Enlight_LHT_EHB_2411.pdf#generaldata,20,General data — Enlight LHT 13-20 Ton (EHB text),eer,EER,11.1,
lennox-core-unit-controller-enlight-model-l-rooftop-bacnet,e5,Lennox,CORE Unit Controller — Enlight·Model L Rooftop (BACnet),LHT180H4M,modelNumber,packagedUnit,extracted,Lennox_Enlight_LHT_EHB_2411.pdf#generaldata,20,General data — Enlight LHT 13-20 Ton (EHB text),grossCoolingCapacity,냉방능력,"181,000",Btu/h
lennox-core-unit-controller-enlight-model-l-rooftop-bacnet,e5,Lennox,CORE Unit Controller — Enlight·Model L Rooftop (BACnet),LHT180H4M,modelNumber,packagedUnit,extracted,Lennox_Enlight_LHT_EHB_2411.pdf#generaldata,20,General data — Enlight LHT 13-20 Ton (EHB text),heatingCapacity,난방능력,"174,000",Btu/h
lennox-core-unit-controller-enlight-model-l-rooftop-bacnet,e5,Lennox,CORE Unit Controller — Enlight·Model L Rooftop (BACnet),LHT180H4M,modelNumber,packagedUnit,extracted,Lennox_Enlight_LHT_EHB_2411.pdf#generaldata,20,General data — Enlight LHT 13-20 Ton (EHB text),ieer,IEER,15.5,
lennox-core-unit-controller-enlight-model-l-rooftop-bacnet,e5,Lennox,CORE Unit Controller — Enlight·Model L Rooftop (BACnet),LHT180H4M,modelNumber,packagedUnit,extracted,Lennox_Enlight_LHT_EHB_2411.pdf#generaldata,20,General data — Enlight LHT 13-20 Ton (EHB text),ratedAirflow,정격 풍량,5500,CFM
lennox-core-unit-controller-enlight-model-l-rooftop-bacnet,e5,Lennox,CORE Unit Controller — Enlight·Model L Rooftop (BACnet),LHT180H4M,modelNumber,packagedUnit,extracted,Lennox_Enlight_LHT_EHB_2411.pdf#generaldata,20,General data — Enlight LHT 13-20 Ton (EHB text),systemPower,시스템 소비전력,15.8,kW
lennox-core-unit-controller-enlight-model-l-rooftop-bacnet,e5,Lennox,CORE Unit Controller — Enlight·Model L Rooftop (BACnet),LHT240H4M,modelNumber,packagedUnit,extracted,Lennox_Enlight_LHT_EHB_2411.pdf#generaldata,20,General data — Enlight LHT 13-20 Ton (EHB text),ahriNetCoolingCapacity,AHRI 냉방능력,"224,000",Btu/h
lennox-core-unit-controller-enlight-model-l-rooftop-bacnet,e5,Lennox,CORE Unit Controller — Enlight·Model L Rooftop (BACnet),LHT240H4M,modelNumber,packagedUnit,extracted,Lennox_Enlight_LHT_EHB_2411.pdf#generaldata,20,General data — Enlight LHT 13-20 Ton (EHB text),capacityClass,용량대,20 Tons,
lennox-core-unit-controller-enlight-model-l-rooftop-bacnet,e5,Lennox,CORE Unit Controller — Enlight·Model L Rooftop (BACnet),LHT240H4M,modelNumber,packagedUnit,extracted,Lennox_Enlight_LHT_EHB_2411.pdf#generaldata,20,General data — Enlight LHT 13-20 Ton (EHB text),cop,COP,3.40,
lennox-core-unit-controller-enlight-model-l-rooftop-bacnet,e5,Lennox,CORE Unit Controller — Enlight·Model L Rooftop (BACnet),LHT240H4M,modelNumber,packagedUnit,extracted,Lennox_Enlight_LHT_EHB_2411.pdf#generaldata,20,General data — Enlight LHT 13-20 Ton (EHB text),eer,EER,11.1,
lennox-core-unit-controller-enlight-model-l-rooftop-bacnet,e5,Lennox,CORE Unit Controller — Enlight·Model L Rooftop (BACnet),LHT240H4M,modelNumber,packagedUnit,extracted,Lennox_Enlight_LHT_EHB_2411.pdf#generaldata,20,General data — Enlight LHT 13-20 Ton (EHB text),grossCoolingCapacity,냉방능력,"232,000",Btu/h
lennox-core-unit-controller-enlight-model-l-rooftop-bacnet,e5,Lennox,CORE Unit Controller — Enlight·Model L Rooftop (BACnet),LHT240H4M,modelNumber,packagedUnit,extracted,Lennox_Enlight_LHT_EHB_2411.pdf#generaldata,20,General data — Enlight LHT 13-20 Ton (EHB text),heatingCapacity,난방능력,"224,000",Btu/h
lennox-core-unit-controller-enlight-model-l-rooftop-bacnet,e5,Lennox,CORE Unit Controller — Enlight·Model L Rooftop (BACnet),LHT240H4M,modelNumber,packagedUnit,extracted,Lennox_Enlight_LHT_EHB_2411.pdf#generaldata,20,General data — Enlight LHT 13-20 Ton (EHB text),ieer,IEER,15.5,
lennox-core-unit-controller-enlight-model-l-rooftop-bacnet,e5,Lennox,CORE Unit Controller — Enlight·Model L Rooftop (BACnet),LHT240H4M,modelNumber,packagedUnit,extracted,Lennox_Enlight_LHT_EHB_2411.pdf#generaldata,20,General data — Enlight LHT 13-20 Ton (EHB text),ratedAirflow,정격 풍량,7000,CFM
lennox-core-unit-controller-enlight-model-l-rooftop-bacnet,e5,Lennox,CORE Unit Controller — Enlight·Model L Rooftop (BACnet),LHT240H4M,modelNumber,packagedUnit,extracted,Lennox_Enlight_LHT_EHB_2411.pdf#generaldata,20,General data — Enlight LHT 13-20 Ton (EHB text),systemPower,시스템 소비전력,20.1,kW
lg-ahu-comm-kit-0caa0-02m-multi-v-single-ahu-interface-modbus-pahcmr000,e5,LG,AHU Comm Kit 0CAA0-02M — MULTI V·Single AHU Interface (Modbus) · 환기(RA) 제어 킷 PAHCMR000,PRLK048A0,modelNumber,eevKit,extracted,LG_AHU_CommKit_0CAA0-02M_PDB.pdf#eevkits,15,General data — EEV kit combination for PAHCMR000 (PDB),capacityClass,용량대,3.6–28 kW,
lg-ahu-comm-kit-0caa0-02m-multi-v-single-ahu-interface-modbus-pahcmr000,e5,LG,AHU Comm Kit 0CAA0-02M — MULTI V·Single AHU Interface (Modbus) · 환기(RA) 제어 킷 PAHCMR000,PRLK096A0,modelNumber,eevKit,extracted,LG_AHU_CommKit_0CAA0-02M_PDB.pdf#eevkits,15,General data — EEV kit combination for PAHCMR000 (PDB),capacityClass,용량대,28.1–56 kW,
lg-ahu-comm-kit-0caa0-02m-multi-v-single-ahu-interface-modbus-pahcmr000,e5,LG,AHU Comm Kit 0CAA0-02M — MULTI V·Single AHU Interface (Modbus) · 환기(RA) 제어 킷 PAHCMR000,PRLK396A0,modelNumber,eevKit,extracted,LG_AHU_CommKit_0CAA0-02M_PDB.pdf#eevkits,15,General data — EEV kit combination for PAHCMR000 (PDB),capacityClass,용량대,56.1–112 kW,
lg-ahu-comm-kit-0caa0-02m-multi-v-single-ahu-interface-modbus-pahcms000,e5,LG,AHU Comm Kit 0CAA0-02M — MULTI V·Single AHU Interface (Modbus) · 급기(SA) 제어 킷 PAHCMS000,PRLK048A0,modelNumber,eevKit,extracted,LG_AHU_CommKit_0CAA0-02M_PDB.pdf#eevkits,15,General data — EEV kit combination for PAHCMS000 (PDB),capacityClass,용량대,3.6–28 kW,
lg-ahu-comm-kit-0caa0-02m-multi-v-single-ahu-interface-modbus-pahcms000,e5,LG,AHU Comm Kit 0CAA0-02M — MULTI V·Single AHU Interface (Modbus) · 급기(SA) 제어 킷 PAHCMS000,PRLK096A0,modelNumber,eevKit,extracted,LG_AHU_CommKit_0CAA0-02M_PDB.pdf#eevkits,15,General data — EEV kit combination for PAHCMS000 (PDB),capacityClass,용량대,28.1–56 kW,
lg-ahu-comm-kit-0caa0-02m-multi-v-single-ahu-interface-modbus-pahcms000,e5,LG,AHU Comm Kit 0CAA0-02M — MULTI V·Single AHU Interface (Modbus) · 급기(SA) 제어 킷 PAHCMS000,PRLK396A0,modelNumber,eevKit,extracted,LG_AHU_CommKit_0CAA0-02M_PDB.pdf#eevkits,15,General data — EEV kit combination for PAHCMS000 (PDB),capacityClass,용량대,56.1–112 kW,
lg-ahu-comm-kit-0caa0-02m-multi-v-single-ahu-interface-modbus-pahcms000,e5,LG,AHU Comm Kit 0CAA0-02M — MULTI V·Single AHU Interface (Modbus) · 급기(SA) 제어 킷 PAHCMS000,PRLK594A0,modelNumber,eevKit,extracted,LG_AHU_CommKit_0CAA0-02M_PDB.pdf#eevkits,15,General data — EEV kit combination for PAHCMS000 (PDB),capacityClass,용량대,112.1–168 kW,
mitsubishi-electric-pac-if013b-sif013b-mr-slim-ahu-interface-modbus,e5,Mitsubishi Electric,PAC-IF013B/SIF013B — Mr.Slim AHU Interface (Modbus),ZRP35,modelNumber,packagedUnit,extracted,Mitsubishi_PAC-IF013_AHU_Design_Guideline.pdf#airflow,13,General data — Mr.Slim outdoor units for AHU (design guideline text),capacityClass,용량대,35,
mitsubishi-electric-pac-if013b-sif013b-mr-slim-ahu-interface-modbus,e5,Mitsubishi Electric,PAC-IF013B/SIF013B — Mr.Slim AHU Interface (Modbus),ZRP35,modelNumber,packagedUnit,extracted,Mitsubishi_PAC-IF013_AHU_Design_Guideline.pdf#airflow,13,General data — Mr.Slim outdoor units for AHU (design guideline text),ratedAirflow,정격 풍량,372 – 738,m³/h
mitsubishi-electric-pac-if013b-sif013b-mr-slim-ahu-interface-modbus,e5,Mitsubishi Electric,PAC-IF013B/SIF013B — Mr.Slim AHU Interface (Modbus),ZRP50,modelNumber,packagedUnit,extracted,Mitsubishi_PAC-IF013_AHU_Design_Guideline.pdf#airflow,13,General data — Mr.Slim outdoor units for AHU (design guideline text),capacityClass,용량대,50,
mitsubishi-electric-pac-if013b-sif013b-mr-slim-ahu-interface-modbus,e5,Mitsubishi Electric,PAC-IF013B/SIF013B — Mr.Slim AHU Interface (Modbus),ZRP50,modelNumber,packagedUnit,extracted,Mitsubishi_PAC-IF013_AHU_Design_Guideline.pdf#airflow,13,General data — Mr.Slim outdoor units for AHU (design guideline text),ratedAirflow,정격 풍량,516 – 1080,m³/h
mitsubishi-electric-pac-if013b-sif013b-mr-slim-ahu-interface-modbus,e5,Mitsubishi Electric,PAC-IF013B/SIF013B — Mr.Slim AHU Interface (Modbus),ZRP60,modelNumber,packagedUnit,extracted,Mitsubishi_PAC-IF013_AHU_Design_Guideline.pdf#airflow,13,General data — Mr.Slim outdoor units for AHU (design guideline text),capacityClass,용량대,60,
mitsubishi-electric-pac-if013b-sif013b-mr-slim-ahu-interface-modbus,e5,Mitsubishi Electric,PAC-IF013B/SIF013B — Mr.Slim AHU Interface (Modbus),ZRP60,modelNumber,packagedUnit,extracted,Mitsubishi_PAC-IF013_AHU_Design_Guideline.pdf#airflow,13,General data — Mr.Slim outdoor units for AHU (design guideline text),ratedAirflow,정격 풍량,630 – 1260,m³/h
mitsubishi-electric-pac-if013b-sif013b-mr-slim-ahu-interface-modbus,e5,Mitsubishi Electric,PAC-IF013B/SIF013B — Mr.Slim AHU Interface (Modbus),ZRP71,modelNumber,packagedUnit,extracted,Mitsubishi_PAC-IF013_AHU_Design_Guideline.pdf#airflow,13,General data — Mr.Slim outdoor units for AHU (design guideline text),capacityClass,용량대,71,
mitsubishi-electric-pac-if013b-sif013b-mr-slim-ahu-interface-modbus,e5,Mitsubishi Electric,PAC-IF013B/SIF013B — Mr.Slim AHU Interface (Modbus),ZRP71,modelNumber,packagedUnit,extracted,Mitsubishi_PAC-IF013_AHU_Design_Guideline.pdf#airflow,13,General data — Mr.Slim outdoor units for AHU (design guideline text),ratedAirflow,정격 풍량,732 – 1440,m³/h
mitsubishi-electric-pac-if013b-sif013b-mr-slim-ahu-interface-modbus,e5,Mitsubishi Electric,PAC-IF013B/SIF013B — Mr.Slim AHU Interface (Modbus),ZRP100,modelNumber,packagedUnit,extracted,Mitsubishi_PAC-IF013_AHU_Design_Guideline.pdf#airflow,13,General data — Mr.Slim outdoor units for AHU (design guideline text),capacityClass,용량대,100,
mitsubishi-electric-pac-if013b-sif013b-mr-slim-ahu-interface-modbus,e5,Mitsubishi Electric,PAC-IF013B/SIF013B — Mr.Slim AHU Interface (Modbus),ZRP100,modelNumber,packagedUnit,extracted,Mitsubishi_PAC-IF013_AHU_Design_Guideline.pdf#airflow,13,General data — Mr.Slim outdoor units for AHU (design guideline text),ratedAirflow,정격 풍량,978 – 2016,m³/h
mitsubishi-electric-pac-if013b-sif013b-mr-slim-ahu-interface-modbus,e5,Mitsubishi Electric,PAC-IF013B/SIF013B — Mr.Slim AHU Interface (Modbus),ZRP125,modelNumber,packagedUnit,extracted,Mitsubishi_PAC-IF013_AHU_Design_Guideline.pdf#airflow,13,General data — Mr.Slim outdoor units for AHU (design guideline text),capacityClass,용량대,125,
mitsubishi-electric-pac-if013b-sif013b-mr-slim-ahu-interface-modbus,e5,Mitsubishi Electric,PAC-IF013B/SIF013B — Mr.Slim AHU Interface (Modbus),ZRP125,modelNumber,packagedUnit,extracted,Mitsubishi_PAC-IF013_AHU_Design_Guideline.pdf#airflow,13,General data — Mr.Slim outdoor units for AHU (design guideline text),ratedAirflow,정격 풍량,1290 – 2520,m³/h
mitsubishi-electric-pac-if013b-sif013b-mr-slim-ahu-interface-modbus,e5,Mitsubishi Electric,PAC-IF013B/SIF013B — Mr.Slim AHU Interface (Modbus),ZRP140,modelNumber,packagedUnit,extracted,Mitsubishi_PAC-IF013_AHU_Design_Guideline.pdf#airflow,13,General data — Mr.Slim outdoor units for AHU (design guideline text),capacityClass,용량대,140,
mitsubishi-electric-pac-if013b-sif013b-mr-slim-ahu-interface-modbus,e5,Mitsubishi Electric,PAC-IF013B/SIF013B — Mr.Slim AHU Interface (Modbus),ZRP140,modelNumber,packagedUnit,extracted,Mitsubishi_PAC-IF013_AHU_Design_Guideline.pdf#airflow,13,General data — Mr.Slim outdoor units for AHU (design guideline text),ratedAirflow,정격 풍량,1380 – 2880,m³/h
mitsubishi-electric-pac-if013b-sif013b-mr-slim-ahu-interface-modbus,e5,Mitsubishi Electric,PAC-IF013B/SIF013B — Mr.Slim AHU Interface (Modbus),ZRP200,modelNumber,packagedUnit,extracted,Mitsubishi_PAC-IF013_AHU_Design_Guideline.pdf#airflow,13,General data — Mr.Slim outdoor units for AHU (design guideline text),capacityClass,용량대,200,
mitsubishi-electric-pac-if013b-sif013b-mr-slim-ahu-interface-modbus,e5,Mitsubishi Electric,PAC-IF013B/SIF013B — Mr.Slim AHU Interface (Modbus),ZRP200,modelNumber,packagedUnit,extracted,Mitsubishi_PAC-IF013_AHU_Design_Guideline.pdf#airflow,13,General data — Mr.Slim outdoor units for AHU (design guideline text),ratedAirflow,정격 풍량,1956 – 4032,m³/h
mitsubishi-electric-pac-if013b-sif013b-mr-slim-ahu-interface-modbus,e5,Mitsubishi Electric,PAC-IF013B/SIF013B — Mr.Slim AHU Interface (Modbus),ZRP250,modelNumber,packagedUnit,extracted,Mitsubishi_PAC-IF013_AHU_Design_Guideline.pdf#airflow,13,General data — Mr.Slim outdoor units for AHU (design guideline text),capacityClass,용량대,250,
mitsubishi-electric-pac-if013b-sif013b-mr-slim-ahu-interface-modbus,e5,Mitsubishi Electric,PAC-IF013B/SIF013B — Mr.Slim AHU Interface (Modbus),ZRP250,modelNumber,packagedUnit,extracted,Mitsubishi_PAC-IF013_AHU_Design_Guideline.pdf#airflow,13,General data — Mr.Slim outdoor units for AHU (design guideline text),ratedAirflow,정격 풍량,2268 – 4860,m³/h
mitsubishi-electric-pac-if013b-sif013b-mr-slim-ahu-interface-modbus,e5,Mitsubishi Electric,PAC-IF013B/SIF013B — Mr.Slim AHU Interface (Modbus),P200,modelNumber,packagedUnit,extracted,Mitsubishi_PAC-IF013_AHU_Design_Guideline.pdf#airflow,13,General data — Mr.Slim outdoor units for AHU (design guideline text),capacityClass,용량대,200,
mitsubishi-electric-pac-if013b-sif013b-mr-slim-ahu-interface-modbus,e5,Mitsubishi Electric,PAC-IF013B/SIF013B — Mr.Slim AHU Interface (Modbus),P200,modelNumber,packagedUnit,extracted,Mitsubishi_PAC-IF013_AHU_Design_Guideline.pdf#airflow,13,General data — Mr.Slim outdoor units for AHU (design guideline text),ratedAirflow,정격 풍량,1956 – 4032,m³/h
mitsubishi-electric-pac-if013b-sif013b-mr-slim-ahu-interface-modbus,e5,Mitsubishi Electric,PAC-IF013B/SIF013B — Mr.Slim AHU Interface (Modbus),P250,modelNumber,packagedUnit,extracted,Mitsubishi_PAC-IF013_AHU_Design_Guideline.pdf#airflow,13,General data — Mr.Slim outdoor units for AHU (design guideline text),capacityClass,용량대,250,
mitsubishi-electric-pac-if013b-sif013b-mr-slim-ahu-interface-modbus,e5,Mitsubishi Electric,PAC-IF013B/SIF013B — Mr.Slim AHU Interface (Modbus),P250,modelNumber,packagedUnit,extracted,Mitsubishi_PAC-IF013_AHU_Design_Guideline.pdf#airflow,13,General data — Mr.Slim outdoor units for AHU (design guideline text),ratedAirflow,정격 풍량,2268 – 4860,m³/h
mitsubishi-electric-pac-if013b-sif013b-mr-slim-ahu-interface-modbus,e5,Mitsubishi Electric,PAC-IF013B/SIF013B — Mr.Slim AHU Interface (Modbus),SHW80,modelNumber,packagedUnit,extracted,Mitsubishi_PAC-IF013_AHU_Design_Guideline.pdf#airflow,13,General data — Mr.Slim outdoor units for AHU (design guideline text),capacityClass,용량대,80,
mitsubishi-electric-pac-if013b-sif013b-mr-slim-ahu-interface-modbus,e5,Mitsubishi Electric,PAC-IF013B/SIF013B — Mr.Slim AHU Interface (Modbus),SHW80,modelNumber,packagedUnit,extracted,Mitsubishi_PAC-IF013_AHU_Design_Guideline.pdf#airflow,13,General data — Mr.Slim outdoor units for AHU (design guideline text),ratedAirflow,정격 풍량,732 – 1440,m³/h
mitsubishi-electric-pac-if013b-sif013b-mr-slim-ahu-interface-modbus,e5,Mitsubishi Electric,PAC-IF013B/SIF013B — Mr.Slim AHU Interface (Modbus),SHW112,modelNumber,packagedUnit,extracted,Mitsubishi_PAC-IF013_AHU_Design_Guideline.pdf#airflow,13,General data — Mr.Slim outdoor units for AHU (design guideline text),capacityClass,용량대,112,
mitsubishi-electric-pac-if013b-sif013b-mr-slim-ahu-interface-modbus,e5,Mitsubishi Electric,PAC-IF013B/SIF013B — Mr.Slim AHU Interface (Modbus),SHW112,modelNumber,packagedUnit,extracted,Mitsubishi_PAC-IF013_AHU_Design_Guideline.pdf#airflow,13,General data — Mr.Slim outdoor units for AHU (design guideline text),ratedAirflow,정격 풍량,978 – 2016,m³/h
mitsubishi-electric-pac-if013b-sif013b-mr-slim-ahu-interface-modbus,e5,Mitsubishi Electric,PAC-IF013B/SIF013B — Mr.Slim AHU Interface (Modbus),SHW140,modelNumber,packagedUnit,extracted,Mitsubishi_PAC-IF013_AHU_Design_Guideline.pdf#airflow,13,General data — Mr.Slim outdoor units for AHU (design guideline text),capacityClass,용량대,140,
mitsubishi-electric-pac-if013b-sif013b-mr-slim-ahu-interface-modbus,e5,Mitsubishi Electric,PAC-IF013B/SIF013B — Mr.Slim AHU Interface (Modbus),SHW140,modelNumber,packagedUnit,extracted,Mitsubishi_PAC-IF013_AHU_Design_Guideline.pdf#airflow,13,General data — Mr.Slim outdoor units for AHU (design guideline text),ratedAirflow,정격 풍량,1290 – 2520,m³/h
mitsubishi-electric-pac-if013b-sif013b-mr-slim-ahu-interface-modbus,e5,Mitsubishi Electric,PAC-IF013B/SIF013B — Mr.Slim AHU Interface (Modbus),SHW230,modelNumber,packagedUnit,extracted,Mitsubishi_PAC-IF013_AHU_Design_Guideline.pdf#airflow,13,General data — Mr.Slim outdoor units for AHU (design guideline text),capacityClass,용량대,230,
mitsubishi-electric-pac-if013b-sif013b-mr-slim-ahu-interface-modbus,e5,Mitsubishi Electric,PAC-IF013B/SIF013B — Mr.Slim AHU Interface (Modbus),SHW230,modelNumber,packagedUnit,extracted,Mitsubishi_PAC-IF013_AHU_Design_Guideline.pdf#airflow,13,General data — Mr.Slim outdoor units for AHU (design guideline text),ratedAirflow,정격 풍량,1956 – 4032,m³/h
mitsubishi-electric-pac-if013b-sif013b-mr-slim-ahu-interface-modbus,e5,Mitsubishi Electric,PAC-IF013B/SIF013B — Mr.Slim AHU Interface (Modbus),ZM35,modelNumber,packagedUnit,extracted,Mitsubishi_PAC-IF013_AHU_Design_Guideline.pdf#airflow,13,General data — Mr.Slim outdoor units for AHU (design guideline text),capacityClass,용량대,35,
mitsubishi-electric-pac-if013b-sif013b-mr-slim-ahu-interface-modbus,e5,Mitsubishi Electric,PAC-IF013B/SIF013B — Mr.Slim AHU Interface (Modbus),ZM35,modelNumber,packagedUnit,extracted,Mitsubishi_PAC-IF013_AHU_Design_Guideline.pdf#airflow,13,General data — Mr.Slim outdoor units for AHU (design guideline text),ratedAirflow,정격 풍량,372 – 738,m³/h
mitsubishi-electric-pac-if013b-sif013b-mr-slim-ahu-interface-modbus,e5,Mitsubishi Electric,PAC-IF013B/SIF013B — Mr.Slim AHU Interface (Modbus),ZM50,modelNumber,packagedUnit,extracted,Mitsubishi_PAC-IF013_AHU_Design_Guideline.pdf#airflow,13,General data — Mr.Slim outdoor units for AHU (design guideline text),capacityClass,용량대,50,
mitsubishi-electric-pac-if013b-sif013b-mr-slim-ahu-interface-modbus,e5,Mitsubishi Electric,PAC-IF013B/SIF013B — Mr.Slim AHU Interface (Modbus),ZM50,modelNumber,packagedUnit,extracted,Mitsubishi_PAC-IF013_AHU_Design_Guideline.pdf#airflow,13,General data — Mr.Slim outdoor units for AHU (design guideline text),ratedAirflow,정격 풍량,516 – 1080,m³/h
mitsubishi-electric-pac-if013b-sif013b-mr-slim-ahu-interface-modbus,e5,Mitsubishi Electric,PAC-IF013B/SIF013B — Mr.Slim AHU Interface (Modbus),ZM60,modelNumber,packagedUnit,extracted,Mitsubishi_PAC-IF013_AHU_Design_Guideline.pdf#airflow,13,General data — Mr.Slim outdoor units for AHU (design guideline text),capacityClass,용량대,60,
mitsubishi-electric-pac-if013b-sif013b-mr-slim-ahu-interface-modbus,e5,Mitsubishi Electric,PAC-IF013B/SIF013B — Mr.Slim AHU Interface (Modbus),ZM60,modelNumber,packagedUnit,extracted,Mitsubishi_PAC-IF013_AHU_Design_Guideline.pdf#airflow,13,General data — Mr.Slim outdoor units for AHU (design guideline text),ratedAirflow,정격 풍량,630 – 1260,m³/h
mitsubishi-electric-pac-if013b-sif013b-mr-slim-ahu-interface-modbus,e5,Mitsubishi Electric,PAC-IF013B/SIF013B — Mr.Slim AHU Interface (Modbus),ZM71,modelNumber,packagedUnit,extracted,Mitsubishi_PAC-IF013_AHU_Design_Guideline.pdf#airflow,13,General data — Mr.Slim outdoor units for AHU (design guideline text),capacityClass,용량대,71,
mitsubishi-electric-pac-if013b-sif013b-mr-slim-ahu-interface-modbus,e5,Mitsubishi Electric,PAC-IF013B/SIF013B — Mr.Slim AHU Interface (Modbus),ZM71,modelNumber,packagedUnit,extracted,Mitsubishi_PAC-IF013_AHU_Design_Guideline.pdf#airflow,13,General data — Mr.Slim outdoor units for AHU (design guideline text),ratedAirflow,정격 풍량,732 – 1440,m³/h
mitsubishi-electric-pac-if013b-sif013b-mr-slim-ahu-interface-modbus,e5,Mitsubishi Electric,PAC-IF013B/SIF013B — Mr.Slim AHU Interface (Modbus),ZM100,modelNumber,packagedUnit,extracted,Mitsubishi_PAC-IF013_AHU_Design_Guideline.pdf#airflow,13,General data — Mr.Slim outdoor units for AHU (design guideline text),capacityClass,용량대,100,
mitsubishi-electric-pac-if013b-sif013b-mr-slim-ahu-interface-modbus,e5,Mitsubishi Electric,PAC-IF013B/SIF013B — Mr.Slim AHU Interface (Modbus),ZM100,modelNumber,packagedUnit,extracted,Mitsubishi_PAC-IF013_AHU_Design_Guideline.pdf#airflow,13,General data — Mr.Slim outdoor units for AHU (design guideline text),ratedAirflow,정격 풍량,978 – 2016,m³/h
mitsubishi-electric-pac-if013b-sif013b-mr-slim-ahu-interface-modbus,e5,Mitsubishi Electric,PAC-IF013B/SIF013B — Mr.Slim AHU Interface (Modbus),ZM125,modelNumber,packagedUnit,extracted,Mitsubishi_PAC-IF013_AHU_Design_Guideline.pdf#airflow,13,General data — Mr.Slim outdoor units for AHU (design guideline text),capacityClass,용량대,125,
mitsubishi-electric-pac-if013b-sif013b-mr-slim-ahu-interface-modbus,e5,Mitsubishi Electric,PAC-IF013B/SIF013B — Mr.Slim AHU Interface (Modbus),ZM125,modelNumber,packagedUnit,extracted,Mitsubishi_PAC-IF013_AHU_Design_Guideline.pdf#airflow,13,General data — Mr.Slim outdoor units for AHU (design guideline text),ratedAirflow,정격 풍량,1290 – 2520,m³/h
mitsubishi-electric-pac-if013b-sif013b-mr-slim-ahu-interface-modbus,e5,Mitsubishi Electric,PAC-IF013B/SIF013B — Mr.Slim AHU Interface (Modbus),ZM140,modelNumber,packagedUnit,extracted,Mitsubishi_PAC-IF013_AHU_Design_Guideline.pdf#airflow,13,General data — Mr.Slim outdoor units for AHU (design guideline text),capacityClass,용량대,140,
mitsubishi-electric-pac-if013b-sif013b-mr-slim-ahu-interface-modbus,e5,Mitsubishi Electric,PAC-IF013B/SIF013B — Mr.Slim AHU Interface (Modbus),ZM140,modelNumber,packagedUnit,extracted,Mitsubishi_PAC-IF013_AHU_Design_Guideline.pdf#airflow,13,General data — Mr.Slim outdoor units for AHU (design guideline text),ratedAirflow,정격 풍량,1380 – 2880,m³/h
siemens-climatix-pol908-iv-produkt-ahu-application-bacnet,e5,Siemens,Climatix POL908 — IV Produkt AHU Application (BACnet),Envistar 04 · catalog p32,capacityClass,packagedUnit,extracted,IVProdukt_Envistar_Catalog_2024-3_en.pdf,32,정격 사양 — IVProdukt_Envistar_Catalog_2024-3_en.pdf p32,capacityClass,용량대,크기 04,
siemens-climatix-pol908-iv-produkt-ahu-application-bacnet,e5,Siemens,Climatix POL908 — IV Produkt AHU Application (BACnet),Envistar 04 · catalog p32,capacityClass,packagedUnit,extracted,IVProdukt_Envistar_Catalog_2024-3_en.pdf,32,정격 사양 — IVProdukt_Envistar_Catalog_2024-3_en.pdf p32,grossCoolingCapacity,냉방능력,6.5,kW
siemens-climatix-pol908-iv-produkt-ahu-application-bacnet,e5,Siemens,Climatix POL908 — IV Produkt AHU Application (BACnet),Envistar 04 · catalog p32,capacityClass,packagedUnit,extracted,IVProdukt_Envistar_Catalog_2024-3_en.pdf,32,정격 사양 — IVProdukt_Envistar_Catalog_2024-3_en.pdf p32,ratedAirflow,정격 풍량,"0,10 – 0,43",m³/s
siemens-climatix-pol908-iv-produkt-ahu-application-bacnet,e5,Siemens,Climatix POL908 — IV Produkt AHU Application (BACnet),Envistar 04 · catalog p32,capacityClass,packagedUnit,extracted,IVProdukt_Envistar_Catalog_2024-3_en.pdf,32,정격 사양 — IVProdukt_Envistar_Catalog_2024-3_en.pdf p32,unitHeight,유닛 높이,1365/1910,mm
siemens-climatix-pol908-iv-produkt-ahu-application-bacnet,e5,Siemens,Climatix POL908 — IV Produkt AHU Application (BACnet),Envistar 04 · catalog p32,capacityClass,packagedUnit,extracted,IVProdukt_Envistar_Catalog_2024-3_en.pdf,32,정격 사양 — IVProdukt_Envistar_Catalog_2024-3_en.pdf p32,unitLength,유닛 길이,1570,mm
siemens-climatix-pol908-iv-produkt-ahu-application-bacnet,e5,Siemens,Climatix POL908 — IV Produkt AHU Application (BACnet),Envistar 06 · catalog p32,capacityClass,packagedUnit,extracted,IVProdukt_Envistar_Catalog_2024-3_en.pdf,32,정격 사양 — IVProdukt_Envistar_Catalog_2024-3_en.pdf p32,capacityClass,용량대,크기 06,
siemens-climatix-pol908-iv-produkt-ahu-application-bacnet,e5,Siemens,Climatix POL908 — IV Produkt AHU Application (BACnet),Envistar 06 · catalog p32,capacityClass,packagedUnit,extracted,IVProdukt_Envistar_Catalog_2024-3_en.pdf,32,정격 사양 — IVProdukt_Envistar_Catalog_2024-3_en.pdf p32,grossCoolingCapacity,냉방능력,12.2,kW
siemens-climatix-pol908-iv-produkt-ahu-application-bacnet,e5,Siemens,Climatix POL908 — IV Produkt AHU Application (BACnet),Envistar 06 · catalog p32,capacityClass,packagedUnit,extracted,IVProdukt_Envistar_Catalog_2024-3_en.pdf,32,정격 사양 — IVProdukt_Envistar_Catalog_2024-3_en.pdf p32,ratedAirflow,정격 풍량,"0,15 – 0,68",m³/s
siemens-climatix-pol908-iv-produkt-ahu-application-bacnet,e5,Siemens,Climatix POL908 — IV Produkt AHU Application (BACnet),Envistar 06 · catalog p32,capacityClass,packagedUnit,extracted,IVProdukt_Envistar_Catalog_2024-3_en.pdf,32,정격 사양 — IVProdukt_Envistar_Catalog_2024-3_en.pdf p32,unitHeight,유닛 높이,1365/1910,mm
siemens-climatix-pol908-iv-produkt-ahu-application-bacnet,e5,Siemens,Climatix POL908 — IV Produkt AHU Application (BACnet),Envistar 06 · catalog p32,capacityClass,packagedUnit,extracted,IVProdukt_Envistar_Catalog_2024-3_en.pdf,32,정격 사양 — IVProdukt_Envistar_Catalog_2024-3_en.pdf p32,unitLength,유닛 길이,1720,mm
siemens-climatix-pol908-iv-produkt-ahu-application-bacnet,e5,Siemens,Climatix POL908 — IV Produkt AHU Application (BACnet),Envistar 09 · catalog p32,capacityClass,packagedUnit,extracted,IVProdukt_Envistar_Catalog_2024-3_en.pdf,32,정격 사양 — IVProdukt_Envistar_Catalog_2024-3_en.pdf p32,capacityClass,용량대,크기 09,
siemens-climatix-pol908-iv-produkt-ahu-application-bacnet,e5,Siemens,Climatix POL908 — IV Produkt AHU Application (BACnet),Envistar 09 · catalog p32,capacityClass,packagedUnit,extracted,IVProdukt_Envistar_Catalog_2024-3_en.pdf,32,정격 사양 — IVProdukt_Envistar_Catalog_2024-3_en.pdf p32,grossCoolingCapacity,냉방능력,19.2,kW
siemens-climatix-pol908-iv-produkt-ahu-application-bacnet,e5,Siemens,Climatix POL908 — IV Produkt AHU Application (BACnet),Envistar 09 · catalog p32,capacityClass,packagedUnit,extracted,IVProdukt_Envistar_Catalog_2024-3_en.pdf,32,정격 사양 — IVProdukt_Envistar_Catalog_2024-3_en.pdf p32,ratedAirflow,정격 풍량,"0,20 – 0,98",m³/s
siemens-climatix-pol908-iv-produkt-ahu-application-bacnet,e5,Siemens,Climatix POL908 — IV Produkt AHU Application (BACnet),Envistar 09 · catalog p32,capacityClass,packagedUnit,extracted,IVProdukt_Envistar_Catalog_2024-3_en.pdf,32,정격 사양 — IVProdukt_Envistar_Catalog_2024-3_en.pdf p32,unitHeight,유닛 높이,1435/1600,mm
siemens-climatix-pol908-iv-produkt-ahu-application-bacnet,e5,Siemens,Climatix POL908 — IV Produkt AHU Application (BACnet),Envistar 09 · catalog p32,capacityClass,packagedUnit,extracted,IVProdukt_Envistar_Catalog_2024-3_en.pdf,32,정격 사양 — IVProdukt_Envistar_Catalog_2024-3_en.pdf p32,unitLength,유닛 길이,2000 e 2370,mm
siemens-climatix-pol908-iv-produkt-ahu-application-bacnet,e5,Siemens,Climatix POL908 — IV Produkt AHU Application (BACnet),Envistar 10 · catalog p32,capacityClass,packagedUnit,extracted,IVProdukt_Envistar_Catalog_2024-3_en.pdf,32,정격 사양 — IVProdukt_Envistar_Catalog_2024-3_en.pdf p32,capacityClass,용량대,크기 10,
siemens-climatix-pol908-iv-produkt-ahu-application-bacnet,e5,Siemens,Climatix POL908 — IV Produkt AHU Application (BACnet),Envistar 10 · catalog p32,capacityClass,packagedUnit,extracted,IVProdukt_Envistar_Catalog_2024-3_en.pdf,32,정격 사양 — IVProdukt_Envistar_Catalog_2024-3_en.pdf p32,grossCoolingCapacity,냉방능력,18.3,kW
siemens-climatix-pol908-iv-produkt-ahu-application-bacnet,e5,Siemens,Climatix POL908 — IV Produkt AHU Application (BACnet),Envistar 10 · catalog p32,capacityClass,packagedUnit,extracted,IVProdukt_Envistar_Catalog_2024-3_en.pdf,32,정격 사양 — IVProdukt_Envistar_Catalog_2024-3_en.pdf p32,ratedAirflow,정격 풍량,"0,20 – 0,98",m³/s
siemens-climatix-pol908-iv-produkt-ahu-application-bacnet,e5,Siemens,Climatix POL908 — IV Produkt AHU Application (BACnet),Envistar 10 · catalog p32,capacityClass,packagedUnit,extracted,IVProdukt_Envistar_Catalog_2024-3_en.pdf,32,정격 사양 — IVProdukt_Envistar_Catalog_2024-3_en.pdf p32,unitHeight,유닛 높이,1435/1980,mm
siemens-climatix-pol908-iv-produkt-ahu-application-bacnet,e5,Siemens,Climatix POL908 — IV Produkt AHU Application (BACnet),Envistar 10 · catalog p32,capacityClass,packagedUnit,extracted,IVProdukt_Envistar_Catalog_2024-3_en.pdf,32,정격 사양 — IVProdukt_Envistar_Catalog_2024-3_en.pdf p32,unitLength,유닛 길이,1990,mm
siemens-climatix-pol908-iv-produkt-ahu-application-bacnet,e5,Siemens,Climatix POL908 — IV Produkt AHU Application (BACnet),Envistar 12 · catalog p32,capacityClass,packagedUnit,extracted,IVProdukt_Envistar_Catalog_2024-3_en.pdf,32,정격 사양 — IVProdukt_Envistar_Catalog_2024-3_en.pdf p32,capacityClass,용량대,크기 12,
siemens-climatix-pol908-iv-produkt-ahu-application-bacnet,e5,Siemens,Climatix POL908 — IV Produkt AHU Application (BACnet),Envistar 12 · catalog p32,capacityClass,packagedUnit,extracted,IVProdukt_Envistar_Catalog_2024-3_en.pdf,32,정격 사양 — IVProdukt_Envistar_Catalog_2024-3_en.pdf p32,grossCoolingCapacity,냉방능력,18.3 20.3,kW
siemens-climatix-pol908-iv-produkt-ahu-application-bacnet,e5,Siemens,Climatix POL908 — IV Produkt AHU Application (BACnet),Envistar 12 · catalog p32,capacityClass,packagedUnit,extracted,IVProdukt_Envistar_Catalog_2024-3_en.pdf,32,정격 사양 — IVProdukt_Envistar_Catalog_2024-3_en.pdf p32,ratedAirflow,정격 풍량,"0,25 – 1,20",m³/s
siemens-climatix-pol908-iv-produkt-ahu-application-bacnet,e5,Siemens,Climatix POL908 — IV Produkt AHU Application (BACnet),Envistar 12 · catalog p32,capacityClass,packagedUnit,extracted,IVProdukt_Envistar_Catalog_2024-3_en.pdf,32,정격 사양 — IVProdukt_Envistar_Catalog_2024-3_en.pdf p32,unitHeight,유닛 높이,1530/1915,mm
siemens-climatix-pol908-iv-produkt-ahu-application-bacnet,e5,Siemens,Climatix POL908 — IV Produkt AHU Application (BACnet),Envistar 12 · catalog p32,capacityClass,packagedUnit,extracted,IVProdukt_Envistar_Catalog_2024-3_en.pdf,32,정격 사양 — IVProdukt_Envistar_Catalog_2024-3_en.pdf p32,unitLength,유닛 길이,2000 e 2370,mm
siemens-climatix-pol908-iv-produkt-ahu-application-bacnet,e5,Siemens,Climatix POL908 — IV Produkt AHU Application (BACnet),Envistar 17 · catalog p32,capacityClass,packagedUnit,extracted,IVProdukt_Envistar_Catalog_2024-3_en.pdf,32,정격 사양 — IVProdukt_Envistar_Catalog_2024-3_en.pdf p32,capacityClass,용량대,크기 17,
siemens-climatix-pol908-iv-produkt-ahu-application-bacnet,e5,Siemens,Climatix POL908 — IV Produkt AHU Application (BACnet),Envistar 17 · catalog p32,capacityClass,packagedUnit,extracted,IVProdukt_Envistar_Catalog_2024-3_en.pdf,32,정격 사양 — IVProdukt_Envistar_Catalog_2024-3_en.pdf p32,grossCoolingCapacity,냉방능력,"29,0",kW
siemens-climatix-pol908-iv-produkt-ahu-application-bacnet,e5,Siemens,Climatix POL908 — IV Produkt AHU Application (BACnet),Envistar 17 · catalog p32,capacityClass,packagedUnit,extracted,IVProdukt_Envistar_Catalog_2024-3_en.pdf,32,정격 사양 — IVProdukt_Envistar_Catalog_2024-3_en.pdf p32,ratedAirflow,정격 풍량,"0,30 – 1,90",m³/s
siemens-climatix-pol908-iv-produkt-ahu-application-bacnet,e5,Siemens,Climatix POL908 — IV Produkt AHU Application (BACnet),Envistar 17 · catalog p32,capacityClass,packagedUnit,extracted,IVProdukt_Envistar_Catalog_2024-3_en.pdf,32,정격 사양 — IVProdukt_Envistar_Catalog_2024-3_en.pdf p32,unitHeight,유닛 높이,1835,mm
siemens-climatix-pol908-iv-produkt-ahu-application-bacnet,e5,Siemens,Climatix POL908 — IV Produkt AHU Application (BACnet),Envistar 17 · catalog p32,capacityClass,packagedUnit,extracted,IVProdukt_Envistar_Catalog_2024-3_en.pdf,32,정격 사양 — IVProdukt_Envistar_Catalog_2024-3_en.pdf p32,unitLength,유닛 길이,2200 f,mm
siemens-climatix-pol908-iv-produkt-ahu-application-bacnet,e5,Siemens,Climatix POL908 — IV Produkt AHU Application (BACnet),Envistar 22 · catalog p32,capacityClass,packagedUnit,extracted,IVProdukt_Envistar_Catalog_2024-3_en.pdf,32,정격 사양 — IVProdukt_Envistar_Catalog_2024-3_en.pdf p32,capacityClass,용량대,크기 22,
siemens-climatix-pol908-iv-produkt-ahu-application-bacnet,e5,Siemens,Climatix POL908 — IV Produkt AHU Application (BACnet),Envistar 22 · catalog p32,capacityClass,packagedUnit,extracted,IVProdukt_Envistar_Catalog_2024-3_en.pdf,32,정격 사양 — IVProdukt_Envistar_Catalog_2024-3_en.pdf p32,grossCoolingCapacity,냉방능력,"32,0",kW
siemens-climatix-pol908-iv-produkt-ahu-application-bacnet,e5,Siemens,Climatix POL908 — IV Produkt AHU Application (BACnet),Envistar 22 · catalog p32,capacityClass,packagedUnit,extracted,IVProdukt_Envistar_Catalog_2024-3_en.pdf,32,정격 사양 — IVProdukt_Envistar_Catalog_2024-3_en.pdf p32,ratedAirflow,정격 풍량,"0,40 – 2,30",m³/s
siemens-climatix-pol908-iv-produkt-ahu-application-bacnet,e5,Siemens,Climatix POL908 — IV Produkt AHU Application (BACnet),Envistar 22 · catalog p32,capacityClass,packagedUnit,extracted,IVProdukt_Envistar_Catalog_2024-3_en.pdf,32,정격 사양 — IVProdukt_Envistar_Catalog_2024-3_en.pdf p32,unitHeight,유닛 높이,1885,mm
siemens-climatix-pol908-iv-produkt-ahu-application-bacnet,e5,Siemens,Climatix POL908 — IV Produkt AHU Application (BACnet),Envistar 22 · catalog p32,capacityClass,packagedUnit,extracted,IVProdukt_Envistar_Catalog_2024-3_en.pdf,32,정격 사양 — IVProdukt_Envistar_Catalog_2024-3_en.pdf p32,unitLength,유닛 길이,2200 f,mm
siemens-climatix-pol908-iv-produkt-ahu-application-bacnet,e5,Siemens,Climatix POL908 — IV Produkt AHU Application (BACnet),Envistar 28 · catalog p32,capacityClass,packagedUnit,extracted,IVProdukt_Envistar_Catalog_2024-3_en.pdf,32,정격 사양 — IVProdukt_Envistar_Catalog_2024-3_en.pdf p32,capacityClass,용량대,크기 28,
siemens-climatix-pol908-iv-produkt-ahu-application-bacnet,e5,Siemens,Climatix POL908 — IV Produkt AHU Application (BACnet),Envistar 28 · catalog p32,capacityClass,packagedUnit,extracted,IVProdukt_Envistar_Catalog_2024-3_en.pdf,32,정격 사양 — IVProdukt_Envistar_Catalog_2024-3_en.pdf p32,grossCoolingCapacity,냉방능력,69,kW
siemens-climatix-pol908-iv-produkt-ahu-application-bacnet,e5,Siemens,Climatix POL908 — IV Produkt AHU Application (BACnet),Envistar 28 · catalog p32,capacityClass,packagedUnit,extracted,IVProdukt_Envistar_Catalog_2024-3_en.pdf,32,정격 사양 — IVProdukt_Envistar_Catalog_2024-3_en.pdf p32,ratedAirflow,정격 풍량,"0,40 – 3,00",m³/s
siemens-climatix-pol908-iv-produkt-ahu-application-bacnet,e5,Siemens,Climatix POL908 — IV Produkt AHU Application (BACnet),Envistar 28 · catalog p32,capacityClass,packagedUnit,extracted,IVProdukt_Envistar_Catalog_2024-3_en.pdf,32,정격 사양 — IVProdukt_Envistar_Catalog_2024-3_en.pdf p32,unitHeight,유닛 높이,1995,mm
siemens-climatix-pol908-iv-produkt-ahu-application-bacnet,e5,Siemens,Climatix POL908 — IV Produkt AHU Application (BACnet),Envistar 28 · catalog p32,capacityClass,packagedUnit,extracted,IVProdukt_Envistar_Catalog_2024-3_en.pdf,32,정격 사양 — IVProdukt_Envistar_Catalog_2024-3_en.pdf p32,unitLength,유닛 길이,2200 f/j,mm
siemens-climatix-pol908-iv-produkt-ahu-application-bacnet,e5,Siemens,Climatix POL908 — IV Produkt AHU Application (BACnet),Envistar 04 · catalog p34,capacityClass,packagedUnit,extracted,IVProdukt_Envistar_Catalog_2024-3_en.pdf,34,Air flow (m3/s) a Cooling,capacityClass,용량대,크기 04,
siemens-climatix-pol908-iv-produkt-ahu-application-bacnet,e5,Siemens,Climatix POL908 — IV Produkt AHU Application (BACnet),Envistar 04 · catalog p34,capacityClass,packagedUnit,extracted,IVProdukt_Envistar_Catalog_2024-3_en.pdf,34,Air flow (m3/s) a Cooling,grossCoolingCapacity,냉방능력,6.3,kW
siemens-climatix-pol908-iv-produkt-ahu-application-bacnet,e5,Siemens,Climatix POL908 — IV Produkt AHU Application (BACnet),Envistar 04 · catalog p34,capacityClass,packagedUnit,extracted,IVProdukt_Envistar_Catalog_2024-3_en.pdf,34,Air flow (m3/s) a Cooling,ratedAirflow,정격 풍량,"0,13 – 0,42",m³/s
siemens-climatix-pol908-iv-produkt-ahu-application-bacnet,e5,Siemens,Climatix POL908 — IV Produkt AHU Application (BACnet),Envistar 04 · catalog p34,capacityClass,packagedUnit,extracted,IVProdukt_Envistar_Catalog_2024-3_en.pdf,34,Air flow (m3/s) a Cooling,unitHeight,유닛 높이,1540,mm
siemens-climatix-pol908-iv-produkt-ahu-application-bacnet,e5,Siemens,Climatix POL908 — IV Produkt AHU Application (BACnet),Envistar 04 · catalog p34,capacityClass,packagedUnit,extracted,IVProdukt_Envistar_Catalog_2024-3_en.pdf,34,Air flow (m3/s) a Cooling,unitLength,유닛 길이,2067,mm
siemens-climatix-pol908-iv-produkt-ahu-application-bacnet,e5,Siemens,Climatix POL908 — IV Produkt AHU Application (BACnet),Envistar 06 · catalog p34,capacityClass,packagedUnit,extracted,IVProdukt_Envistar_Catalog_2024-3_en.pdf,34,Air flow (m3/s) a Cooling,capacityClass,용량대,크기 06,
siemens-climatix-pol908-iv-produkt-ahu-application-bacnet,e5,Siemens,Climatix POL908 — IV Produkt AHU Application (BACnet),Envistar 06 · catalog p34,capacityClass,packagedUnit,extracted,IVProdukt_Envistar_Catalog_2024-3_en.pdf,34,Air flow (m3/s) a Cooling,grossCoolingCapacity,냉방능력,11.2,kW
siemens-climatix-pol908-iv-produkt-ahu-application-bacnet,e5,Siemens,Climatix POL908 — IV Produkt AHU Application (BACnet),Envistar 06 · catalog p34,capacityClass,packagedUnit,extracted,IVProdukt_Envistar_Catalog_2024-3_en.pdf,34,Air flow (m3/s) a Cooling,ratedAirflow,정격 풍량,"0,18 – 0,60",m³/s
siemens-climatix-pol908-iv-produkt-ahu-application-bacnet,e5,Siemens,Climatix POL908 — IV Produkt AHU Application (BACnet),Envistar 06 · catalog p34,capacityClass,packagedUnit,extracted,IVProdukt_Envistar_Catalog_2024-3_en.pdf,34,Air flow (m3/s) a Cooling,unitHeight,유닛 높이,1625,mm
siemens-climatix-pol908-iv-produkt-ahu-application-bacnet,e5,Siemens,Climatix POL908 — IV Produkt AHU Application (BACnet),Envistar 06 · catalog p34,capacityClass,packagedUnit,extracted,IVProdukt_Envistar_Catalog_2024-3_en.pdf,34,Air flow (m3/s) a Cooling,unitLength,유닛 길이,2207,mm
siemens-climatix-pol908-iv-produkt-ahu-application-bacnet,e5,Siemens,Climatix POL908 — IV Produkt AHU Application (BACnet),Envistar 09 · catalog p34,capacityClass,packagedUnit,extracted,IVProdukt_Envistar_Catalog_2024-3_en.pdf,34,Air flow (m3/s) a Cooling,capacityClass,용량대,크기 09,
siemens-climatix-pol908-iv-produkt-ahu-application-bacnet,e5,Siemens,Climatix POL908 — IV Produkt AHU Application (BACnet),Envistar 09 · catalog p34,capacityClass,packagedUnit,extracted,IVProdukt_Envistar_Catalog_2024-3_en.pdf,34,Air flow (m3/s) a Cooling,grossCoolingCapacity,냉방능력,14.1,kW
siemens-climatix-pol908-iv-produkt-ahu-application-bacnet,e5,Siemens,Climatix POL908 — IV Produkt AHU Application (BACnet),Envistar 09 · catalog p34,capacityClass,packagedUnit,extracted,IVProdukt_Envistar_Catalog_2024-3_en.pdf,34,Air flow (m3/s) a Cooling,ratedAirflow,정격 풍량,"0,25 – 0,95",m³/s
siemens-climatix-pol908-iv-produkt-ahu-application-bacnet,e5,Siemens,Climatix POL908 — IV Produkt AHU Application (BACnet),Envistar 09 · catalog p34,capacityClass,packagedUnit,extracted,IVProdukt_Envistar_Catalog_2024-3_en.pdf,34,Air flow (m3/s) a Cooling,unitHeight,유닛 높이,1530,mm
siemens-climatix-pol908-iv-produkt-ahu-application-bacnet,e5,Siemens,Climatix POL908 — IV Produkt AHU Application (BACnet),Envistar 09 · catalog p34,capacityClass,packagedUnit,extracted,IVProdukt_Envistar_Catalog_2024-3_en.pdf,34,Air flow (m3/s) a Cooling,unitLength,유닛 길이,3040,mm
siemens-climatix-pol908-iv-produkt-ahu-application-bacnet,e5,Siemens,Climatix POL908 — IV Produkt AHU Application (BACnet),Envistar 10 · catalog p34,capacityClass,packagedUnit,extracted,IVProdukt_Envistar_Catalog_2024-3_en.pdf,34,Air flow (m3/s) a Cooling,capacityClass,용량대,크기 10,
siemens-climatix-pol908-iv-produkt-ahu-application-bacnet,e5,Siemens,Climatix POL908 — IV Produkt AHU Application (BACnet),Envistar 10 · catalog p34,capacityClass,packagedUnit,extracted,IVProdukt_Envistar_Catalog_2024-3_en.pdf,34,Air flow (m3/s) a Cooling,grossCoolingCapacity,냉방능력,17.5,kW
siemens-climatix-pol908-iv-produkt-ahu-application-bacnet,e5,Siemens,Climatix POL908 — IV Produkt AHU Application (BACnet),Envistar 10 · catalog p34,capacityClass,packagedUnit,extracted,IVProdukt_Envistar_Catalog_2024-3_en.pdf,34,Air flow (m3/s) a Cooling,ratedAirflow,정격 풍량,"0,25 – 0,95",m³/s
siemens-climatix-pol908-iv-produkt-ahu-application-bacnet,e5,Siemens,Climatix POL908 — IV Produkt AHU Application (BACnet),Envistar 10 · catalog p34,capacityClass,packagedUnit,extracted,IVProdukt_Envistar_Catalog_2024-3_en.pdf,34,Air flow (m3/s) a Cooling,unitHeight,유닛 높이,1990/2020,mm
siemens-climatix-pol908-iv-produkt-ahu-application-bacnet,e5,Siemens,Climatix POL908 — IV Produkt AHU Application (BACnet),Envistar 10 · catalog p34,capacityClass,packagedUnit,extracted,IVProdukt_Envistar_Catalog_2024-3_en.pdf,34,Air flow (m3/s) a Cooling,unitLength,유닛 길이,2466,mm
siemens-climatix-pol908-iv-produkt-ahu-application-bacnet,e5,Siemens,Climatix POL908 — IV Produkt AHU Application (BACnet),Envistar 12 · catalog p34,capacityClass,packagedUnit,extracted,IVProdukt_Envistar_Catalog_2024-3_en.pdf,34,Air flow (m3/s) a Cooling,capacityClass,용량대,크기 12,
siemens-climatix-pol908-iv-produkt-ahu-application-bacnet,e5,Siemens,Climatix POL908 — IV Produkt AHU Application (BACnet),Envistar 12 · catalog p34,capacityClass,packagedUnit,extracted,IVProdukt_Envistar_Catalog_2024-3_en.pdf,34,Air flow (m3/s) a Cooling,grossCoolingCapacity,냉방능력,20.6,kW
siemens-climatix-pol908-iv-produkt-ahu-application-bacnet,e5,Siemens,Climatix POL908 — IV Produkt AHU Application (BACnet),Envistar 12 · catalog p34,capacityClass,packagedUnit,extracted,IVProdukt_Envistar_Catalog_2024-3_en.pdf,34,Air flow (m3/s) a Cooling,ratedAirflow,정격 풍량,"0,30 – 1,15",m³/s
siemens-climatix-pol908-iv-produkt-ahu-application-bacnet,e5,Siemens,Climatix POL908 — IV Produkt AHU Application (BACnet),Envistar 12 · catalog p34,capacityClass,packagedUnit,extracted,IVProdukt_Envistar_Catalog_2024-3_en.pdf,34,Air flow (m3/s) a Cooling,unitHeight,유닛 높이,1530,mm
siemens-climatix-pol908-iv-produkt-ahu-application-bacnet,e5,Siemens,Climatix POL908 — IV Produkt AHU Application (BACnet),Envistar 12 · catalog p34,capacityClass,packagedUnit,extracted,IVProdukt_Envistar_Catalog_2024-3_en.pdf,34,Air flow (m3/s) a Cooling,unitLength,유닛 길이,3040,mm
siemens-climatix-pol908-iv-produkt-ahu-application-bacnet,e5,Siemens,Climatix POL908 — IV Produkt AHU Application (BACnet),Envistar 17 · catalog p34,capacityClass,packagedUnit,extracted,IVProdukt_Envistar_Catalog_2024-3_en.pdf,34,Air flow (m3/s) a Cooling,capacityClass,용량대,크기 17,
siemens-climatix-pol908-iv-produkt-ahu-application-bacnet,e5,Siemens,Climatix POL908 — IV Produkt AHU Application (BACnet),Envistar 17 · catalog p34,capacityClass,packagedUnit,extracted,IVProdukt_Envistar_Catalog_2024-3_en.pdf,34,Air flow (m3/s) a Cooling,grossCoolingCapacity,냉방능력,27.4,kW
siemens-climatix-pol908-iv-produkt-ahu-application-bacnet,e5,Siemens,Climatix POL908 — IV Produkt AHU Application (BACnet),Envistar 17 · catalog p34,capacityClass,packagedUnit,extracted,IVProdukt_Envistar_Catalog_2024-3_en.pdf,34,Air flow (m3/s) a Cooling,ratedAirflow,정격 풍량,"0,42 – 1,65",m³/s
siemens-climatix-pol908-iv-produkt-ahu-application-bacnet,e5,Siemens,Climatix POL908 — IV Produkt AHU Application (BACnet),Envistar 17 · catalog p34,capacityClass,packagedUnit,extracted,IVProdukt_Envistar_Catalog_2024-3_en.pdf,34,Air flow (m3/s) a Cooling,unitHeight,유닛 높이,1835,mm
siemens-climatix-pol908-iv-produkt-ahu-application-bacnet,e5,Siemens,Climatix POL908 — IV Produkt AHU Application (BACnet),Envistar 17 · catalog p34,capacityClass,packagedUnit,extracted,IVProdukt_Envistar_Catalog_2024-3_en.pdf,34,Air flow (m3/s) a Cooling,unitLength,유닛 길이,3235,mm
siemens-climatix-pol908-iv-produkt-ahu-application-bacnet,e5,Siemens,Climatix POL908 — IV Produkt AHU Application (BACnet),Envistar 22 · catalog p34,capacityClass,packagedUnit,extracted,IVProdukt_Envistar_Catalog_2024-3_en.pdf,34,Air flow (m3/s) a Cooling,capacityClass,용량대,크기 22,
siemens-climatix-pol908-iv-produkt-ahu-application-bacnet,e5,Siemens,Climatix POL908 — IV Produkt AHU Application (BACnet),Envistar 22 · catalog p34,capacityClass,packagedUnit,extracted,IVProdukt_Envistar_Catalog_2024-3_en.pdf,34,Air flow (m3/s) a Cooling,grossCoolingCapacity,냉방능력,40.0,kW
siemens-climatix-pol908-iv-produkt-ahu-application-bacnet,e5,Siemens,Climatix POL908 — IV Produkt AHU Application (BACnet),Envistar 22 · catalog p34,capacityClass,packagedUnit,extracted,IVProdukt_Envistar_Catalog_2024-3_en.pdf,34,Air flow (m3/s) a Cooling,ratedAirflow,정격 풍량,"0,55 – 2,25",m³/s
siemens-climatix-pol908-iv-produkt-ahu-application-bacnet,e5,Siemens,Climatix POL908 — IV Produkt AHU Application (BACnet),Envistar 22 · catalog p34,capacityClass,packagedUnit,extracted,IVProdukt_Envistar_Catalog_2024-3_en.pdf,34,Air flow (m3/s) a Cooling,unitHeight,유닛 높이,1885,mm
siemens-climatix-pol908-iv-produkt-ahu-application-bacnet,e5,Siemens,Climatix POL908 — IV Produkt AHU Application (BACnet),Envistar 22 · catalog p34,capacityClass,packagedUnit,extracted,IVProdukt_Envistar_Catalog_2024-3_en.pdf,34,Air flow (m3/s) a Cooling,unitLength,유닛 길이,3800,mm
siemens-climatix-pol908-iv-produkt-ahu-application-bacnet,e5,Siemens,Climatix POL908 — IV Produkt AHU Application (BACnet),Envistar 28 · catalog p34,capacityClass,packagedUnit,extracted,IVProdukt_Envistar_Catalog_2024-3_en.pdf,34,Air flow (m3/s) a Cooling,capacityClass,용량대,크기 28,
siemens-climatix-pol908-iv-produkt-ahu-application-bacnet,e5,Siemens,Climatix POL908 — IV Produkt AHU Application (BACnet),Envistar 28 · catalog p34,capacityClass,packagedUnit,extracted,IVProdukt_Envistar_Catalog_2024-3_en.pdf,34,Air flow (m3/s) a Cooling,grossCoolingCapacity,냉방능력,45 / 51,kW
siemens-climatix-pol908-iv-produkt-ahu-application-bacnet,e5,Siemens,Climatix POL908 — IV Produkt AHU Application (BACnet),Envistar 28 · catalog p34,capacityClass,packagedUnit,extracted,IVProdukt_Envistar_Catalog_2024-3_en.pdf,34,Air flow (m3/s) a Cooling,ratedAirflow,정격 풍량,"0,55 – 2,80",m³/s
siemens-climatix-pol908-iv-produkt-ahu-application-bacnet,e5,Siemens,Climatix POL908 — IV Produkt AHU Application (BACnet),Envistar 28 · catalog p34,capacityClass,packagedUnit,extracted,IVProdukt_Envistar_Catalog_2024-3_en.pdf,34,Air flow (m3/s) a Cooling,unitHeight,유닛 높이,1995,mm
siemens-climatix-pol908-iv-produkt-ahu-application-bacnet,e5,Siemens,Climatix POL908 — IV Produkt AHU Application (BACnet),Envistar 28 · catalog p34,capacityClass,packagedUnit,extracted,IVProdukt_Envistar_Catalog_2024-3_en.pdf,34,Air flow (m3/s) a Cooling,unitLength,유닛 길이,3800,mm
siemens-climatix-pol908-iv-produkt-ahu-application-bacnet,e5,Siemens,Climatix POL908 — IV Produkt AHU Application (BACnet),Envistar 04 · catalog p35,capacityClass,packagedUnit,extracted,IVProdukt_Envistar_Catalog_2024-3_en.pdf,35,정격 사양 — IVProdukt_Envistar_Catalog_2024-3_en.pdf p35,capacityClass,용량대,크기 04,
siemens-climatix-pol908-iv-produkt-ahu-application-bacnet,e5,Siemens,Climatix POL908 — IV Produkt AHU Application (BACnet),Envistar 04 · catalog p35,capacityClass,packagedUnit,extracted,IVProdukt_Envistar_Catalog_2024-3_en.pdf,35,정격 사양 — IVProdukt_Envistar_Catalog_2024-3_en.pdf p35,grossCoolingCapacity,냉방능력,4.7 5.8,kW
siemens-climatix-pol908-iv-produkt-ahu-application-bacnet,e5,Siemens,Climatix POL908 — IV Produkt AHU Application (BACnet),Envistar 04 · catalog p35,capacityClass,packagedUnit,extracted,IVProdukt_Envistar_Catalog_2024-3_en.pdf,35,정격 사양 — IVProdukt_Envistar_Catalog_2024-3_en.pdf p35,ratedAirflow,정격 풍량,0.10 – 0.44,m³/s
siemens-climatix-pol908-iv-produkt-ahu-application-bacnet,e5,Siemens,Climatix POL908 — IV Produkt AHU Application (BACnet),Envistar 04 · catalog p35,capacityClass,packagedUnit,extracted,IVProdukt_Envistar_Catalog_2024-3_en.pdf,35,정격 사양 — IVProdukt_Envistar_Catalog_2024-3_en.pdf p35,unitHeight,유닛 높이,"1,250",mm
siemens-climatix-pol908-iv-produkt-ahu-application-bacnet,e5,Siemens,Climatix POL908 — IV Produkt AHU Application (BACnet),Envistar 04 · catalog p35,capacityClass,packagedUnit,extracted,IVProdukt_Envistar_Catalog_2024-3_en.pdf,35,정격 사양 — IVProdukt_Envistar_Catalog_2024-3_en.pdf p35,unitLength,유닛 길이,"1,435/2,475",mm
siemens-climatix-pol908-iv-produkt-ahu-application-bacnet,e5,Siemens,Climatix POL908 — IV Produkt AHU Application (BACnet),Envistar 06 · catalog p35,capacityClass,packagedUnit,extracted,IVProdukt_Envistar_Catalog_2024-3_en.pdf,35,정격 사양 — IVProdukt_Envistar_Catalog_2024-3_en.pdf p35,capacityClass,용량대,크기 06,
siemens-climatix-pol908-iv-produkt-ahu-application-bacnet,e5,Siemens,Climatix POL908 — IV Produkt AHU Application (BACnet),Envistar 06 · catalog p35,capacityClass,packagedUnit,extracted,IVProdukt_Envistar_Catalog_2024-3_en.pdf,35,정격 사양 — IVProdukt_Envistar_Catalog_2024-3_en.pdf p35,grossCoolingCapacity,냉방능력,6.6,kW
siemens-climatix-pol908-iv-produkt-ahu-application-bacnet,e5,Siemens,Climatix POL908 — IV Produkt AHU Application (BACnet),Envistar 06 · catalog p35,capacityClass,packagedUnit,extracted,IVProdukt_Envistar_Catalog_2024-3_en.pdf,35,정격 사양 — IVProdukt_Envistar_Catalog_2024-3_en.pdf p35,ratedAirflow,정격 풍량,0.15 – 0.65,m³/s
siemens-climatix-pol908-iv-produkt-ahu-application-bacnet,e5,Siemens,Climatix POL908 — IV Produkt AHU Application (BACnet),Envistar 06 · catalog p35,capacityClass,packagedUnit,extracted,IVProdukt_Envistar_Catalog_2024-3_en.pdf,35,정격 사양 — IVProdukt_Envistar_Catalog_2024-3_en.pdf p35,unitHeight,유닛 높이,"1,312",mm
siemens-climatix-pol908-iv-produkt-ahu-application-bacnet,e5,Siemens,Climatix POL908 — IV Produkt AHU Application (BACnet),Envistar 06 · catalog p35,capacityClass,packagedUnit,extracted,IVProdukt_Envistar_Catalog_2024-3_en.pdf,35,정격 사양 — IVProdukt_Envistar_Catalog_2024-3_en.pdf p35,unitLength,유닛 길이,"1,555/2,525",mm
siemens-climatix-pol908-iv-produkt-ahu-application-bacnet,e5,Siemens,Climatix POL908 — IV Produkt AHU Application (BACnet),Envistar 10 · catalog p35,capacityClass,packagedUnit,extracted,IVProdukt_Envistar_Catalog_2024-3_en.pdf,35,정격 사양 — IVProdukt_Envistar_Catalog_2024-3_en.pdf p35,capacityClass,용량대,크기 10,
siemens-climatix-pol908-iv-produkt-ahu-application-bacnet,e5,Siemens,Climatix POL908 — IV Produkt AHU Application (BACnet),Envistar 10 · catalog p35,capacityClass,packagedUnit,extracted,IVProdukt_Envistar_Catalog_2024-3_en.pdf,35,정격 사양 — IVProdukt_Envistar_Catalog_2024-3_en.pdf p35,grossCoolingCapacity,냉방능력,12 14,kW
siemens-climatix-pol908-iv-produkt-ahu-application-bacnet,e5,Siemens,Climatix POL908 — IV Produkt AHU Application (BACnet),Envistar 10 · catalog p35,capacityClass,packagedUnit,extracted,IVProdukt_Envistar_Catalog_2024-3_en.pdf,35,정격 사양 — IVProdukt_Envistar_Catalog_2024-3_en.pdf p35,ratedAirflow,정격 풍량,0.20 – 0.97,m³/s
siemens-climatix-pol908-iv-produkt-ahu-application-bacnet,e5,Siemens,Climatix POL908 — IV Produkt AHU Application (BACnet),Envistar 10 · catalog p35,capacityClass,packagedUnit,extracted,IVProdukt_Envistar_Catalog_2024-3_en.pdf,35,정격 사양 — IVProdukt_Envistar_Catalog_2024-3_en.pdf p35,unitHeight,유닛 높이,"1,413",mm
siemens-climatix-pol908-iv-produkt-ahu-application-bacnet,e5,Siemens,Climatix POL908 — IV Produkt AHU Application (BACnet),Envistar 10 · catalog p35,capacityClass,packagedUnit,extracted,IVProdukt_Envistar_Catalog_2024-3_en.pdf,35,정격 사양 — IVProdukt_Envistar_Catalog_2024-3_en.pdf p35,unitLength,유닛 길이,"1,616/2,586",mm
siemens-climatix-pol908-iv-produkt-ahu-application-bacnet,e5,Siemens,Climatix POL908 — IV Produkt AHU Application (BACnet),Envistar 16 · catalog p35,capacityClass,packagedUnit,extracted,IVProdukt_Envistar_Catalog_2024-3_en.pdf,35,정격 사양 — IVProdukt_Envistar_Catalog_2024-3_en.pdf p35,capacityClass,용량대,크기 16,
siemens-climatix-pol908-iv-produkt-ahu-application-bacnet,e5,Siemens,Climatix POL908 — IV Produkt AHU Application (BACnet),Envistar 16 · catalog p35,capacityClass,packagedUnit,extracted,IVProdukt_Envistar_Catalog_2024-3_en.pdf,35,정격 사양 — IVProdukt_Envistar_Catalog_2024-3_en.pdf p35,grossCoolingCapacity,냉방능력,16,kW
siemens-climatix-pol908-iv-produkt-ahu-application-bacnet,e5,Siemens,Climatix POL908 — IV Produkt AHU Application (BACnet),Envistar 16 · catalog p35,capacityClass,packagedUnit,extracted,IVProdukt_Envistar_Catalog_2024-3_en.pdf,35,정격 사양 — IVProdukt_Envistar_Catalog_2024-3_en.pdf p35,ratedAirflow,정격 풍량,0.30 – 1.65,m³/s
siemens-climatix-pol908-iv-produkt-ahu-application-bacnet,e5,Siemens,Climatix POL908 — IV Produkt AHU Application (BACnet),Envistar 16 · catalog p35,capacityClass,packagedUnit,extracted,IVProdukt_Envistar_Catalog_2024-3_en.pdf,35,정격 사양 — IVProdukt_Envistar_Catalog_2024-3_en.pdf p35,unitHeight,유닛 높이,"1,688",mm
siemens-climatix-pol908-iv-produkt-ahu-application-bacnet,e5,Siemens,Climatix POL908 — IV Produkt AHU Application (BACnet),Envistar 16 · catalog p35,capacityClass,packagedUnit,extracted,IVProdukt_Envistar_Catalog_2024-3_en.pdf,35,정격 사양 — IVProdukt_Envistar_Catalog_2024-3_en.pdf p35,unitLength,유닛 길이,"1,860/2,830",mm
siemens-climatix-pol908-iv-produkt-ahu-application-bacnet,e5,Siemens,Climatix POL908 — IV Produkt AHU Application (BACnet),Envistar 060 · catalog p37,capacityClass,packagedUnit,extracted,IVProdukt_Envistar_Catalog_2024-3_en.pdf,37,정격 사양 — IVProdukt_Envistar_Catalog_2024-3_en.pdf p37,capacityClass,용량대,크기 060,
siemens-climatix-pol908-iv-produkt-ahu-application-bacnet,e5,Siemens,Climatix POL908 — IV Produkt AHU Application (BACnet),Envistar 060 · catalog p37,capacityClass,packagedUnit,extracted,IVProdukt_Envistar_Catalog_2024-3_en.pdf,37,정격 사양 — IVProdukt_Envistar_Catalog_2024-3_en.pdf p37,grossCoolingCapacity,냉방능력,–,kW
siemens-climatix-pol908-iv-produkt-ahu-application-bacnet,e5,Siemens,Climatix POL908 — IV Produkt AHU Application (BACnet),Envistar 060 · catalog p37,capacityClass,packagedUnit,extracted,IVProdukt_Envistar_Catalog_2024-3_en.pdf,37,정격 사양 — IVProdukt_Envistar_Catalog_2024-3_en.pdf p37,ratedAirflow,정격 풍량,0.11 – 0.60,m³/s
siemens-climatix-pol908-iv-produkt-ahu-application-bacnet,e5,Siemens,Climatix POL908 — IV Produkt AHU Application (BACnet),Envistar 060 · catalog p37,capacityClass,packagedUnit,extracted,IVProdukt_Envistar_Catalog_2024-3_en.pdf,37,정격 사양 — IVProdukt_Envistar_Catalog_2024-3_en.pdf p37,unitHeight,유닛 높이,960,mm
siemens-climatix-pol908-iv-produkt-ahu-application-bacnet,e5,Siemens,Climatix POL908 — IV Produkt AHU Application (BACnet),Envistar 100 · catalog p37,capacityClass,packagedUnit,extracted,IVProdukt_Envistar_Catalog_2024-3_en.pdf,37,정격 사양 — IVProdukt_Envistar_Catalog_2024-3_en.pdf p37,capacityClass,용량대,크기 100,
siemens-climatix-pol908-iv-produkt-ahu-application-bacnet,e5,Siemens,Climatix POL908 — IV Produkt AHU Application (BACnet),Envistar 100 · catalog p37,capacityClass,packagedUnit,extracted,IVProdukt_Envistar_Catalog_2024-3_en.pdf,37,정격 사양 — IVProdukt_Envistar_Catalog_2024-3_en.pdf p37,grossCoolingCapacity,냉방능력,17.8,kW
siemens-climatix-pol908-iv-produkt-ahu-application-bacnet,e5,Siemens,Climatix POL908 — IV Produkt AHU Application (BACnet),Envistar 100 · catalog p37,capacityClass,packagedUnit,extracted,IVProdukt_Envistar_Catalog_2024-3_en.pdf,37,정격 사양 — IVProdukt_Envistar_Catalog_2024-3_en.pdf p37,ratedAirflow,정격 풍량,0.17 – 0.99,m³/s
siemens-climatix-pol908-iv-produkt-ahu-application-bacnet,e5,Siemens,Climatix POL908 — IV Produkt AHU Application (BACnet),Envistar 100 · catalog p37,capacityClass,packagedUnit,extracted,IVProdukt_Envistar_Catalog_2024-3_en.pdf,37,정격 사양 — IVProdukt_Envistar_Catalog_2024-3_en.pdf p37,unitHeight,유닛 높이,"1,090",mm
siemens-climatix-pol908-iv-produkt-ahu-application-bacnet,e5,Siemens,Climatix POL908 — IV Produkt AHU Application (BACnet),Envistar 150 · catalog p37,capacityClass,packagedUnit,extracted,IVProdukt_Envistar_Catalog_2024-3_en.pdf,37,정격 사양 — IVProdukt_Envistar_Catalog_2024-3_en.pdf p37,capacityClass,용량대,크기 150,
siemens-climatix-pol908-iv-produkt-ahu-application-bacnet,e5,Siemens,Climatix POL908 — IV Produkt AHU Application (BACnet),Envistar 150 · catalog p37,capacityClass,packagedUnit,extracted,IVProdukt_Envistar_Catalog_2024-3_en.pdf,37,정격 사양 — IVProdukt_Envistar_Catalog_2024-3_en.pdf p37,grossCoolingCapacity,냉방능력,26.3,kW
siemens-climatix-pol908-iv-produkt-ahu-application-bacnet,e5,Siemens,Climatix POL908 — IV Produkt AHU Application (BACnet),Envistar 150 · catalog p37,capacityClass,packagedUnit,extracted,IVProdukt_Envistar_Catalog_2024-3_en.pdf,37,정격 사양 — IVProdukt_Envistar_Catalog_2024-3_en.pdf p37,ratedAirflow,정격 풍량,0.29 – 1.70,m³/s
siemens-climatix-pol908-iv-produkt-ahu-application-bacnet,e5,Siemens,Climatix POL908 — IV Produkt AHU Application (BACnet),Envistar 150 · catalog p37,capacityClass,packagedUnit,extracted,IVProdukt_Envistar_Catalog_2024-3_en.pdf,37,정격 사양 — IVProdukt_Envistar_Catalog_2024-3_en.pdf p37,unitHeight,유닛 높이,"1,470",mm
siemens-climatix-pol908-iv-produkt-ahu-application-bacnet,e5,Siemens,Climatix POL908 — IV Produkt AHU Application (BACnet),Envistar 190 · catalog p37,capacityClass,packagedUnit,extracted,IVProdukt_Envistar_Catalog_2024-3_en.pdf,37,정격 사양 — IVProdukt_Envistar_Catalog_2024-3_en.pdf p37,capacityClass,용량대,크기 190,
siemens-climatix-pol908-iv-produkt-ahu-application-bacnet,e5,Siemens,Climatix POL908 — IV Produkt AHU Application (BACnet),Envistar 190 · catalog p37,capacityClass,packagedUnit,extracted,IVProdukt_Envistar_Catalog_2024-3_en.pdf,37,정격 사양 — IVProdukt_Envistar_Catalog_2024-3_en.pdf p37,grossCoolingCapacity,냉방능력,35.6,kW
siemens-climatix-pol908-iv-produkt-ahu-application-bacnet,e5,Siemens,Climatix POL908 — IV Produkt AHU Application (BACnet),Envistar 190 · catalog p37,capacityClass,packagedUnit,extracted,IVProdukt_Envistar_Catalog_2024-3_en.pdf,37,정격 사양 — IVProdukt_Envistar_Catalog_2024-3_en.pdf p37,ratedAirflow,정격 풍량,0.38 – 2.00,m³/s
siemens-climatix-pol908-iv-produkt-ahu-application-bacnet,e5,Siemens,Climatix POL908 — IV Produkt AHU Application (BACnet),Envistar 190 · catalog p37,capacityClass,packagedUnit,extracted,IVProdukt_Envistar_Catalog_2024-3_en.pdf,37,정격 사양 — IVProdukt_Envistar_Catalog_2024-3_en.pdf p37,unitHeight,유닛 높이,"1,470",mm
siemens-climatix-pol908-iv-produkt-ahu-application-bacnet,e5,Siemens,Climatix POL908 — IV Produkt AHU Application (BACnet),Envistar 240 · catalog p37,capacityClass,packagedUnit,extracted,IVProdukt_Envistar_Catalog_2024-3_en.pdf,37,정격 사양 — IVProdukt_Envistar_Catalog_2024-3_en.pdf p37,capacityClass,용량대,크기 240,
siemens-climatix-pol908-iv-produkt-ahu-application-bacnet,e5,Siemens,Climatix POL908 — IV Produkt AHU Application (BACnet),Envistar 240 · catalog p37,capacityClass,packagedUnit,extracted,IVProdukt_Envistar_Catalog_2024-3_en.pdf,37,정격 사양 — IVProdukt_Envistar_Catalog_2024-3_en.pdf p37,grossCoolingCapacity,냉방능력,36.6,kW
siemens-climatix-pol908-iv-produkt-ahu-application-bacnet,e5,Siemens,Climatix POL908 — IV Produkt AHU Application (BACnet),Envistar 240 · catalog p37,capacityClass,packagedUnit,extracted,IVProdukt_Envistar_Catalog_2024-3_en.pdf,37,정격 사양 — IVProdukt_Envistar_Catalog_2024-3_en.pdf p37,ratedAirflow,정격 풍량,0.47 – 2.60,m³/s
siemens-climatix-pol908-iv-produkt-ahu-application-bacnet,e5,Siemens,Climatix POL908 — IV Produkt AHU Application (BACnet),Envistar 240 · catalog p37,capacityClass,packagedUnit,extracted,IVProdukt_Envistar_Catalog_2024-3_en.pdf,37,정격 사양 — IVProdukt_Envistar_Catalog_2024-3_en.pdf p37,unitHeight,유닛 높이,"1,686",mm
siemens-climatix-pol908-iv-produkt-ahu-application-bacnet,e5,Siemens,Climatix POL908 — IV Produkt AHU Application (BACnet),Envistar 300 · catalog p37,capacityClass,packagedUnit,extracted,IVProdukt_Envistar_Catalog_2024-3_en.pdf,37,정격 사양 — IVProdukt_Envistar_Catalog_2024-3_en.pdf p37,capacityClass,용량대,크기 300,
siemens-climatix-pol908-iv-produkt-ahu-application-bacnet,e5,Siemens,Climatix POL908 — IV Produkt AHU Application (BACnet),Envistar 300 · catalog p37,capacityClass,packagedUnit,extracted,IVProdukt_Envistar_Catalog_2024-3_en.pdf,37,정격 사양 — IVProdukt_Envistar_Catalog_2024-3_en.pdf p37,grossCoolingCapacity,냉방능력,47.2,kW
siemens-climatix-pol908-iv-produkt-ahu-application-bacnet,e5,Siemens,Climatix POL908 — IV Produkt AHU Application (BACnet),Envistar 300 · catalog p37,capacityClass,packagedUnit,extracted,IVProdukt_Envistar_Catalog_2024-3_en.pdf,37,정격 사양 — IVProdukt_Envistar_Catalog_2024-3_en.pdf p37,ratedAirflow,정격 풍량,0.54 – 3.00,m³/s
siemens-climatix-pol908-iv-produkt-ahu-application-bacnet,e5,Siemens,Climatix POL908 — IV Produkt AHU Application (BACnet),Envistar 300 · catalog p37,capacityClass,packagedUnit,extracted,IVProdukt_Envistar_Catalog_2024-3_en.pdf,37,정격 사양 — IVProdukt_Envistar_Catalog_2024-3_en.pdf p37,unitHeight,유닛 높이,"1,686",mm
siemens-climatix-pol908-iv-produkt-ahu-application-bacnet,e5,Siemens,Climatix POL908 — IV Produkt AHU Application (BACnet),Envistar 360 · catalog p37,capacityClass,packagedUnit,extracted,IVProdukt_Envistar_Catalog_2024-3_en.pdf,37,정격 사양 — IVProdukt_Envistar_Catalog_2024-3_en.pdf p37,capacityClass,용량대,크기 360,
siemens-climatix-pol908-iv-produkt-ahu-application-bacnet,e5,Siemens,Climatix POL908 — IV Produkt AHU Application (BACnet),Envistar 360 · catalog p37,capacityClass,packagedUnit,extracted,IVProdukt_Envistar_Catalog_2024-3_en.pdf,37,정격 사양 — IVProdukt_Envistar_Catalog_2024-3_en.pdf p37,grossCoolingCapacity,냉방능력,59.5,kW
siemens-climatix-pol908-iv-produkt-ahu-application-bacnet,e5,Siemens,Climatix POL908 — IV Produkt AHU Application (BACnet),Envistar 360 · catalog p37,capacityClass,packagedUnit,extracted,IVProdukt_Envistar_Catalog_2024-3_en.pdf,37,정격 사양 — IVProdukt_Envistar_Catalog_2024-3_en.pdf p37,ratedAirflow,정격 풍량,0.66 – 3.80,m³/s
siemens-climatix-pol908-iv-produkt-ahu-application-bacnet,e5,Siemens,Climatix POL908 — IV Produkt AHU Application (BACnet),Envistar 360 · catalog p37,capacityClass,packagedUnit,extracted,IVProdukt_Envistar_Catalog_2024-3_en.pdf,37,정격 사양 — IVProdukt_Envistar_Catalog_2024-3_en.pdf p37,unitHeight,유닛 높이,"2,060",mm
siemens-climatix-pol908-iv-produkt-ahu-application-bacnet,e5,Siemens,Climatix POL908 — IV Produkt AHU Application (BACnet),Envistar 400 · catalog p37,capacityClass,packagedUnit,extracted,IVProdukt_Envistar_Catalog_2024-3_en.pdf,37,정격 사양 — IVProdukt_Envistar_Catalog_2024-3_en.pdf p37,capacityClass,용량대,크기 400,
siemens-climatix-pol908-iv-produkt-ahu-application-bacnet,e5,Siemens,Climatix POL908 — IV Produkt AHU Application (BACnet),Envistar 400 · catalog p37,capacityClass,packagedUnit,extracted,IVProdukt_Envistar_Catalog_2024-3_en.pdf,37,정격 사양 — IVProdukt_Envistar_Catalog_2024-3_en.pdf p37,grossCoolingCapacity,냉방능력,66.3,kW
siemens-climatix-pol908-iv-produkt-ahu-application-bacnet,e5,Siemens,Climatix POL908 — IV Produkt AHU Application (BACnet),Envistar 400 · catalog p37,capacityClass,packagedUnit,extracted,IVProdukt_Envistar_Catalog_2024-3_en.pdf,37,정격 사양 — IVProdukt_Envistar_Catalog_2024-3_en.pdf p37,ratedAirflow,정격 풍량,0.66 – 4.00,m³/s
siemens-climatix-pol908-iv-produkt-ahu-application-bacnet,e5,Siemens,Climatix POL908 — IV Produkt AHU Application (BACnet),Envistar 400 · catalog p37,capacityClass,packagedUnit,extracted,IVProdukt_Envistar_Catalog_2024-3_en.pdf,37,정격 사양 — IVProdukt_Envistar_Catalog_2024-3_en.pdf p37,unitHeight,유닛 높이,"1,900",mm
siemens-climatix-pol908-iv-produkt-ahu-application-bacnet,e5,Siemens,Climatix POL908 — IV Produkt AHU Application (BACnet),Envistar 480 · catalog p37,capacityClass,packagedUnit,extracted,IVProdukt_Envistar_Catalog_2024-3_en.pdf,37,정격 사양 — IVProdukt_Envistar_Catalog_2024-3_en.pdf p37,capacityClass,용량대,크기 480,
siemens-climatix-pol908-iv-produkt-ahu-application-bacnet,e5,Siemens,Climatix POL908 — IV Produkt AHU Application (BACnet),Envistar 480 · catalog p37,capacityClass,packagedUnit,extracted,IVProdukt_Envistar_Catalog_2024-3_en.pdf,37,정격 사양 — IVProdukt_Envistar_Catalog_2024-3_en.pdf p37,grossCoolingCapacity,냉방능력,51.4 84.6,kW
siemens-climatix-pol908-iv-produkt-ahu-application-bacnet,e5,Siemens,Climatix POL908 — IV Produkt AHU Application (BACnet),Envistar 480 · catalog p37,capacityClass,packagedUnit,extracted,IVProdukt_Envistar_Catalog_2024-3_en.pdf,37,정격 사양 — IVProdukt_Envistar_Catalog_2024-3_en.pdf p37,ratedAirflow,정격 풍량,0.85 – 5.10,m³/s
siemens-climatix-pol908-iv-produkt-ahu-application-bacnet,e5,Siemens,Climatix POL908 — IV Produkt AHU Application (BACnet),Envistar 480 · catalog p37,capacityClass,packagedUnit,extracted,IVProdukt_Envistar_Catalog_2024-3_en.pdf,37,정격 사양 — IVProdukt_Envistar_Catalog_2024-3_en.pdf p37,unitHeight,유닛 높이,"2,060",mm
siemens-climatix-pol908-iv-produkt-ahu-application-bacnet,e5,Siemens,Climatix POL908 — IV Produkt AHU Application (BACnet),Envistar 600 · catalog p37,capacityClass,packagedUnit,extracted,IVProdukt_Envistar_Catalog_2024-3_en.pdf,37,정격 사양 — IVProdukt_Envistar_Catalog_2024-3_en.pdf p37,capacityClass,용량대,크기 600,
siemens-climatix-pol908-iv-produkt-ahu-application-bacnet,e5,Siemens,Climatix POL908 — IV Produkt AHU Application (BACnet),Envistar 600 · catalog p37,capacityClass,packagedUnit,extracted,IVProdukt_Envistar_Catalog_2024-3_en.pdf,37,정격 사양 — IVProdukt_Envistar_Catalog_2024-3_en.pdf p37,grossCoolingCapacity,냉방능력,64.7,kW
siemens-climatix-pol908-iv-produkt-ahu-application-bacnet,e5,Siemens,Climatix POL908 — IV Produkt AHU Application (BACnet),Envistar 600 · catalog p37,capacityClass,packagedUnit,extracted,IVProdukt_Envistar_Catalog_2024-3_en.pdf,37,정격 사양 — IVProdukt_Envistar_Catalog_2024-3_en.pdf p37,ratedAirflow,정격 풍량,1.06 – 6.00,m³/s
siemens-climatix-pol908-iv-produkt-ahu-application-bacnet,e5,Siemens,Climatix POL908 — IV Produkt AHU Application (BACnet),Envistar 600 · catalog p37,capacityClass,packagedUnit,extracted,IVProdukt_Envistar_Catalog_2024-3_en.pdf,37,정격 사양 — IVProdukt_Envistar_Catalog_2024-3_en.pdf p37,unitHeight,유닛 높이,"2,270",mm
siemens-climatix-pol908-iv-produkt-ahu-application-bacnet,e5,Siemens,Climatix POL908 — IV Produkt AHU Application (BACnet),Envistar 740 · catalog p37,capacityClass,packagedUnit,extracted,IVProdukt_Envistar_Catalog_2024-3_en.pdf,37,정격 사양 — IVProdukt_Envistar_Catalog_2024-3_en.pdf p37,capacityClass,용량대,크기 740,
siemens-climatix-pol908-iv-produkt-ahu-application-bacnet,e5,Siemens,Climatix POL908 — IV Produkt AHU Application (BACnet),Envistar 740 · catalog p37,capacityClass,packagedUnit,extracted,IVProdukt_Envistar_Catalog_2024-3_en.pdf,37,정격 사양 — IVProdukt_Envistar_Catalog_2024-3_en.pdf p37,grossCoolingCapacity,냉방능력,95.6 129.8,kW
siemens-climatix-pol908-iv-produkt-ahu-application-bacnet,e5,Siemens,Climatix POL908 — IV Produkt AHU Application (BACnet),Envistar 740 · catalog p37,capacityClass,packagedUnit,extracted,IVProdukt_Envistar_Catalog_2024-3_en.pdf,37,정격 사양 — IVProdukt_Envistar_Catalog_2024-3_en.pdf p37,ratedAirflow,정격 풍량,1.21 – 8.30,m³/s
siemens-climatix-pol908-iv-produkt-ahu-application-bacnet,e5,Siemens,Climatix POL908 — IV Produkt AHU Application (BACnet),Envistar 740 · catalog p37,capacityClass,packagedUnit,extracted,IVProdukt_Envistar_Catalog_2024-3_en.pdf,37,정격 사양 — IVProdukt_Envistar_Catalog_2024-3_en.pdf p37,unitHeight,유닛 높이,"2,675",mm
siemens-climatix-pol908-iv-produkt-ahu-application-bacnet,e5,Siemens,Climatix POL908 — IV Produkt AHU Application (BACnet),Envistar 850 · catalog p37,capacityClass,packagedUnit,extracted,IVProdukt_Envistar_Catalog_2024-3_en.pdf,37,정격 사양 — IVProdukt_Envistar_Catalog_2024-3_en.pdf p37,capacityClass,용량대,크기 850,
siemens-climatix-pol908-iv-produkt-ahu-application-bacnet,e5,Siemens,Climatix POL908 — IV Produkt AHU Application (BACnet),Envistar 850 · catalog p37,capacityClass,packagedUnit,extracted,IVProdukt_Envistar_Catalog_2024-3_en.pdf,37,정격 사양 — IVProdukt_Envistar_Catalog_2024-3_en.pdf p37,grossCoolingCapacity,냉방능력,101.0,kW
siemens-climatix-pol908-iv-produkt-ahu-application-bacnet,e5,Siemens,Climatix POL908 — IV Produkt AHU Application (BACnet),Envistar 850 · catalog p37,capacityClass,packagedUnit,extracted,IVProdukt_Envistar_Catalog_2024-3_en.pdf,37,정격 사양 — IVProdukt_Envistar_Catalog_2024-3_en.pdf p37,ratedAirflow,정격 풍량,1.41 – 10.0,m³/s
siemens-climatix-pol908-iv-produkt-ahu-application-bacnet,e5,Siemens,Climatix POL908 — IV Produkt AHU Application (BACnet),Envistar 850 · catalog p37,capacityClass,packagedUnit,extracted,IVProdukt_Envistar_Catalog_2024-3_en.pdf,37,정격 사양 — IVProdukt_Envistar_Catalog_2024-3_en.pdf p37,unitHeight,유닛 높이,"2,935",mm
siemens-climatix-pol908-iv-produkt-ahu-application-bacnet,e5,Siemens,Climatix POL908 — IV Produkt AHU Application (BACnet),Envistar 980 · catalog p37,capacityClass,packagedUnit,extracted,IVProdukt_Envistar_Catalog_2024-3_en.pdf,37,정격 사양 — IVProdukt_Envistar_Catalog_2024-3_en.pdf p37,capacityClass,용량대,크기 980,
siemens-climatix-pol908-iv-produkt-ahu-application-bacnet,e5,Siemens,Climatix POL908 — IV Produkt AHU Application (BACnet),Envistar 980 · catalog p37,capacityClass,packagedUnit,extracted,IVProdukt_Envistar_Catalog_2024-3_en.pdf,37,정격 사양 — IVProdukt_Envistar_Catalog_2024-3_en.pdf p37,grossCoolingCapacity,냉방능력,105.5 162.0,kW
siemens-climatix-pol908-iv-produkt-ahu-application-bacnet,e5,Siemens,Climatix POL908 — IV Produkt AHU Application (BACnet),Envistar 980 · catalog p37,capacityClass,packagedUnit,extracted,IVProdukt_Envistar_Catalog_2024-3_en.pdf,37,정격 사양 — IVProdukt_Envistar_Catalog_2024-3_en.pdf p37,ratedAirflow,정격 풍량,1.69 – 10.6,m³/s
siemens-climatix-pol908-iv-produkt-ahu-application-bacnet,e5,Siemens,Climatix POL908 — IV Produkt AHU Application (BACnet),Envistar 980 · catalog p37,capacityClass,packagedUnit,extracted,IVProdukt_Envistar_Catalog_2024-3_en.pdf,37,정격 사양 — IVProdukt_Envistar_Catalog_2024-3_en.pdf p37,unitHeight,유닛 높이,"3,085",mm
siemens-climatix-pol908-iv-produkt-ahu-application-bacnet,e5,Siemens,Climatix POL908 — IV Produkt AHU Application (BACnet),Envistar 100 · catalog p38,capacityClass,packagedUnit,extracted,IVProdukt_Envistar_Catalog_2024-3_en.pdf,38,IV Produkt Designer,capacityClass,용량대,크기 100,
siemens-climatix-pol908-iv-produkt-ahu-application-bacnet,e5,Siemens,Climatix POL908 — IV Produkt AHU Application (BACnet),Envistar 100 · catalog p38,capacityClass,packagedUnit,extracted,IVProdukt_Envistar_Catalog_2024-3_en.pdf,38,IV Produkt Designer,grossCoolingCapacity,냉방능력,13.6,kW
siemens-climatix-pol908-iv-produkt-ahu-application-bacnet,e5,Siemens,Climatix POL908 — IV Produkt AHU Application (BACnet),Envistar 100 · catalog p38,capacityClass,packagedUnit,extracted,IVProdukt_Envistar_Catalog_2024-3_en.pdf,38,IV Produkt Designer,ratedAirflow,정격 풍량,0.25 – 0.95,m³/s
siemens-climatix-pol908-iv-produkt-ahu-application-bacnet,e5,Siemens,Climatix POL908 — IV Produkt AHU Application (BACnet),Envistar 100 · catalog p38,capacityClass,packagedUnit,extracted,IVProdukt_Envistar_Catalog_2024-3_en.pdf,38,IV Produkt Designer,unitHeight,유닛 높이,"1,090",mm
siemens-climatix-pol908-iv-produkt-ahu-application-bacnet,e5,Siemens,Climatix POL908 — IV Produkt AHU Application (BACnet),Envistar 100 · catalog p38,capacityClass,packagedUnit,extracted,IVProdukt_Envistar_Catalog_2024-3_en.pdf,38,IV Produkt Designer,unitLength,유닛 길이,"2,550",mm
siemens-climatix-pol908-iv-produkt-ahu-application-bacnet,e5,Siemens,Climatix POL908 — IV Produkt AHU Application (BACnet),Envistar 150 · catalog p38,capacityClass,packagedUnit,extracted,IVProdukt_Envistar_Catalog_2024-3_en.pdf,38,IV Produkt Designer,capacityClass,용량대,크기 150,
siemens-climatix-pol908-iv-produkt-ahu-application-bacnet,e5,Siemens,Climatix POL908 — IV Produkt AHU Application (BACnet),Envistar 150 · catalog p38,capacityClass,packagedUnit,extracted,IVProdukt_Envistar_Catalog_2024-3_en.pdf,38,IV Produkt Designer,grossCoolingCapacity,냉방능력,21.9,kW
siemens-climatix-pol908-iv-produkt-ahu-application-bacnet,e5,Siemens,Climatix POL908 — IV Produkt AHU Application (BACnet),Envistar 150 · catalog p38,capacityClass,packagedUnit,extracted,IVProdukt_Envistar_Catalog_2024-3_en.pdf,38,IV Produkt Designer,ratedAirflow,정격 풍량,0.38 – 1.61,m³/s
siemens-climatix-pol908-iv-produkt-ahu-application-bacnet,e5,Siemens,Climatix POL908 — IV Produkt AHU Application (BACnet),Envistar 150 · catalog p38,capacityClass,packagedUnit,extracted,IVProdukt_Envistar_Catalog_2024-3_en.pdf,38,IV Produkt Designer,unitHeight,유닛 높이,"1,470",mm
siemens-climatix-pol908-iv-produkt-ahu-application-bacnet,e5,Siemens,Climatix POL908 — IV Produkt AHU Application (BACnet),Envistar 150 · catalog p38,capacityClass,packagedUnit,extracted,IVProdukt_Envistar_Catalog_2024-3_en.pdf,38,IV Produkt Designer,unitLength,유닛 길이,"2,850",mm
siemens-climatix-pol908-iv-produkt-ahu-application-bacnet,e5,Siemens,Climatix POL908 — IV Produkt AHU Application (BACnet),Envistar 190 · catalog p38,capacityClass,packagedUnit,extracted,IVProdukt_Envistar_Catalog_2024-3_en.pdf,38,IV Produkt Designer,capacityClass,용량대,크기 190,
siemens-climatix-pol908-iv-produkt-ahu-application-bacnet,e5,Siemens,Climatix POL908 — IV Produkt AHU Application (BACnet),Envistar 190 · catalog p38,capacityClass,packagedUnit,extracted,IVProdukt_Envistar_Catalog_2024-3_en.pdf,38,IV Produkt Designer,grossCoolingCapacity,냉방능력,28.2,kW
siemens-climatix-pol908-iv-produkt-ahu-application-bacnet,e5,Siemens,Climatix POL908 — IV Produkt AHU Application (BACnet),Envistar 190 · catalog p38,capacityClass,packagedUnit,extracted,IVProdukt_Envistar_Catalog_2024-3_en.pdf,38,IV Produkt Designer,ratedAirflow,정격 풍량,0.50 – 2.12,m³/s
siemens-climatix-pol908-iv-produkt-ahu-application-bacnet,e5,Siemens,Climatix POL908 — IV Produkt AHU Application (BACnet),Envistar 190 · catalog p38,capacityClass,packagedUnit,extracted,IVProdukt_Envistar_Catalog_2024-3_en.pdf,38,IV Produkt Designer,unitHeight,유닛 높이,"1,470",mm
siemens-climatix-pol908-iv-produkt-ahu-application-bacnet,e5,Siemens,Climatix POL908 — IV Produkt AHU Application (BACnet),Envistar 190 · catalog p38,capacityClass,packagedUnit,extracted,IVProdukt_Envistar_Catalog_2024-3_en.pdf,38,IV Produkt Designer,unitLength,유닛 길이,"2,850",mm
siemens-climatix-pol908-iv-produkt-ahu-application-bacnet,e5,Siemens,Climatix POL908 — IV Produkt AHU Application (BACnet),Envistar 240 · catalog p38,capacityClass,packagedUnit,extracted,IVProdukt_Envistar_Catalog_2024-3_en.pdf,38,IV Produkt Designer,capacityClass,용량대,크기 240,
siemens-climatix-pol908-iv-produkt-ahu-application-bacnet,e5,Siemens,Climatix POL908 — IV Produkt AHU Application (BACnet),Envistar 240 · catalog p38,capacityClass,packagedUnit,extracted,IVProdukt_Envistar_Catalog_2024-3_en.pdf,38,IV Produkt Designer,grossCoolingCapacity,냉방능력,29.9,kW
siemens-climatix-pol908-iv-produkt-ahu-application-bacnet,e5,Siemens,Climatix POL908 — IV Produkt AHU Application (BACnet),Envistar 240 · catalog p38,capacityClass,packagedUnit,extracted,IVProdukt_Envistar_Catalog_2024-3_en.pdf,38,IV Produkt Designer,ratedAirflow,정격 풍량,0.58 – 2.48,m³/s
siemens-climatix-pol908-iv-produkt-ahu-application-bacnet,e5,Siemens,Climatix POL908 — IV Produkt AHU Application (BACnet),Envistar 240 · catalog p38,capacityClass,packagedUnit,extracted,IVProdukt_Envistar_Catalog_2024-3_en.pdf,38,IV Produkt Designer,unitHeight,유닛 높이,"1,686",mm
siemens-climatix-pol908-iv-produkt-ahu-application-bacnet,e5,Siemens,Climatix POL908 — IV Produkt AHU Application (BACnet),Envistar 240 · catalog p38,capacityClass,packagedUnit,extracted,IVProdukt_Envistar_Catalog_2024-3_en.pdf,38,IV Produkt Designer,unitLength,유닛 길이,"2,990",mm
siemens-climatix-pol908-iv-produkt-ahu-application-bacnet,e5,Siemens,Climatix POL908 — IV Produkt AHU Application (BACnet),Envistar 300 · catalog p38,capacityClass,packagedUnit,extracted,IVProdukt_Envistar_Catalog_2024-3_en.pdf,38,IV Produkt Designer,capacityClass,용량대,크기 300,
siemens-climatix-pol908-iv-produkt-ahu-application-bacnet,e5,Siemens,Climatix POL908 — IV Produkt AHU Application (BACnet),Envistar 300 · catalog p38,capacityClass,packagedUnit,extracted,IVProdukt_Envistar_Catalog_2024-3_en.pdf,38,IV Produkt Designer,grossCoolingCapacity,냉방능력,43.0,kW
siemens-climatix-pol908-iv-produkt-ahu-application-bacnet,e5,Siemens,Climatix POL908 — IV Produkt AHU Application (BACnet),Envistar 300 · catalog p38,capacityClass,packagedUnit,extracted,IVProdukt_Envistar_Catalog_2024-3_en.pdf,38,IV Produkt Designer,ratedAirflow,정격 풍량,0.68 – 2.91,m³/s
siemens-climatix-pol908-iv-produkt-ahu-application-bacnet,e5,Siemens,Climatix POL908 — IV Produkt AHU Application (BACnet),Envistar 300 · catalog p38,capacityClass,packagedUnit,extracted,IVProdukt_Envistar_Catalog_2024-3_en.pdf,38,IV Produkt Designer,unitHeight,유닛 높이,"1,686",mm
siemens-climatix-pol908-iv-produkt-ahu-application-bacnet,e5,Siemens,Climatix POL908 — IV Produkt AHU Application (BACnet),Envistar 300 · catalog p38,capacityClass,packagedUnit,extracted,IVProdukt_Envistar_Catalog_2024-3_en.pdf,38,IV Produkt Designer,unitLength,유닛 길이,"3,020",mm
siemens-climatix-pol908-iv-produkt-ahu-application-bacnet,e5,Siemens,Climatix POL908 — IV Produkt AHU Application (BACnet),Envistar 360 · catalog p38,capacityClass,packagedUnit,extracted,IVProdukt_Envistar_Catalog_2024-3_en.pdf,38,IV Produkt Designer,capacityClass,용량대,크기 360,
siemens-climatix-pol908-iv-produkt-ahu-application-bacnet,e5,Siemens,Climatix POL908 — IV Produkt AHU Application (BACnet),Envistar 360 · catalog p38,capacityClass,packagedUnit,extracted,IVProdukt_Envistar_Catalog_2024-3_en.pdf,38,IV Produkt Designer,grossCoolingCapacity,냉방능력,46.4,kW
siemens-climatix-pol908-iv-produkt-ahu-application-bacnet,e5,Siemens,Climatix POL908 — IV Produkt AHU Application (BACnet),Envistar 360 · catalog p38,capacityClass,packagedUnit,extracted,IVProdukt_Envistar_Catalog_2024-3_en.pdf,38,IV Produkt Designer,ratedAirflow,정격 풍량,0.85 – 3.64,m³/s
siemens-climatix-pol908-iv-produkt-ahu-application-bacnet,e5,Siemens,Climatix POL908 — IV Produkt AHU Application (BACnet),Envistar 360 · catalog p38,capacityClass,packagedUnit,extracted,IVProdukt_Envistar_Catalog_2024-3_en.pdf,38,IV Produkt Designer,unitHeight,유닛 높이,"2,060",mm
siemens-climatix-pol908-iv-produkt-ahu-application-bacnet,e5,Siemens,Climatix POL908 — IV Produkt AHU Application (BACnet),Envistar 360 · catalog p38,capacityClass,packagedUnit,extracted,IVProdukt_Envistar_Catalog_2024-3_en.pdf,38,IV Produkt Designer,unitLength,유닛 길이,"3,550",mm
siemens-climatix-pol908-iv-produkt-ahu-application-bacnet,e5,Siemens,Climatix POL908 — IV Produkt AHU Application (BACnet),Envistar 400 · catalog p38,capacityClass,packagedUnit,extracted,IVProdukt_Envistar_Catalog_2024-3_en.pdf,38,IV Produkt Designer,capacityClass,용량대,크기 400,
siemens-climatix-pol908-iv-produkt-ahu-application-bacnet,e5,Siemens,Climatix POL908 — IV Produkt AHU Application (BACnet),Envistar 400 · catalog p38,capacityClass,packagedUnit,extracted,IVProdukt_Envistar_Catalog_2024-3_en.pdf,38,IV Produkt Designer,grossCoolingCapacity,냉방능력,47.2,kW
siemens-climatix-pol908-iv-produkt-ahu-application-bacnet,e5,Siemens,Climatix POL908 — IV Produkt AHU Application (BACnet),Envistar 400 · catalog p38,capacityClass,packagedUnit,extracted,IVProdukt_Envistar_Catalog_2024-3_en.pdf,38,IV Produkt Designer,ratedAirflow,정격 풍량,0.92 – 3.93,m³/s
siemens-climatix-pol908-iv-produkt-ahu-application-bacnet,e5,Siemens,Climatix POL908 — IV Produkt AHU Application (BACnet),Envistar 400 · catalog p38,capacityClass,packagedUnit,extracted,IVProdukt_Envistar_Catalog_2024-3_en.pdf,38,IV Produkt Designer,unitHeight,유닛 높이,"1,900",mm
siemens-climatix-pol908-iv-produkt-ahu-application-bacnet,e5,Siemens,Climatix POL908 — IV Produkt AHU Application (BACnet),Envistar 400 · catalog p38,capacityClass,packagedUnit,extracted,IVProdukt_Envistar_Catalog_2024-3_en.pdf,38,IV Produkt Designer,unitLength,유닛 길이,"3,090",mm
siemens-climatix-pol908-iv-produkt-ahu-application-bacnet,e5,Siemens,Climatix POL908 — IV Produkt AHU Application (BACnet),Envistar 480 · catalog p38,capacityClass,packagedUnit,extracted,IVProdukt_Envistar_Catalog_2024-3_en.pdf,38,IV Produkt Designer,capacityClass,용량대,크기 480,
siemens-climatix-pol908-iv-produkt-ahu-application-bacnet,e5,Siemens,Climatix POL908 — IV Produkt AHU Application (BACnet),Envistar 480 · catalog p38,capacityClass,packagedUnit,extracted,IVProdukt_Envistar_Catalog_2024-3_en.pdf,38,IV Produkt Designer,grossCoolingCapacity,냉방능력,58.0,kW
siemens-climatix-pol908-iv-produkt-ahu-application-bacnet,e5,Siemens,Climatix POL908 — IV Produkt AHU Application (BACnet),Envistar 480 · catalog p38,capacityClass,packagedUnit,extracted,IVProdukt_Envistar_Catalog_2024-3_en.pdf,38,IV Produkt Designer,ratedAirflow,정격 풍량,1.07 – 4.61,m³/s
siemens-climatix-pol908-iv-produkt-ahu-application-bacnet,e5,Siemens,Climatix POL908 — IV Produkt AHU Application (BACnet),Envistar 480 · catalog p38,capacityClass,packagedUnit,extracted,IVProdukt_Envistar_Catalog_2024-3_en.pdf,38,IV Produkt Designer,unitHeight,유닛 높이,"2,060",mm
siemens-climatix-pol908-iv-produkt-ahu-application-bacnet,e5,Siemens,Climatix POL908 — IV Produkt AHU Application (BACnet),Envistar 480 · catalog p38,capacityClass,packagedUnit,extracted,IVProdukt_Envistar_Catalog_2024-3_en.pdf,38,IV Produkt Designer,unitLength,유닛 길이,"3,850",mm
siemens-climatix-pol908-iv-produkt-ahu-application-bacnet,e5,Siemens,Climatix POL908 — IV Produkt AHU Application (BACnet),Envistar 600 · catalog p38,capacityClass,packagedUnit,extracted,IVProdukt_Envistar_Catalog_2024-3_en.pdf,38,IV Produkt Designer,capacityClass,용량대,크기 600,
siemens-climatix-pol908-iv-produkt-ahu-application-bacnet,e5,Siemens,Climatix POL908 — IV Produkt AHU Application (BACnet),Envistar 600 · catalog p38,capacityClass,packagedUnit,extracted,IVProdukt_Envistar_Catalog_2024-3_en.pdf,38,IV Produkt Designer,grossCoolingCapacity,냉방능력,84.0,kW
siemens-climatix-pol908-iv-produkt-ahu-application-bacnet,e5,Siemens,Climatix POL908 — IV Produkt AHU Application (BACnet),Envistar 600 · catalog p38,capacityClass,packagedUnit,extracted,IVProdukt_Envistar_Catalog_2024-3_en.pdf,38,IV Produkt Designer,ratedAirflow,정격 풍량,1.34 – 5.75,m³/s
siemens-climatix-pol908-iv-produkt-ahu-application-bacnet,e5,Siemens,Climatix POL908 — IV Produkt AHU Application (BACnet),Envistar 600 · catalog p38,capacityClass,packagedUnit,extracted,IVProdukt_Envistar_Catalog_2024-3_en.pdf,38,IV Produkt Designer,unitHeight,유닛 높이,"2,270",mm
siemens-climatix-pol908-iv-produkt-ahu-application-bacnet,e5,Siemens,Climatix POL908 — IV Produkt AHU Application (BACnet),Envistar 600 · catalog p38,capacityClass,packagedUnit,extracted,IVProdukt_Envistar_Catalog_2024-3_en.pdf,38,IV Produkt Designer,unitLength,유닛 길이,"3,850",mm
siemens-climatix-pol908-iv-produkt-ahu-application-bacnet,e5,Siemens,Climatix POL908 — IV Produkt AHU Application (BACnet),Envistar 740 · catalog p38,capacityClass,packagedUnit,extracted,IVProdukt_Envistar_Catalog_2024-3_en.pdf,38,IV Produkt Designer,capacityClass,용량대,크기 740,
siemens-climatix-pol908-iv-produkt-ahu-application-bacnet,e5,Siemens,Climatix POL908 — IV Produkt AHU Application (BACnet),Envistar 740 · catalog p38,capacityClass,packagedUnit,extracted,IVProdukt_Envistar_Catalog_2024-3_en.pdf,38,IV Produkt Designer,grossCoolingCapacity,냉방능력,103,kW
siemens-climatix-pol908-iv-produkt-ahu-application-bacnet,e5,Siemens,Climatix POL908 — IV Produkt AHU Application (BACnet),Envistar 740 · catalog p38,capacityClass,packagedUnit,extracted,IVProdukt_Envistar_Catalog_2024-3_en.pdf,38,IV Produkt Designer,ratedAirflow,정격 풍량,1.71 – 7.34,m³/s
siemens-climatix-pol908-iv-produkt-ahu-application-bacnet,e5,Siemens,Climatix POL908 — IV Produkt AHU Application (BACnet),Envistar 740 · catalog p38,capacityClass,packagedUnit,extracted,IVProdukt_Envistar_Catalog_2024-3_en.pdf,38,IV Produkt Designer,unitHeight,유닛 높이,"2,675",mm
siemens-climatix-pol908-iv-produkt-ahu-application-bacnet,e5,Siemens,Climatix POL908 — IV Produkt AHU Application (BACnet),Envistar 740 · catalog p38,capacityClass,packagedUnit,extracted,IVProdukt_Envistar_Catalog_2024-3_en.pdf,38,IV Produkt Designer,unitLength,유닛 길이,"4,150",mm
siemens-climatix-pol908-iv-produkt-ahu-application-bacnet,e5,Siemens,Climatix POL908 — IV Produkt AHU Application (BACnet),Envistar 850 · catalog p38,capacityClass,packagedUnit,extracted,IVProdukt_Envistar_Catalog_2024-3_en.pdf,38,IV Produkt Designer,capacityClass,용량대,크기 850,
siemens-climatix-pol908-iv-produkt-ahu-application-bacnet,e5,Siemens,Climatix POL908 — IV Produkt AHU Application (BACnet),Envistar 850 · catalog p38,capacityClass,packagedUnit,extracted,IVProdukt_Envistar_Catalog_2024-3_en.pdf,38,IV Produkt Designer,grossCoolingCapacity,냉방능력,118,kW
siemens-climatix-pol908-iv-produkt-ahu-application-bacnet,e5,Siemens,Climatix POL908 — IV Produkt AHU Application (BACnet),Envistar 850 · catalog p38,capacityClass,packagedUnit,extracted,IVProdukt_Envistar_Catalog_2024-3_en.pdf,38,IV Produkt Designer,ratedAirflow,정격 풍량,1.98 – 8.47,m³/s
siemens-climatix-pol908-iv-produkt-ahu-application-bacnet,e5,Siemens,Climatix POL908 — IV Produkt AHU Application (BACnet),Envistar 850 · catalog p38,capacityClass,packagedUnit,extracted,IVProdukt_Envistar_Catalog_2024-3_en.pdf,38,IV Produkt Designer,unitHeight,유닛 높이,"2,935",mm
siemens-climatix-pol908-iv-produkt-ahu-application-bacnet,e5,Siemens,Climatix POL908 — IV Produkt AHU Application (BACnet),Envistar 850 · catalog p38,capacityClass,packagedUnit,extracted,IVProdukt_Envistar_Catalog_2024-3_en.pdf,38,IV Produkt Designer,unitLength,유닛 길이,"4,150",mm
siemens-climatix-pol908-iv-produkt-ahu-application-bacnet,e5,Siemens,Climatix POL908 — IV Produkt AHU Application (BACnet),Envistar 980 · catalog p38,capacityClass,packagedUnit,extracted,IVProdukt_Envistar_Catalog_2024-3_en.pdf,38,IV Produkt Designer,capacityClass,용량대,크기 980,
siemens-climatix-pol908-iv-produkt-ahu-application-bacnet,e5,Siemens,Climatix POL908 — IV Produkt AHU Application (BACnet),Envistar 980 · catalog p38,capacityClass,packagedUnit,extracted,IVProdukt_Envistar_Catalog_2024-3_en.pdf,38,IV Produkt Designer,grossCoolingCapacity,냉방능력,132,kW
siemens-climatix-pol908-iv-produkt-ahu-application-bacnet,e5,Siemens,Climatix POL908 — IV Produkt AHU Application (BACnet),Envistar 980 · catalog p38,capacityClass,packagedUnit,extracted,IVProdukt_Envistar_Catalog_2024-3_en.pdf,38,IV Produkt Designer,ratedAirflow,정격 풍량,2.38 – 9.95,m³/s
siemens-climatix-pol908-iv-produkt-ahu-application-bacnet,e5,Siemens,Climatix POL908 — IV Produkt AHU Application (BACnet),Envistar 980 · catalog p38,capacityClass,packagedUnit,extracted,IVProdukt_Envistar_Catalog_2024-3_en.pdf,38,IV Produkt Designer,unitHeight,유닛 높이,"3,085",mm
siemens-climatix-pol908-iv-produkt-ahu-application-bacnet,e5,Siemens,Climatix POL908 — IV Produkt AHU Application (BACnet),Envistar 980 · catalog p38,capacityClass,packagedUnit,extracted,IVProdukt_Envistar_Catalog_2024-3_en.pdf,38,IV Produkt Designer,unitLength,유닛 길이,"4,150",mm
swegon-iqlogic-gold-rx-px-cx-sd-ahu-modbus,e5,Swegon,IQlogic — GOLD RX/PX/CX/SD AHU (Modbus),GOLD RX 004,capacityClass,packagedUnit,extracted,Swegon_AHU_QuickGuide.pdf,4,치수·중량 — Swegon_AHU_QuickGuide.pdf p4,airflowConfiguration,기류 구성,GOLD RX,
swegon-iqlogic-gold-rx-px-cx-sd-ahu-modbus,e5,Swegon,IQlogic — GOLD RX/PX/CX/SD AHU (Modbus),GOLD RX 004,capacityClass,packagedUnit,extracted,Swegon_AHU_QuickGuide.pdf,4,치수·중량 — Swegon_AHU_QuickGuide.pdf p4,capacityClass,용량대,크기 004,
swegon-iqlogic-gold-rx-px-cx-sd-ahu-modbus,e5,Swegon,IQlogic — GOLD RX/PX/CX/SD AHU (Modbus),GOLD RX 004,capacityClass,packagedUnit,extracted,Swegon_AHU_QuickGuide.pdf,4,치수·중량 — Swegon_AHU_QuickGuide.pdf p4,ecodesignAirflow,Ecodesign 풍량,290 - 1620,m³/h
swegon-iqlogic-gold-rx-px-cx-sd-ahu-modbus,e5,Swegon,IQlogic — GOLD RX/PX/CX/SD AHU (Modbus),GOLD RX 004,capacityClass,packagedUnit,extracted,Swegon_AHU_QuickGuide.pdf,4,치수·중량 — Swegon_AHU_QuickGuide.pdf p4,ratedAirflow,정격 풍량,290 - 1620,m³/h
swegon-iqlogic-gold-rx-px-cx-sd-ahu-modbus,e5,Swegon,IQlogic — GOLD RX/PX/CX/SD AHU (Modbus),GOLD RX 004,capacityClass,packagedUnit,extracted,Swegon_AHU_QuickGuide.pdf,4,치수·중량 — Swegon_AHU_QuickGuide.pdf p4,sfp15Airflow,SFP 1.5 / 150 Pa 풍량,1356,m³/h
swegon-iqlogic-gold-rx-px-cx-sd-ahu-modbus,e5,Swegon,IQlogic — GOLD RX/PX/CX/SD AHU (Modbus),GOLD RX 004,capacityClass,packagedUnit,extracted,Swegon_AHU_QuickGuide.pdf,4,치수·중량 — Swegon_AHU_QuickGuide.pdf p4,sfp20Airflow,SFP 2.0 / 200 Pa 풍량,1620,m³/h
swegon-iqlogic-gold-rx-px-cx-sd-ahu-modbus,e5,Swegon,IQlogic — GOLD RX/PX/CX/SD AHU (Modbus),GOLD RX 005,capacityClass,packagedUnit,extracted,Swegon_AHU_QuickGuide.pdf,4,치수·중량 — Swegon_AHU_QuickGuide.pdf p4,airflowConfiguration,기류 구성,GOLD RX,
swegon-iqlogic-gold-rx-px-cx-sd-ahu-modbus,e5,Swegon,IQlogic — GOLD RX/PX/CX/SD AHU (Modbus),GOLD RX 005,capacityClass,packagedUnit,extracted,Swegon_AHU_QuickGuide.pdf,4,치수·중량 — Swegon_AHU_QuickGuide.pdf p4,capacityClass,용량대,크기 005,
swegon-iqlogic-gold-rx-px-cx-sd-ahu-modbus,e5,Swegon,IQlogic — GOLD RX/PX/CX/SD AHU (Modbus),GOLD RX 005,capacityClass,packagedUnit,extracted,Swegon_AHU_QuickGuide.pdf,4,치수·중량 — Swegon_AHU_QuickGuide.pdf p4,ecodesignAirflow,Ecodesign 풍량,290 - 1960,m³/h
swegon-iqlogic-gold-rx-px-cx-sd-ahu-modbus,e5,Swegon,IQlogic — GOLD RX/PX/CX/SD AHU (Modbus),GOLD RX 005,capacityClass,packagedUnit,extracted,Swegon_AHU_QuickGuide.pdf,4,치수·중량 — Swegon_AHU_QuickGuide.pdf p4,ratedAirflow,정격 풍량,290 - 1960,m³/h
swegon-iqlogic-gold-rx-px-cx-sd-ahu-modbus,e5,Swegon,IQlogic — GOLD RX/PX/CX/SD AHU (Modbus),GOLD RX 005,capacityClass,packagedUnit,extracted,Swegon_AHU_QuickGuide.pdf,4,치수·중량 — Swegon_AHU_QuickGuide.pdf p4,sfp15Airflow,SFP 1.5 / 150 Pa 풍량,1356,m³/h
swegon-iqlogic-gold-rx-px-cx-sd-ahu-modbus,e5,Swegon,IQlogic — GOLD RX/PX/CX/SD AHU (Modbus),GOLD RX 005,capacityClass,packagedUnit,extracted,Swegon_AHU_QuickGuide.pdf,4,치수·중량 — Swegon_AHU_QuickGuide.pdf p4,sfp20Airflow,SFP 2.0 / 200 Pa 풍량,1800,m³/h
swegon-iqlogic-gold-rx-px-cx-sd-ahu-modbus,e5,Swegon,IQlogic — GOLD RX/PX/CX/SD AHU (Modbus),GOLD RX 007,capacityClass,packagedUnit,extracted,Swegon_AHU_QuickGuide.pdf,4,치수·중량 — Swegon_AHU_QuickGuide.pdf p4,airflowConfiguration,기류 구성,GOLD RX,
swegon-iqlogic-gold-rx-px-cx-sd-ahu-modbus,e5,Swegon,IQlogic — GOLD RX/PX/CX/SD AHU (Modbus),GOLD RX 007,capacityClass,packagedUnit,extracted,Swegon_AHU_QuickGuide.pdf,4,치수·중량 — Swegon_AHU_QuickGuide.pdf p4,capacityClass,용량대,크기 007,
swegon-iqlogic-gold-rx-px-cx-sd-ahu-modbus,e5,Swegon,IQlogic — GOLD RX/PX/CX/SD AHU (Modbus),GOLD RX 007,capacityClass,packagedUnit,extracted,Swegon_AHU_QuickGuide.pdf,4,치수·중량 — Swegon_AHU_QuickGuide.pdf p4,ecodesignAirflow,Ecodesign 풍량,290 - 2700,m³/h
swegon-iqlogic-gold-rx-px-cx-sd-ahu-modbus,e5,Swegon,IQlogic — GOLD RX/PX/CX/SD AHU (Modbus),GOLD RX 007,capacityClass,packagedUnit,extracted,Swegon_AHU_QuickGuide.pdf,4,치수·중량 — Swegon_AHU_QuickGuide.pdf p4,ratedAirflow,정격 풍량,290 - 2700,m³/h
swegon-iqlogic-gold-rx-px-cx-sd-ahu-modbus,e5,Swegon,IQlogic — GOLD RX/PX/CX/SD AHU (Modbus),GOLD RX 007,capacityClass,packagedUnit,extracted,Swegon_AHU_QuickGuide.pdf,4,치수·중량 — Swegon_AHU_QuickGuide.pdf p4,sfp15Airflow,SFP 1.5 / 150 Pa 풍량,2196,m³/h
swegon-iqlogic-gold-rx-px-cx-sd-ahu-modbus,e5,Swegon,IQlogic — GOLD RX/PX/CX/SD AHU (Modbus),GOLD RX 007,capacityClass,packagedUnit,extracted,Swegon_AHU_QuickGuide.pdf,4,치수·중량 — Swegon_AHU_QuickGuide.pdf p4,sfp20Airflow,SFP 2.0 / 200 Pa 풍량,2700,m³/h
swegon-iqlogic-gold-rx-px-cx-sd-ahu-modbus,e5,Swegon,IQlogic — GOLD RX/PX/CX/SD AHU (Modbus),GOLD RX 008,capacityClass,packagedUnit,extracted,Swegon_AHU_QuickGuide.pdf,4,치수·중량 — Swegon_AHU_QuickGuide.pdf p4,airflowConfiguration,기류 구성,GOLD RX,
swegon-iqlogic-gold-rx-px-cx-sd-ahu-modbus,e5,Swegon,IQlogic — GOLD RX/PX/CX/SD AHU (Modbus),GOLD RX 008,capacityClass,packagedUnit,extracted,Swegon_AHU_QuickGuide.pdf,4,치수·중량 — Swegon_AHU_QuickGuide.pdf p4,capacityClass,용량대,크기 008,
swegon-iqlogic-gold-rx-px-cx-sd-ahu-modbus,e5,Swegon,IQlogic — GOLD RX/PX/CX/SD AHU (Modbus),GOLD RX 008,capacityClass,packagedUnit,extracted,Swegon_AHU_QuickGuide.pdf,4,치수·중량 — Swegon_AHU_QuickGuide.pdf p4,ecodesignAirflow,Ecodesign 풍량,720 - 3110,m³/h
swegon-iqlogic-gold-rx-px-cx-sd-ahu-modbus,e5,Swegon,IQlogic — GOLD RX/PX/CX/SD AHU (Modbus),GOLD RX 008,capacityClass,packagedUnit,extracted,Swegon_AHU_QuickGuide.pdf,4,치수·중량 — Swegon_AHU_QuickGuide.pdf p4,ratedAirflow,정격 풍량,720 - 3110,m³/h
swegon-iqlogic-gold-rx-px-cx-sd-ahu-modbus,e5,Swegon,IQlogic — GOLD RX/PX/CX/SD AHU (Modbus),GOLD RX 008,capacityClass,packagedUnit,extracted,Swegon_AHU_QuickGuide.pdf,4,치수·중량 — Swegon_AHU_QuickGuide.pdf p4,sfp15Airflow,SFP 1.5 / 150 Pa 풍량,2310,m³/h
swegon-iqlogic-gold-rx-px-cx-sd-ahu-modbus,e5,Swegon,IQlogic — GOLD RX/PX/CX/SD AHU (Modbus),GOLD RX 008,capacityClass,packagedUnit,extracted,Swegon_AHU_QuickGuide.pdf,4,치수·중량 — Swegon_AHU_QuickGuide.pdf p4,sfp20Airflow,SFP 2.0 / 200 Pa 풍량,2925,m³/h
swegon-iqlogic-gold-rx-px-cx-sd-ahu-modbus,e5,Swegon,IQlogic — GOLD RX/PX/CX/SD AHU (Modbus),GOLD RX 011,capacityClass,packagedUnit,extracted,Swegon_AHU_QuickGuide.pdf,4,치수·중량 — Swegon_AHU_QuickGuide.pdf p4,airflowConfiguration,기류 구성,GOLD RX,
swegon-iqlogic-gold-rx-px-cx-sd-ahu-modbus,e5,Swegon,IQlogic — GOLD RX/PX/CX/SD AHU (Modbus),GOLD RX 011,capacityClass,packagedUnit,extracted,Swegon_AHU_QuickGuide.pdf,4,치수·중량 — Swegon_AHU_QuickGuide.pdf p4,capacityClass,용량대,크기 011,
swegon-iqlogic-gold-rx-px-cx-sd-ahu-modbus,e5,Swegon,IQlogic — GOLD RX/PX/CX/SD AHU (Modbus),GOLD RX 011,capacityClass,packagedUnit,extracted,Swegon_AHU_QuickGuide.pdf,4,치수·중량 — Swegon_AHU_QuickGuide.pdf p4,ecodesignAirflow,Ecodesign 풍량,720 - 3960,m³/h
swegon-iqlogic-gold-rx-px-cx-sd-ahu-modbus,e5,Swegon,IQlogic — GOLD RX/PX/CX/SD AHU (Modbus),GOLD RX 011,capacityClass,packagedUnit,extracted,Swegon_AHU_QuickGuide.pdf,4,치수·중량 — Swegon_AHU_QuickGuide.pdf p4,ratedAirflow,정격 풍량,720 - 3960,m³/h
swegon-iqlogic-gold-rx-px-cx-sd-ahu-modbus,e5,Swegon,IQlogic — GOLD RX/PX/CX/SD AHU (Modbus),GOLD RX 011,capacityClass,packagedUnit,extracted,Swegon_AHU_QuickGuide.pdf,4,치수·중량 — Swegon_AHU_QuickGuide.pdf p4,sfp15Airflow,SFP 1.5 / 150 Pa 풍량,3259,m³/h
swegon-iqlogic-gold-rx-px-cx-sd-ahu-modbus,e5,Swegon,IQlogic — GOLD RX/PX/CX/SD AHU (Modbus),GOLD RX 011,capacityClass,packagedUnit,extracted,Swegon_AHU_QuickGuide.pdf,4,치수·중량 — Swegon_AHU_QuickGuide.pdf p4,sfp20Airflow,SFP 2.0 / 200 Pa 풍량,3960,m³/h
swegon-iqlogic-gold-rx-px-cx-sd-ahu-modbus,e5,Swegon,IQlogic — GOLD RX/PX/CX/SD AHU (Modbus),GOLD RX 012,capacityClass,packagedUnit,extracted,Swegon_AHU_QuickGuide.pdf,4,치수·중량 — Swegon_AHU_QuickGuide.pdf p4,airflowConfiguration,기류 구성,GOLD RX,
swegon-iqlogic-gold-rx-px-cx-sd-ahu-modbus,e5,Swegon,IQlogic — GOLD RX/PX/CX/SD AHU (Modbus),GOLD RX 012,capacityClass,packagedUnit,extracted,Swegon_AHU_QuickGuide.pdf,4,치수·중량 — Swegon_AHU_QuickGuide.pdf p4,capacityClass,용량대,크기 012,
swegon-iqlogic-gold-rx-px-cx-sd-ahu-modbus,e5,Swegon,IQlogic — GOLD RX/PX/CX/SD AHU (Modbus),GOLD RX 012,capacityClass,packagedUnit,extracted,Swegon_AHU_QuickGuide.pdf,4,치수·중량 — Swegon_AHU_QuickGuide.pdf p4,ecodesignAirflow,Ecodesign 풍량,720 - 4390,m³/h
swegon-iqlogic-gold-rx-px-cx-sd-ahu-modbus,e5,Swegon,IQlogic — GOLD RX/PX/CX/SD AHU (Modbus),GOLD RX 012,capacityClass,packagedUnit,extracted,Swegon_AHU_QuickGuide.pdf,4,치수·중량 — Swegon_AHU_QuickGuide.pdf p4,ratedAirflow,정격 풍량,720 - 4390,m³/h
swegon-iqlogic-gold-rx-px-cx-sd-ahu-modbus,e5,Swegon,IQlogic — GOLD RX/PX/CX/SD AHU (Modbus),GOLD RX 012,capacityClass,packagedUnit,extracted,Swegon_AHU_QuickGuide.pdf,4,치수·중량 — Swegon_AHU_QuickGuide.pdf p4,sfp15Airflow,SFP 1.5 / 150 Pa 풍량,3463,m³/h
swegon-iqlogic-gold-rx-px-cx-sd-ahu-modbus,e5,Swegon,IQlogic — GOLD RX/PX/CX/SD AHU (Modbus),GOLD RX 012,capacityClass,packagedUnit,extracted,Swegon_AHU_QuickGuide.pdf,4,치수·중량 — Swegon_AHU_QuickGuide.pdf p4,sfp20Airflow,SFP 2.0 / 200 Pa 풍량,4341,m³/h
swegon-iqlogic-gold-rx-px-cx-sd-ahu-modbus,e5,Swegon,IQlogic — GOLD RX/PX/CX/SD AHU (Modbus),GOLD RX 014,capacityClass,packagedUnit,extracted,Swegon_AHU_QuickGuide.pdf,4,치수·중량 — Swegon_AHU_QuickGuide.pdf p4,airflowConfiguration,기류 구성,GOLD RX,
swegon-iqlogic-gold-rx-px-cx-sd-ahu-modbus,e5,Swegon,IQlogic — GOLD RX/PX/CX/SD AHU (Modbus),GOLD RX 014,capacityClass,packagedUnit,extracted,Swegon_AHU_QuickGuide.pdf,4,치수·중량 — Swegon_AHU_QuickGuide.pdf p4,capacityClass,용량대,크기 014,
swegon-iqlogic-gold-rx-px-cx-sd-ahu-modbus,e5,Swegon,IQlogic — GOLD RX/PX/CX/SD AHU (Modbus),GOLD RX 014,capacityClass,packagedUnit,extracted,Swegon_AHU_QuickGuide.pdf,4,치수·중량 — Swegon_AHU_QuickGuide.pdf p4,ecodesignAirflow,Ecodesign 풍량,720 - 5940,m³/h
swegon-iqlogic-gold-rx-px-cx-sd-ahu-modbus,e5,Swegon,IQlogic — GOLD RX/PX/CX/SD AHU (Modbus),GOLD RX 014,capacityClass,packagedUnit,extracted,Swegon_AHU_QuickGuide.pdf,4,치수·중량 — Swegon_AHU_QuickGuide.pdf p4,ratedAirflow,정격 풍량,720 - 5940,m³/h
swegon-iqlogic-gold-rx-px-cx-sd-ahu-modbus,e5,Swegon,IQlogic — GOLD RX/PX/CX/SD AHU (Modbus),GOLD RX 014,capacityClass,packagedUnit,extracted,Swegon_AHU_QuickGuide.pdf,4,치수·중량 — Swegon_AHU_QuickGuide.pdf p4,sfp15Airflow,SFP 1.5 / 150 Pa 풍량,5400,m³/h
swegon-iqlogic-gold-rx-px-cx-sd-ahu-modbus,e5,Swegon,IQlogic — GOLD RX/PX/CX/SD AHU (Modbus),GOLD RX 014,capacityClass,packagedUnit,extracted,Swegon_AHU_QuickGuide.pdf,4,치수·중량 — Swegon_AHU_QuickGuide.pdf p4,sfp20Airflow,SFP 2.0 / 200 Pa 풍량,5940,m³/h
swegon-iqlogic-gold-rx-px-cx-sd-ahu-modbus,e5,Swegon,IQlogic — GOLD RX/PX/CX/SD AHU (Modbus),GOLD RX 014+,capacityClass,packagedUnit,extracted,Swegon_AHU_QuickGuide.pdf,4,치수·중량 — Swegon_AHU_QuickGuide.pdf p4,airflowConfiguration,기류 구성,GOLD RX,
swegon-iqlogic-gold-rx-px-cx-sd-ahu-modbus,e5,Swegon,IQlogic — GOLD RX/PX/CX/SD AHU (Modbus),GOLD RX 014+,capacityClass,packagedUnit,extracted,Swegon_AHU_QuickGuide.pdf,4,치수·중량 — Swegon_AHU_QuickGuide.pdf p4,capacityClass,용량대,크기 014+,
swegon-iqlogic-gold-rx-px-cx-sd-ahu-modbus,e5,Swegon,IQlogic — GOLD RX/PX/CX/SD AHU (Modbus),GOLD RX 014+,capacityClass,packagedUnit,extracted,Swegon_AHU_QuickGuide.pdf,4,치수·중량 — Swegon_AHU_QuickGuide.pdf p4,ecodesignAirflow,Ecodesign 풍량,720 - 5940,m³/h
swegon-iqlogic-gold-rx-px-cx-sd-ahu-modbus,e5,Swegon,IQlogic — GOLD RX/PX/CX/SD AHU (Modbus),GOLD RX 014+,capacityClass,packagedUnit,extracted,Swegon_AHU_QuickGuide.pdf,4,치수·중량 — Swegon_AHU_QuickGuide.pdf p4,ratedAirflow,정격 풍량,720 - 5940,m³/h
swegon-iqlogic-gold-rx-px-cx-sd-ahu-modbus,e5,Swegon,IQlogic — GOLD RX/PX/CX/SD AHU (Modbus),GOLD RX 014+,capacityClass,packagedUnit,extracted,Swegon_AHU_QuickGuide.pdf,4,치수·중량 — Swegon_AHU_QuickGuide.pdf p4,sfp15Airflow,SFP 1.5 / 150 Pa 풍량,5940,m³/h
swegon-iqlogic-gold-rx-px-cx-sd-ahu-modbus,e5,Swegon,IQlogic — GOLD RX/PX/CX/SD AHU (Modbus),GOLD RX 014+,capacityClass,packagedUnit,extracted,Swegon_AHU_QuickGuide.pdf,4,치수·중량 — Swegon_AHU_QuickGuide.pdf p4,sfp20Airflow,SFP 2.0 / 200 Pa 풍량,5940,m³/h
swegon-iqlogic-gold-rx-px-cx-sd-ahu-modbus,e5,Swegon,IQlogic — GOLD RX/PX/CX/SD AHU (Modbus),GOLD RX 020,capacityClass,packagedUnit,extracted,Swegon_AHU_QuickGuide.pdf,4,치수·중량 — Swegon_AHU_QuickGuide.pdf p4,airflowConfiguration,기류 구성,GOLD RX,
swegon-iqlogic-gold-rx-px-cx-sd-ahu-modbus,e5,Swegon,IQlogic — GOLD RX/PX/CX/SD AHU (Modbus),GOLD RX 020,capacityClass,packagedUnit,extracted,Swegon_AHU_QuickGuide.pdf,4,치수·중량 — Swegon_AHU_QuickGuide.pdf p4,capacityClass,용량대,크기 020,
swegon-iqlogic-gold-rx-px-cx-sd-ahu-modbus,e5,Swegon,IQlogic — GOLD RX/PX/CX/SD AHU (Modbus),GOLD RX 020,capacityClass,packagedUnit,extracted,Swegon_AHU_QuickGuide.pdf,4,치수·중량 — Swegon_AHU_QuickGuide.pdf p4,ecodesignAirflow,Ecodesign 풍량,1080 - 6560,m³/h
swegon-iqlogic-gold-rx-px-cx-sd-ahu-modbus,e5,Swegon,IQlogic — GOLD RX/PX/CX/SD AHU (Modbus),GOLD RX 020,capacityClass,packagedUnit,extracted,Swegon_AHU_QuickGuide.pdf,4,치수·중량 — Swegon_AHU_QuickGuide.pdf p4,ratedAirflow,정격 풍량,1080 - 6560,m³/h
swegon-iqlogic-gold-rx-px-cx-sd-ahu-modbus,e5,Swegon,IQlogic — GOLD RX/PX/CX/SD AHU (Modbus),GOLD RX 020,capacityClass,packagedUnit,extracted,Swegon_AHU_QuickGuide.pdf,4,치수·중량 — Swegon_AHU_QuickGuide.pdf p4,sfp15Airflow,SFP 1.5 / 150 Pa 풍량,5760,m³/h
swegon-iqlogic-gold-rx-px-cx-sd-ahu-modbus,e5,Swegon,IQlogic — GOLD RX/PX/CX/SD AHU (Modbus),GOLD RX 020,capacityClass,packagedUnit,extracted,Swegon_AHU_QuickGuide.pdf,4,치수·중량 — Swegon_AHU_QuickGuide.pdf p4,sfp20Airflow,SFP 2.0 / 200 Pa 풍량,7200,m³/h
swegon-iqlogic-gold-rx-px-cx-sd-ahu-modbus,e5,Swegon,IQlogic — GOLD RX/PX/CX/SD AHU (Modbus),GOLD RX 020+,capacityClass,packagedUnit,extracted,Swegon_AHU_QuickGuide.pdf,4,치수·중량 — Swegon_AHU_QuickGuide.pdf p4,airflowConfiguration,기류 구성,GOLD RX,
swegon-iqlogic-gold-rx-px-cx-sd-ahu-modbus,e5,Swegon,IQlogic — GOLD RX/PX/CX/SD AHU (Modbus),GOLD RX 020+,capacityClass,packagedUnit,extracted,Swegon_AHU_QuickGuide.pdf,4,치수·중량 — Swegon_AHU_QuickGuide.pdf p4,capacityClass,용량대,크기 020+,
swegon-iqlogic-gold-rx-px-cx-sd-ahu-modbus,e5,Swegon,IQlogic — GOLD RX/PX/CX/SD AHU (Modbus),GOLD RX 020+,capacityClass,packagedUnit,extracted,Swegon_AHU_QuickGuide.pdf,4,치수·중량 — Swegon_AHU_QuickGuide.pdf p4,ecodesignAirflow,Ecodesign 풍량,1080 - 7560,m³/h
swegon-iqlogic-gold-rx-px-cx-sd-ahu-modbus,e5,Swegon,IQlogic — GOLD RX/PX/CX/SD AHU (Modbus),GOLD RX 020+,capacityClass,packagedUnit,extracted,Swegon_AHU_QuickGuide.pdf,4,치수·중량 — Swegon_AHU_QuickGuide.pdf p4,ratedAirflow,정격 풍량,1080 - 7560,m³/h
swegon-iqlogic-gold-rx-px-cx-sd-ahu-modbus,e5,Swegon,IQlogic — GOLD RX/PX/CX/SD AHU (Modbus),GOLD RX 020+,capacityClass,packagedUnit,extracted,Swegon_AHU_QuickGuide.pdf,4,치수·중량 — Swegon_AHU_QuickGuide.pdf p4,sfp15Airflow,SFP 1.5 / 150 Pa 풍량,6840,m³/h
swegon-iqlogic-gold-rx-px-cx-sd-ahu-modbus,e5,Swegon,IQlogic — GOLD RX/PX/CX/SD AHU (Modbus),GOLD RX 020+,capacityClass,packagedUnit,extracted,Swegon_AHU_QuickGuide.pdf,4,치수·중량 — Swegon_AHU_QuickGuide.pdf p4,sfp20Airflow,SFP 2.0 / 200 Pa 풍량,7560,m³/h
swegon-iqlogic-gold-rx-px-cx-sd-ahu-modbus,e5,Swegon,IQlogic — GOLD RX/PX/CX/SD AHU (Modbus),GOLD RX 025,capacityClass,packagedUnit,extracted,Swegon_AHU_QuickGuide.pdf,4,치수·중량 — Swegon_AHU_QuickGuide.pdf p4,airflowConfiguration,기류 구성,GOLD RX,
swegon-iqlogic-gold-rx-px-cx-sd-ahu-modbus,e5,Swegon,IQlogic — GOLD RX/PX/CX/SD AHU (Modbus),GOLD RX 025,capacityClass,packagedUnit,extracted,Swegon_AHU_QuickGuide.pdf,4,치수·중량 — Swegon_AHU_QuickGuide.pdf p4,capacityClass,용량대,크기 025,
swegon-iqlogic-gold-rx-px-cx-sd-ahu-modbus,e5,Swegon,IQlogic — GOLD RX/PX/CX/SD AHU (Modbus),GOLD RX 025,capacityClass,packagedUnit,extracted,Swegon_AHU_QuickGuide.pdf,4,치수·중량 — Swegon_AHU_QuickGuide.pdf p4,ecodesignAirflow,Ecodesign 풍량,1080 - 8600,m³/h
swegon-iqlogic-gold-rx-px-cx-sd-ahu-modbus,e5,Swegon,IQlogic — GOLD RX/PX/CX/SD AHU (Modbus),GOLD RX 025,capacityClass,packagedUnit,extracted,Swegon_AHU_QuickGuide.pdf,4,치수·중량 — Swegon_AHU_QuickGuide.pdf p4,ratedAirflow,정격 풍량,1080 - 8600,m³/h
swegon-iqlogic-gold-rx-px-cx-sd-ahu-modbus,e5,Swegon,IQlogic — GOLD RX/PX/CX/SD AHU (Modbus),GOLD RX 025,capacityClass,packagedUnit,extracted,Swegon_AHU_QuickGuide.pdf,4,치수·중량 — Swegon_AHU_QuickGuide.pdf p4,sfp15Airflow,SFP 1.5 / 150 Pa 풍량,7560,m³/h
swegon-iqlogic-gold-rx-px-cx-sd-ahu-modbus,e5,Swegon,IQlogic — GOLD RX/PX/CX/SD AHU (Modbus),GOLD RX 025,capacityClass,packagedUnit,extracted,Swegon_AHU_QuickGuide.pdf,4,치수·중량 — Swegon_AHU_QuickGuide.pdf p4,sfp20Airflow,SFP 2.0 / 200 Pa 풍량,9000,m³/h
swegon-iqlogic-gold-rx-px-cx-sd-ahu-modbus,e5,Swegon,IQlogic — GOLD RX/PX/CX/SD AHU (Modbus),GOLD RX 025+,capacityClass,packagedUnit,extracted,Swegon_AHU_QuickGuide.pdf,4,치수·중량 — Swegon_AHU_QuickGuide.pdf p4,airflowConfiguration,기류 구성,GOLD RX,
swegon-iqlogic-gold-rx-px-cx-sd-ahu-modbus,e5,Swegon,IQlogic — GOLD RX/PX/CX/SD AHU (Modbus),GOLD RX 025+,capacityClass,packagedUnit,extracted,Swegon_AHU_QuickGuide.pdf,4,치수·중량 — Swegon_AHU_QuickGuide.pdf p4,capacityClass,용량대,크기 025+,
swegon-iqlogic-gold-rx-px-cx-sd-ahu-modbus,e5,Swegon,IQlogic — GOLD RX/PX/CX/SD AHU (Modbus),GOLD RX 025+,capacityClass,packagedUnit,extracted,Swegon_AHU_QuickGuide.pdf,4,치수·중량 — Swegon_AHU_QuickGuide.pdf p4,ecodesignAirflow,Ecodesign 풍량,1080 - 9000,m³/h
swegon-iqlogic-gold-rx-px-cx-sd-ahu-modbus,e5,Swegon,IQlogic — GOLD RX/PX/CX/SD AHU (Modbus),GOLD RX 025+,capacityClass,packagedUnit,extracted,Swegon_AHU_QuickGuide.pdf,4,치수·중량 — Swegon_AHU_QuickGuide.pdf p4,ratedAirflow,정격 풍량,1080 - 9000,m³/h
swegon-iqlogic-gold-rx-px-cx-sd-ahu-modbus,e5,Swegon,IQlogic — GOLD RX/PX/CX/SD AHU (Modbus),GOLD RX 025+,capacityClass,packagedUnit,extracted,Swegon_AHU_QuickGuide.pdf,4,치수·중량 — Swegon_AHU_QuickGuide.pdf p4,sfp15Airflow,SFP 1.5 / 150 Pa 풍량,8640,m³/h
swegon-iqlogic-gold-rx-px-cx-sd-ahu-modbus,e5,Swegon,IQlogic — GOLD RX/PX/CX/SD AHU (Modbus),GOLD RX 025+,capacityClass,packagedUnit,extracted,Swegon_AHU_QuickGuide.pdf,4,치수·중량 — Swegon_AHU_QuickGuide.pdf p4,sfp20Airflow,SFP 2.0 / 200 Pa 풍량,9000,m³/h
swegon-iqlogic-gold-rx-px-cx-sd-ahu-modbus,e5,Swegon,IQlogic — GOLD RX/PX/CX/SD AHU (Modbus),GOLD RX 030,capacityClass,packagedUnit,extracted,Swegon_AHU_QuickGuide.pdf,4,치수·중량 — Swegon_AHU_QuickGuide.pdf p4,airflowConfiguration,기류 구성,GOLD RX,
swegon-iqlogic-gold-rx-px-cx-sd-ahu-modbus,e5,Swegon,IQlogic — GOLD RX/PX/CX/SD AHU (Modbus),GOLD RX 030,capacityClass,packagedUnit,extracted,Swegon_AHU_QuickGuide.pdf,4,치수·중량 — Swegon_AHU_QuickGuide.pdf p4,capacityClass,용량대,크기 030,
swegon-iqlogic-gold-rx-px-cx-sd-ahu-modbus,e5,Swegon,IQlogic — GOLD RX/PX/CX/SD AHU (Modbus),GOLD RX 030,capacityClass,packagedUnit,extracted,Swegon_AHU_QuickGuide.pdf,4,치수·중량 — Swegon_AHU_QuickGuide.pdf p4,ecodesignAirflow,Ecodesign 풍량,1080 - 9000,m³/h
swegon-iqlogic-gold-rx-px-cx-sd-ahu-modbus,e5,Swegon,IQlogic — GOLD RX/PX/CX/SD AHU (Modbus),GOLD RX 030,capacityClass,packagedUnit,extracted,Swegon_AHU_QuickGuide.pdf,4,치수·중량 — Swegon_AHU_QuickGuide.pdf p4,ratedAirflow,정격 풍량,1080 - 9000,m³/h
swegon-iqlogic-gold-rx-px-cx-sd-ahu-modbus,e5,Swegon,IQlogic — GOLD RX/PX/CX/SD AHU (Modbus),GOLD RX 030,capacityClass,packagedUnit,extracted,Swegon_AHU_QuickGuide.pdf,4,치수·중량 — Swegon_AHU_QuickGuide.pdf p4,sfp15Airflow,SFP 1.5 / 150 Pa 풍량,7920,m³/h
swegon-iqlogic-gold-rx-px-cx-sd-ahu-modbus,e5,Swegon,IQlogic — GOLD RX/PX/CX/SD AHU (Modbus),GOLD RX 030,capacityClass,packagedUnit,extracted,Swegon_AHU_QuickGuide.pdf,4,치수·중량 — Swegon_AHU_QuickGuide.pdf p4,sfp20Airflow,SFP 2.0 / 200 Pa 풍량,9720,m³/h
swegon-iqlogic-gold-rx-px-cx-sd-ahu-modbus,e5,Swegon,IQlogic — GOLD RX/PX/CX/SD AHU (Modbus),GOLD RX 030+,capacityClass,packagedUnit,extracted,Swegon_AHU_QuickGuide.pdf,4,치수·중량 — Swegon_AHU_QuickGuide.pdf p4,airflowConfiguration,기류 구성,GOLD RX,
swegon-iqlogic-gold-rx-px-cx-sd-ahu-modbus,e5,Swegon,IQlogic — GOLD RX/PX/CX/SD AHU (Modbus),GOLD RX 030+,capacityClass,packagedUnit,extracted,Swegon_AHU_QuickGuide.pdf,4,치수·중량 — Swegon_AHU_QuickGuide.pdf p4,capacityClass,용량대,크기 030+,
swegon-iqlogic-gold-rx-px-cx-sd-ahu-modbus,e5,Swegon,IQlogic — GOLD RX/PX/CX/SD AHU (Modbus),GOLD RX 030+,capacityClass,packagedUnit,extracted,Swegon_AHU_QuickGuide.pdf,4,치수·중량 — Swegon_AHU_QuickGuide.pdf p4,ecodesignAirflow,Ecodesign 풍량,1080 - 10440,m³/h
swegon-iqlogic-gold-rx-px-cx-sd-ahu-modbus,e5,Swegon,IQlogic — GOLD RX/PX/CX/SD AHU (Modbus),GOLD RX 030+,capacityClass,packagedUnit,extracted,Swegon_AHU_QuickGuide.pdf,4,치수·중량 — Swegon_AHU_QuickGuide.pdf p4,ratedAirflow,정격 풍량,1080 - 10440,m³/h
swegon-iqlogic-gold-rx-px-cx-sd-ahu-modbus,e5,Swegon,IQlogic — GOLD RX/PX/CX/SD AHU (Modbus),GOLD RX 030+,capacityClass,packagedUnit,extracted,Swegon_AHU_QuickGuide.pdf,4,치수·중량 — Swegon_AHU_QuickGuide.pdf p4,sfp15Airflow,SFP 1.5 / 150 Pa 풍량,9360,m³/h
swegon-iqlogic-gold-rx-px-cx-sd-ahu-modbus,e5,Swegon,IQlogic — GOLD RX/PX/CX/SD AHU (Modbus),GOLD RX 030+,capacityClass,packagedUnit,extracted,Swegon_AHU_QuickGuide.pdf,4,치수·중량 — Swegon_AHU_QuickGuide.pdf p4,sfp20Airflow,SFP 2.0 / 200 Pa 풍량,11520,m³/h
swegon-iqlogic-gold-rx-px-cx-sd-ahu-modbus,e5,Swegon,IQlogic — GOLD RX/PX/CX/SD AHU (Modbus),GOLD RX 035,capacityClass,packagedUnit,extracted,Swegon_AHU_QuickGuide.pdf,4,치수·중량 — Swegon_AHU_QuickGuide.pdf p4,airflowConfiguration,기류 구성,GOLD RX,
swegon-iqlogic-gold-rx-px-cx-sd-ahu-modbus,e5,Swegon,IQlogic — GOLD RX/PX/CX/SD AHU (Modbus),GOLD RX 035,capacityClass,packagedUnit,extracted,Swegon_AHU_QuickGuide.pdf,4,치수·중량 — Swegon_AHU_QuickGuide.pdf p4,capacityClass,용량대,크기 035,
swegon-iqlogic-gold-rx-px-cx-sd-ahu-modbus,e5,Swegon,IQlogic — GOLD RX/PX/CX/SD AHU (Modbus),GOLD RX 035,capacityClass,packagedUnit,extracted,Swegon_AHU_QuickGuide.pdf,4,치수·중량 — Swegon_AHU_QuickGuide.pdf p4,ecodesignAirflow,Ecodesign 풍량,1800 - 12900,m³/h
swegon-iqlogic-gold-rx-px-cx-sd-ahu-modbus,e5,Swegon,IQlogic — GOLD RX/PX/CX/SD AHU (Modbus),GOLD RX 035,capacityClass,packagedUnit,extracted,Swegon_AHU_QuickGuide.pdf,4,치수·중량 — Swegon_AHU_QuickGuide.pdf p4,ratedAirflow,정격 풍량,1800 - 12900,m³/h
swegon-iqlogic-gold-rx-px-cx-sd-ahu-modbus,e5,Swegon,IQlogic — GOLD RX/PX/CX/SD AHU (Modbus),GOLD RX 035,capacityClass,packagedUnit,extracted,Swegon_AHU_QuickGuide.pdf,4,치수·중량 — Swegon_AHU_QuickGuide.pdf p4,sfp15Airflow,SFP 1.5 / 150 Pa 풍량,10860,m³/h
swegon-iqlogic-gold-rx-px-cx-sd-ahu-modbus,e5,Swegon,IQlogic — GOLD RX/PX/CX/SD AHU (Modbus),GOLD RX 035,capacityClass,packagedUnit,extracted,Swegon_AHU_QuickGuide.pdf,4,치수·중량 — Swegon_AHU_QuickGuide.pdf p4,sfp20Airflow,SFP 2.0 / 200 Pa 풍량,13069,m³/h
swegon-iqlogic-gold-rx-px-cx-sd-ahu-modbus,e5,Swegon,IQlogic — GOLD RX/PX/CX/SD AHU (Modbus),GOLD RX 040,capacityClass,packagedUnit,extracted,Swegon_AHU_QuickGuide.pdf,4,치수·중량 — Swegon_AHU_QuickGuide.pdf p4,airflowConfiguration,기류 구성,GOLD RX,
swegon-iqlogic-gold-rx-px-cx-sd-ahu-modbus,e5,Swegon,IQlogic — GOLD RX/PX/CX/SD AHU (Modbus),GOLD RX 040,capacityClass,packagedUnit,extracted,Swegon_AHU_QuickGuide.pdf,4,치수·중량 — Swegon_AHU_QuickGuide.pdf p4,capacityClass,용량대,크기 040,
swegon-iqlogic-gold-rx-px-cx-sd-ahu-modbus,e5,Swegon,IQlogic — GOLD RX/PX/CX/SD AHU (Modbus),GOLD RX 040,capacityClass,packagedUnit,extracted,Swegon_AHU_QuickGuide.pdf,4,치수·중량 — Swegon_AHU_QuickGuide.pdf p4,ecodesignAirflow,Ecodesign 풍량,2700 - 14000,m³/h
swegon-iqlogic-gold-rx-px-cx-sd-ahu-modbus,e5,Swegon,IQlogic — GOLD RX/PX/CX/SD AHU (Modbus),GOLD RX 040,capacityClass,packagedUnit,extracted,Swegon_AHU_QuickGuide.pdf,4,치수·중량 — Swegon_AHU_QuickGuide.pdf p4,ratedAirflow,정격 풍량,2700 - 14000,m³/h
swegon-iqlogic-gold-rx-px-cx-sd-ahu-modbus,e5,Swegon,IQlogic — GOLD RX/PX/CX/SD AHU (Modbus),GOLD RX 040,capacityClass,packagedUnit,extracted,Swegon_AHU_QuickGuide.pdf,4,치수·중량 — Swegon_AHU_QuickGuide.pdf p4,sfp15Airflow,SFP 1.5 / 150 Pa 풍량,11952,m³/h
swegon-iqlogic-gold-rx-px-cx-sd-ahu-modbus,e5,Swegon,IQlogic — GOLD RX/PX/CX/SD AHU (Modbus),GOLD RX 040,capacityClass,packagedUnit,extracted,Swegon_AHU_QuickGuide.pdf,4,치수·중량 — Swegon_AHU_QuickGuide.pdf p4,sfp20Airflow,SFP 2.0 / 200 Pa 풍량,14976,m³/h
swegon-iqlogic-gold-rx-px-cx-sd-ahu-modbus,e5,Swegon,IQlogic — GOLD RX/PX/CX/SD AHU (Modbus),GOLD RX 050,capacityClass,packagedUnit,extracted,Swegon_AHU_QuickGuide.pdf,4,치수·중량 — Swegon_AHU_QuickGuide.pdf p4,airflowConfiguration,기류 구성,GOLD RX,
swegon-iqlogic-gold-rx-px-cx-sd-ahu-modbus,e5,Swegon,IQlogic — GOLD RX/PX/CX/SD AHU (Modbus),GOLD RX 050,capacityClass,packagedUnit,extracted,Swegon_AHU_QuickGuide.pdf,4,치수·중량 — Swegon_AHU_QuickGuide.pdf p4,capacityClass,용량대,크기 050,
swegon-iqlogic-gold-rx-px-cx-sd-ahu-modbus,e5,Swegon,IQlogic — GOLD RX/PX/CX/SD AHU (Modbus),GOLD RX 050,capacityClass,packagedUnit,extracted,Swegon_AHU_QuickGuide.pdf,4,치수·중량 — Swegon_AHU_QuickGuide.pdf p4,ecodesignAirflow,Ecodesign 풍량,2700 - 17800,m³/h
swegon-iqlogic-gold-rx-px-cx-sd-ahu-modbus,e5,Swegon,IQlogic — GOLD RX/PX/CX/SD AHU (Modbus),GOLD RX 050,capacityClass,packagedUnit,extracted,Swegon_AHU_QuickGuide.pdf,4,치수·중량 — Swegon_AHU_QuickGuide.pdf p4,ratedAirflow,정격 풍량,2700 - 17800,m³/h
swegon-iqlogic-gold-rx-px-cx-sd-ahu-modbus,e5,Swegon,IQlogic — GOLD RX/PX/CX/SD AHU (Modbus),GOLD RX 050,capacityClass,packagedUnit,extracted,Swegon_AHU_QuickGuide.pdf,4,치수·중량 — Swegon_AHU_QuickGuide.pdf p4,sfp15Airflow,SFP 1.5 / 150 Pa 풍량,15120,m³/h
swegon-iqlogic-gold-rx-px-cx-sd-ahu-modbus,e5,Swegon,IQlogic — GOLD RX/PX/CX/SD AHU (Modbus),GOLD RX 050,capacityClass,packagedUnit,extracted,Swegon_AHU_QuickGuide.pdf,4,치수·중량 — Swegon_AHU_QuickGuide.pdf p4,sfp20Airflow,SFP 2.0 / 200 Pa 풍량,18000,m³/h
swegon-iqlogic-gold-rx-px-cx-sd-ahu-modbus,e5,Swegon,IQlogic — GOLD RX/PX/CX/SD AHU (Modbus),GOLD RX 060,capacityClass,packagedUnit,extracted,Swegon_AHU_QuickGuide.pdf,4,치수·중량 — Swegon_AHU_QuickGuide.pdf p4,airflowConfiguration,기류 구성,GOLD RX,
swegon-iqlogic-gold-rx-px-cx-sd-ahu-modbus,e5,Swegon,IQlogic — GOLD RX/PX/CX/SD AHU (Modbus),GOLD RX 060,capacityClass,packagedUnit,extracted,Swegon_AHU_QuickGuide.pdf,4,치수·중량 — Swegon_AHU_QuickGuide.pdf p4,capacityClass,용량대,크기 060,
swegon-iqlogic-gold-rx-px-cx-sd-ahu-modbus,e5,Swegon,IQlogic — GOLD RX/PX/CX/SD AHU (Modbus),GOLD RX 060,capacityClass,packagedUnit,extracted,Swegon_AHU_QuickGuide.pdf,4,치수·중량 — Swegon_AHU_QuickGuide.pdf p4,ecodesignAirflow,Ecodesign 풍량,3600 - 18500,m³/h
swegon-iqlogic-gold-rx-px-cx-sd-ahu-modbus,e5,Swegon,IQlogic — GOLD RX/PX/CX/SD AHU (Modbus),GOLD RX 060,capacityClass,packagedUnit,extracted,Swegon_AHU_QuickGuide.pdf,4,치수·중량 — Swegon_AHU_QuickGuide.pdf p4,ratedAirflow,정격 풍량,3600 - 18500,m³/h
swegon-iqlogic-gold-rx-px-cx-sd-ahu-modbus,e5,Swegon,IQlogic — GOLD RX/PX/CX/SD AHU (Modbus),GOLD RX 060,capacityClass,packagedUnit,extracted,Swegon_AHU_QuickGuide.pdf,4,치수·중량 — Swegon_AHU_QuickGuide.pdf p4,sfp15Airflow,SFP 1.5 / 150 Pa 풍량,15583,m³/h
swegon-iqlogic-gold-rx-px-cx-sd-ahu-modbus,e5,Swegon,IQlogic — GOLD RX/PX/CX/SD AHU (Modbus),GOLD RX 060,capacityClass,packagedUnit,extracted,Swegon_AHU_QuickGuide.pdf,4,치수·중량 — Swegon_AHU_QuickGuide.pdf p4,sfp20Airflow,SFP 2.0 / 200 Pa 풍량,19667,m³/h
swegon-iqlogic-gold-rx-px-cx-sd-ahu-modbus,e5,Swegon,IQlogic — GOLD RX/PX/CX/SD AHU (Modbus),GOLD RX 070,capacityClass,packagedUnit,extracted,Swegon_AHU_QuickGuide.pdf,4,치수·중량 — Swegon_AHU_QuickGuide.pdf p4,airflowConfiguration,기류 구성,GOLD RX,
swegon-iqlogic-gold-rx-px-cx-sd-ahu-modbus,e5,Swegon,IQlogic — GOLD RX/PX/CX/SD AHU (Modbus),GOLD RX 070,capacityClass,packagedUnit,extracted,Swegon_AHU_QuickGuide.pdf,4,치수·중량 — Swegon_AHU_QuickGuide.pdf p4,capacityClass,용량대,크기 070,
swegon-iqlogic-gold-rx-px-cx-sd-ahu-modbus,e5,Swegon,IQlogic — GOLD RX/PX/CX/SD AHU (Modbus),GOLD RX 070,capacityClass,packagedUnit,extracted,Swegon_AHU_QuickGuide.pdf,4,치수·중량 — Swegon_AHU_QuickGuide.pdf p4,ecodesignAirflow,Ecodesign 풍량,3600 - 25200,m³/h
swegon-iqlogic-gold-rx-px-cx-sd-ahu-modbus,e5,Swegon,IQlogic — GOLD RX/PX/CX/SD AHU (Modbus),GOLD RX 070,capacityClass,packagedUnit,extracted,Swegon_AHU_QuickGuide.pdf,4,치수·중량 — Swegon_AHU_QuickGuide.pdf p4,ratedAirflow,정격 풍량,3600 - 25200,m³/h
swegon-iqlogic-gold-rx-px-cx-sd-ahu-modbus,e5,Swegon,IQlogic — GOLD RX/PX/CX/SD AHU (Modbus),GOLD RX 070,capacityClass,packagedUnit,extracted,Swegon_AHU_QuickGuide.pdf,4,치수·중량 — Swegon_AHU_QuickGuide.pdf p4,sfp15Airflow,SFP 1.5 / 150 Pa 풍량,22680,m³/h
swegon-iqlogic-gold-rx-px-cx-sd-ahu-modbus,e5,Swegon,IQlogic — GOLD RX/PX/CX/SD AHU (Modbus),GOLD RX 070,capacityClass,packagedUnit,extracted,Swegon_AHU_QuickGuide.pdf,4,치수·중량 — Swegon_AHU_QuickGuide.pdf p4,sfp20Airflow,SFP 2.0 / 200 Pa 풍량,26640,m³/h
swegon-iqlogic-gold-rx-px-cx-sd-ahu-modbus,e5,Swegon,IQlogic — GOLD RX/PX/CX/SD AHU (Modbus),GOLD RX 070+,capacityClass,packagedUnit,extracted,Swegon_AHU_QuickGuide.pdf,4,치수·중량 — Swegon_AHU_QuickGuide.pdf p4,airflowConfiguration,기류 구성,GOLD RX,
swegon-iqlogic-gold-rx-px-cx-sd-ahu-modbus,e5,Swegon,IQlogic — GOLD RX/PX/CX/SD AHU (Modbus),GOLD RX 070+,capacityClass,packagedUnit,extracted,Swegon_AHU_QuickGuide.pdf,4,치수·중량 — Swegon_AHU_QuickGuide.pdf p4,capacityClass,용량대,크기 070+,
swegon-iqlogic-gold-rx-px-cx-sd-ahu-modbus,e5,Swegon,IQlogic — GOLD RX/PX/CX/SD AHU (Modbus),GOLD RX 070+,capacityClass,packagedUnit,extracted,Swegon_AHU_QuickGuide.pdf,4,치수·중량 — Swegon_AHU_QuickGuide.pdf p4,ecodesignAirflow,Ecodesign 풍량,3600 - 28800,m³/h
swegon-iqlogic-gold-rx-px-cx-sd-ahu-modbus,e5,Swegon,IQlogic — GOLD RX/PX/CX/SD AHU (Modbus),GOLD RX 070+,capacityClass,packagedUnit,extracted,Swegon_AHU_QuickGuide.pdf,4,치수·중량 — Swegon_AHU_QuickGuide.pdf p4,ratedAirflow,정격 풍량,3600 - 28800,m³/h
swegon-iqlogic-gold-rx-px-cx-sd-ahu-modbus,e5,Swegon,IQlogic — GOLD RX/PX/CX/SD AHU (Modbus),GOLD RX 070+,capacityClass,packagedUnit,extracted,Swegon_AHU_QuickGuide.pdf,4,치수·중량 — Swegon_AHU_QuickGuide.pdf p4,sfp15Airflow,SFP 1.5 / 150 Pa 풍량,25560,m³/h
swegon-iqlogic-gold-rx-px-cx-sd-ahu-modbus,e5,Swegon,IQlogic — GOLD RX/PX/CX/SD AHU (Modbus),GOLD RX 070+,capacityClass,packagedUnit,extracted,Swegon_AHU_QuickGuide.pdf,4,치수·중량 — Swegon_AHU_QuickGuide.pdf p4,sfp20Airflow,SFP 2.0 / 200 Pa 풍량,28800,m³/h
swegon-iqlogic-gold-rx-px-cx-sd-ahu-modbus,e5,Swegon,IQlogic — GOLD RX/PX/CX/SD AHU (Modbus),GOLD RX 080,capacityClass,packagedUnit,extracted,Swegon_AHU_QuickGuide.pdf,4,치수·중량 — Swegon_AHU_QuickGuide.pdf p4,airflowConfiguration,기류 구성,GOLD RX,
swegon-iqlogic-gold-rx-px-cx-sd-ahu-modbus,e5,Swegon,IQlogic — GOLD RX/PX/CX/SD AHU (Modbus),GOLD RX 080,capacityClass,packagedUnit,extracted,Swegon_AHU_QuickGuide.pdf,4,치수·중량 — Swegon_AHU_QuickGuide.pdf p4,capacityClass,용량대,크기 080,
swegon-iqlogic-gold-rx-px-cx-sd-ahu-modbus,e5,Swegon,IQlogic — GOLD RX/PX/CX/SD AHU (Modbus),GOLD RX 080,capacityClass,packagedUnit,extracted,Swegon_AHU_QuickGuide.pdf,4,치수·중량 — Swegon_AHU_QuickGuide.pdf p4,ecodesignAirflow,Ecodesign 풍량,5400 - 25200,m³/h
swegon-iqlogic-gold-rx-px-cx-sd-ahu-modbus,e5,Swegon,IQlogic — GOLD RX/PX/CX/SD AHU (Modbus),GOLD RX 080,capacityClass,packagedUnit,extracted,Swegon_AHU_QuickGuide.pdf,4,치수·중량 — Swegon_AHU_QuickGuide.pdf p4,ratedAirflow,정격 풍량,5400 - 25200,m³/h
swegon-iqlogic-gold-rx-px-cx-sd-ahu-modbus,e5,Swegon,IQlogic — GOLD RX/PX/CX/SD AHU (Modbus),GOLD RX 080,capacityClass,packagedUnit,extracted,Swegon_AHU_QuickGuide.pdf,4,치수·중량 — Swegon_AHU_QuickGuide.pdf p4,sfp15Airflow,SFP 1.5 / 150 Pa 풍량,22680,m³/h
swegon-iqlogic-gold-rx-px-cx-sd-ahu-modbus,e5,Swegon,IQlogic — GOLD RX/PX/CX/SD AHU (Modbus),GOLD RX 080,capacityClass,packagedUnit,extracted,Swegon_AHU_QuickGuide.pdf,4,치수·중량 — Swegon_AHU_QuickGuide.pdf p4,sfp20Airflow,SFP 2.0 / 200 Pa 풍량,27360,m³/h
swegon-iqlogic-gold-rx-px-cx-sd-ahu-modbus,e5,Swegon,IQlogic — GOLD RX/PX/CX/SD AHU (Modbus),GOLD RX 080+,capacityClass,packagedUnit,extracted,Swegon_AHU_QuickGuide.pdf,4,치수·중량 — Swegon_AHU_QuickGuide.pdf p4,airflowConfiguration,기류 구성,GOLD RX,
swegon-iqlogic-gold-rx-px-cx-sd-ahu-modbus,e5,Swegon,IQlogic — GOLD RX/PX/CX/SD AHU (Modbus),GOLD RX 080+,capacityClass,packagedUnit,extracted,Swegon_AHU_QuickGuide.pdf,4,치수·중량 — Swegon_AHU_QuickGuide.pdf p4,capacityClass,용량대,크기 080+,
swegon-iqlogic-gold-rx-px-cx-sd-ahu-modbus,e5,Swegon,IQlogic — GOLD RX/PX/CX/SD AHU (Modbus),GOLD RX 080+,capacityClass,packagedUnit,extracted,Swegon_AHU_QuickGuide.pdf,4,치수·중량 — Swegon_AHU_QuickGuide.pdf p4,ecodesignAirflow,Ecodesign 풍량,5400 - 31320,m³/h
swegon-iqlogic-gold-rx-px-cx-sd-ahu-modbus,e5,Swegon,IQlogic — GOLD RX/PX/CX/SD AHU (Modbus),GOLD RX 080+,capacityClass,packagedUnit,extracted,Swegon_AHU_QuickGuide.pdf,4,치수·중량 — Swegon_AHU_QuickGuide.pdf p4,ratedAirflow,정격 풍량,5400 - 31320,m³/h
swegon-iqlogic-gold-rx-px-cx-sd-ahu-modbus,e5,Swegon,IQlogic — GOLD RX/PX/CX/SD AHU (Modbus),GOLD RX 080+,capacityClass,packagedUnit,extracted,Swegon_AHU_QuickGuide.pdf,4,치수·중량 — Swegon_AHU_QuickGuide.pdf p4,sfp15Airflow,SFP 1.5 / 150 Pa 풍량,27000,m³/h
swegon-iqlogic-gold-rx-px-cx-sd-ahu-modbus,e5,Swegon,IQlogic — GOLD RX/PX/CX/SD AHU (Modbus),GOLD RX 080+,capacityClass,packagedUnit,extracted,Swegon_AHU_QuickGuide.pdf,4,치수·중량 — Swegon_AHU_QuickGuide.pdf p4,sfp20Airflow,SFP 2.0 / 200 Pa 풍량,31320,m³/h
swegon-iqlogic-gold-rx-px-cx-sd-ahu-modbus,e5,Swegon,IQlogic — GOLD RX/PX/CX/SD AHU (Modbus),GOLD RX 100,capacityClass,packagedUnit,extracted,Swegon_AHU_QuickGuide.pdf,4,치수·중량 — Swegon_AHU_QuickGuide.pdf p4,airflowConfiguration,기류 구성,GOLD RX,
swegon-iqlogic-gold-rx-px-cx-sd-ahu-modbus,e5,Swegon,IQlogic — GOLD RX/PX/CX/SD AHU (Modbus),GOLD RX 100,capacityClass,packagedUnit,extracted,Swegon_AHU_QuickGuide.pdf,4,치수·중량 — Swegon_AHU_QuickGuide.pdf p4,capacityClass,용량대,크기 100,
swegon-iqlogic-gold-rx-px-cx-sd-ahu-modbus,e5,Swegon,IQlogic — GOLD RX/PX/CX/SD AHU (Modbus),GOLD RX 100,capacityClass,packagedUnit,extracted,Swegon_AHU_QuickGuide.pdf,4,치수·중량 — Swegon_AHU_QuickGuide.pdf p4,ecodesignAirflow,Ecodesign 풍량,5400 - 37950,m³/h
swegon-iqlogic-gold-rx-px-cx-sd-ahu-modbus,e5,Swegon,IQlogic — GOLD RX/PX/CX/SD AHU (Modbus),GOLD RX 100,capacityClass,packagedUnit,extracted,Swegon_AHU_QuickGuide.pdf,4,치수·중량 — Swegon_AHU_QuickGuide.pdf p4,ratedAirflow,정격 풍량,5400 - 37950,m³/h
swegon-iqlogic-gold-rx-px-cx-sd-ahu-modbus,e5,Swegon,IQlogic — GOLD RX/PX/CX/SD AHU (Modbus),GOLD RX 100,capacityClass,packagedUnit,extracted,Swegon_AHU_QuickGuide.pdf,4,치수·중량 — Swegon_AHU_QuickGuide.pdf p4,sfp15Airflow,SFP 1.5 / 150 Pa 풍량,31320,m³/h
swegon-iqlogic-gold-rx-px-cx-sd-ahu-modbus,e5,Swegon,IQlogic — GOLD RX/PX/CX/SD AHU (Modbus),GOLD RX 100,capacityClass,packagedUnit,extracted,Swegon_AHU_QuickGuide.pdf,4,치수·중량 — Swegon_AHU_QuickGuide.pdf p4,sfp20Airflow,SFP 2.0 / 200 Pa 풍량,38618,m³/h
swegon-iqlogic-gold-rx-px-cx-sd-ahu-modbus,e5,Swegon,IQlogic — GOLD RX/PX/CX/SD AHU (Modbus),GOLD RX 120,capacityClass,packagedUnit,extracted,Swegon_AHU_QuickGuide.pdf,4,치수·중량 — Swegon_AHU_QuickGuide.pdf p4,airflowConfiguration,기류 구성,GOLD RX,
swegon-iqlogic-gold-rx-px-cx-sd-ahu-modbus,e5,Swegon,IQlogic — GOLD RX/PX/CX/SD AHU (Modbus),GOLD RX 120,capacityClass,packagedUnit,extracted,Swegon_AHU_QuickGuide.pdf,4,치수·중량 — Swegon_AHU_QuickGuide.pdf p4,capacityClass,용량대,크기 120,
swegon-iqlogic-gold-rx-px-cx-sd-ahu-modbus,e5,Swegon,IQlogic — GOLD RX/PX/CX/SD AHU (Modbus),GOLD RX 120,capacityClass,packagedUnit,extracted,Swegon_AHU_QuickGuide.pdf,4,치수·중량 — Swegon_AHU_QuickGuide.pdf p4,ecodesignAirflow,Ecodesign 풍량,9000 - 39180,m³/h
swegon-iqlogic-gold-rx-px-cx-sd-ahu-modbus,e5,Swegon,IQlogic — GOLD RX/PX/CX/SD AHU (Modbus),GOLD RX 120,capacityClass,packagedUnit,extracted,Swegon_AHU_QuickGuide.pdf,4,치수·중량 — Swegon_AHU_QuickGuide.pdf p4,ratedAirflow,정격 풍량,9000 - 39180,m³/h
swegon-iqlogic-gold-rx-px-cx-sd-ahu-modbus,e5,Swegon,IQlogic — GOLD RX/PX/CX/SD AHU (Modbus),GOLD RX 120,capacityClass,packagedUnit,extracted,Swegon_AHU_QuickGuide.pdf,4,치수·중량 — Swegon_AHU_QuickGuide.pdf p4,sfp15Airflow,SFP 1.5 / 150 Pa 풍량,32400,m³/h
swegon-iqlogic-gold-rx-px-cx-sd-ahu-modbus,e5,Swegon,IQlogic — GOLD RX/PX/CX/SD AHU (Modbus),GOLD RX 120,capacityClass,packagedUnit,extracted,Swegon_AHU_QuickGuide.pdf,4,치수·중량 — Swegon_AHU_QuickGuide.pdf p4,sfp20Airflow,SFP 2.0 / 200 Pa 풍량,40358,m³/h
swegon-iqlogic-gold-rx-px-cx-sd-ahu-modbus,e5,Swegon,IQlogic — GOLD RX/PX/CX/SD AHU (Modbus),GOLD RX Top 004 Top,capacityClass,packagedUnit,extracted,Swegon_AHU_QuickGuide.pdf,4,치수·중량 — Swegon_AHU_QuickGuide.pdf p4,airflowConfiguration,기류 구성,GOLD RX Top,
swegon-iqlogic-gold-rx-px-cx-sd-ahu-modbus,e5,Swegon,IQlogic — GOLD RX/PX/CX/SD AHU (Modbus),GOLD RX Top 004 Top,capacityClass,packagedUnit,extracted,Swegon_AHU_QuickGuide.pdf,4,치수·중량 — Swegon_AHU_QuickGuide.pdf p4,capacityClass,용량대,크기 004 Top,
swegon-iqlogic-gold-rx-px-cx-sd-ahu-modbus,e5,Swegon,IQlogic — GOLD RX/PX/CX/SD AHU (Modbus),GOLD RX Top 004 Top,capacityClass,packagedUnit,extracted,Swegon_AHU_QuickGuide.pdf,4,치수·중량 — Swegon_AHU_QuickGuide.pdf p4,ecodesignAirflow,Ecodesign 풍량,290 - 1620,m³/h
swegon-iqlogic-gold-rx-px-cx-sd-ahu-modbus,e5,Swegon,IQlogic — GOLD RX/PX/CX/SD AHU (Modbus),GOLD RX Top 004 Top,capacityClass,packagedUnit,extracted,Swegon_AHU_QuickGuide.pdf,4,치수·중량 — Swegon_AHU_QuickGuide.pdf p4,ratedAirflow,정격 풍량,290 - 1620,m³/h
swegon-iqlogic-gold-rx-px-cx-sd-ahu-modbus,e5,Swegon,IQlogic — GOLD RX/PX/CX/SD AHU (Modbus),GOLD RX Top 004 Top,capacityClass,packagedUnit,extracted,Swegon_AHU_QuickGuide.pdf,4,치수·중량 — Swegon_AHU_QuickGuide.pdf p4,sfp15Airflow,SFP 1.5 / 150 Pa 풍량,1215,m³/h
swegon-iqlogic-gold-rx-px-cx-sd-ahu-modbus,e5,Swegon,IQlogic — GOLD RX/PX/CX/SD AHU (Modbus),GOLD RX Top 004 Top,capacityClass,packagedUnit,extracted,Swegon_AHU_QuickGuide.pdf,4,치수·중량 — Swegon_AHU_QuickGuide.pdf p4,sfp20Airflow,SFP 2.0 / 200 Pa 풍량,1618,m³/h
swegon-iqlogic-gold-rx-px-cx-sd-ahu-modbus,e5,Swegon,IQlogic — GOLD RX/PX/CX/SD AHU (Modbus),GOLD RX Top 005 Top,capacityClass,packagedUnit,extracted,Swegon_AHU_QuickGuide.pdf,4,치수·중량 — Swegon_AHU_QuickGuide.pdf p4,airflowConfiguration,기류 구성,GOLD RX Top,
swegon-iqlogic-gold-rx-px-cx-sd-ahu-modbus,e5,Swegon,IQlogic — GOLD RX/PX/CX/SD AHU (Modbus),GOLD RX Top 005 Top,capacityClass,packagedUnit,extracted,Swegon_AHU_QuickGuide.pdf,4,치수·중량 — Swegon_AHU_QuickGuide.pdf p4,capacityClass,용량대,크기 005 Top,
swegon-iqlogic-gold-rx-px-cx-sd-ahu-modbus,e5,Swegon,IQlogic — GOLD RX/PX/CX/SD AHU (Modbus),GOLD RX Top 005 Top,capacityClass,packagedUnit,extracted,Swegon_AHU_QuickGuide.pdf,4,치수·중량 — Swegon_AHU_QuickGuide.pdf p4,ecodesignAirflow,Ecodesign 풍량,290 - 1840,m³/h
swegon-iqlogic-gold-rx-px-cx-sd-ahu-modbus,e5,Swegon,IQlogic — GOLD RX/PX/CX/SD AHU (Modbus),GOLD RX Top 005 Top,capacityClass,packagedUnit,extracted,Swegon_AHU_QuickGuide.pdf,4,치수·중량 — Swegon_AHU_QuickGuide.pdf p4,ratedAirflow,정격 풍량,290 - 1840,m³/h
swegon-iqlogic-gold-rx-px-cx-sd-ahu-modbus,e5,Swegon,IQlogic — GOLD RX/PX/CX/SD AHU (Modbus),GOLD RX Top 005 Top,capacityClass,packagedUnit,extracted,Swegon_AHU_QuickGuide.pdf,4,치수·중량 — Swegon_AHU_QuickGuide.pdf p4,sfp15Airflow,SFP 1.5 / 150 Pa 풍량,1215,m³/h
swegon-iqlogic-gold-rx-px-cx-sd-ahu-modbus,e5,Swegon,IQlogic — GOLD RX/PX/CX/SD AHU (Modbus),GOLD RX Top 005 Top,capacityClass,packagedUnit,extracted,Swegon_AHU_QuickGuide.pdf,4,치수·중량 — Swegon_AHU_QuickGuide.pdf p4,sfp20Airflow,SFP 2.0 / 200 Pa 풍량,1618,m³/h
swegon-iqlogic-gold-rx-px-cx-sd-ahu-modbus,e5,Swegon,IQlogic — GOLD RX/PX/CX/SD AHU (Modbus),GOLD RX Top 007 Top,capacityClass,packagedUnit,extracted,Swegon_AHU_QuickGuide.pdf,4,치수·중량 — Swegon_AHU_QuickGuide.pdf p4,airflowConfiguration,기류 구성,GOLD RX Top,
swegon-iqlogic-gold-rx-px-cx-sd-ahu-modbus,e5,Swegon,IQlogic — GOLD RX/PX/CX/SD AHU (Modbus),GOLD RX Top 007 Top,capacityClass,packagedUnit,extracted,Swegon_AHU_QuickGuide.pdf,4,치수·중량 — Swegon_AHU_QuickGuide.pdf p4,capacityClass,용량대,크기 007 Top,
swegon-iqlogic-gold-rx-px-cx-sd-ahu-modbus,e5,Swegon,IQlogic — GOLD RX/PX/CX/SD AHU (Modbus),GOLD RX Top 007 Top,capacityClass,packagedUnit,extracted,Swegon_AHU_QuickGuide.pdf,4,치수·중량 — Swegon_AHU_QuickGuide.pdf p4,ecodesignAirflow,Ecodesign 풍량,290 - 2540,m³/h
swegon-iqlogic-gold-rx-px-cx-sd-ahu-modbus,e5,Swegon,IQlogic — GOLD RX/PX/CX/SD AHU (Modbus),GOLD RX Top 007 Top,capacityClass,packagedUnit,extracted,Swegon_AHU_QuickGuide.pdf,4,치수·중량 — Swegon_AHU_QuickGuide.pdf p4,ratedAirflow,정격 풍량,290 - 2540,m³/h
swegon-iqlogic-gold-rx-px-cx-sd-ahu-modbus,e5,Swegon,IQlogic — GOLD RX/PX/CX/SD AHU (Modbus),GOLD RX Top 007 Top,capacityClass,packagedUnit,extracted,Swegon_AHU_QuickGuide.pdf,4,치수·중량 — Swegon_AHU_QuickGuide.pdf p4,sfp15Airflow,SFP 1.5 / 150 Pa 풍량,2028,m³/h
swegon-iqlogic-gold-rx-px-cx-sd-ahu-modbus,e5,Swegon,IQlogic — GOLD RX/PX/CX/SD AHU (Modbus),GOLD RX Top 007 Top,capacityClass,packagedUnit,extracted,Swegon_AHU_QuickGuide.pdf,4,치수·중량 — Swegon_AHU_QuickGuide.pdf p4,sfp20Airflow,SFP 2.0 / 200 Pa 풍량,2516,m³/h
swegon-iqlogic-gold-rx-px-cx-sd-ahu-modbus,e5,Swegon,IQlogic — GOLD RX/PX/CX/SD AHU (Modbus),GOLD RX Top 008 Top,capacityClass,packagedUnit,extracted,Swegon_AHU_QuickGuide.pdf,4,치수·중량 — Swegon_AHU_QuickGuide.pdf p4,airflowConfiguration,기류 구성,GOLD RX Top,
swegon-iqlogic-gold-rx-px-cx-sd-ahu-modbus,e5,Swegon,IQlogic — GOLD RX/PX/CX/SD AHU (Modbus),GOLD RX Top 008 Top,capacityClass,packagedUnit,extracted,Swegon_AHU_QuickGuide.pdf,4,치수·중량 — Swegon_AHU_QuickGuide.pdf p4,capacityClass,용량대,크기 008 Top,
swegon-iqlogic-gold-rx-px-cx-sd-ahu-modbus,e5,Swegon,IQlogic — GOLD RX/PX/CX/SD AHU (Modbus),GOLD RX Top 008 Top,capacityClass,packagedUnit,extracted,Swegon_AHU_QuickGuide.pdf,4,치수·중량 — Swegon_AHU_QuickGuide.pdf p4,ecodesignAirflow,Ecodesign 풍량,720 - 2770,m³/h
swegon-iqlogic-gold-rx-px-cx-sd-ahu-modbus,e5,Swegon,IQlogic — GOLD RX/PX/CX/SD AHU (Modbus),GOLD RX Top 008 Top,capacityClass,packagedUnit,extracted,Swegon_AHU_QuickGuide.pdf,4,치수·중량 — Swegon_AHU_QuickGuide.pdf p4,ratedAirflow,정격 풍량,720 - 2770,m³/h
swegon-iqlogic-gold-rx-px-cx-sd-ahu-modbus,e5,Swegon,IQlogic — GOLD RX/PX/CX/SD AHU (Modbus),GOLD RX Top 008 Top,capacityClass,packagedUnit,extracted,Swegon_AHU_QuickGuide.pdf,4,치수·중량 — Swegon_AHU_QuickGuide.pdf p4,sfp15Airflow,SFP 1.5 / 150 Pa 풍량,2099,m³/h
swegon-iqlogic-gold-rx-px-cx-sd-ahu-modbus,e5,Swegon,IQlogic — GOLD RX/PX/CX/SD AHU (Modbus),GOLD RX Top 008 Top,capacityClass,packagedUnit,extracted,Swegon_AHU_QuickGuide.pdf,4,치수·중량 — Swegon_AHU_QuickGuide.pdf p4,sfp20Airflow,SFP 2.0 / 200 Pa 풍량,2610,m³/h
swegon-iqlogic-gold-rx-px-cx-sd-ahu-modbus,e5,Swegon,IQlogic — GOLD RX/PX/CX/SD AHU (Modbus),GOLD RX Top 011 Top,capacityClass,packagedUnit,extracted,Swegon_AHU_QuickGuide.pdf,4,치수·중량 — Swegon_AHU_QuickGuide.pdf p4,airflowConfiguration,기류 구성,GOLD RX Top,
swegon-iqlogic-gold-rx-px-cx-sd-ahu-modbus,e5,Swegon,IQlogic — GOLD RX/PX/CX/SD AHU (Modbus),GOLD RX Top 011 Top,capacityClass,packagedUnit,extracted,Swegon_AHU_QuickGuide.pdf,4,치수·중량 — Swegon_AHU_QuickGuide.pdf p4,capacityClass,용량대,크기 011 Top,
swegon-iqlogic-gold-rx-px-cx-sd-ahu-modbus,e5,Swegon,IQlogic — GOLD RX/PX/CX/SD AHU (Modbus),GOLD RX Top 011 Top,capacityClass,packagedUnit,extracted,Swegon_AHU_QuickGuide.pdf,4,치수·중량 — Swegon_AHU_QuickGuide.pdf p4,ecodesignAirflow,Ecodesign 풍량,720 - 3950,m³/h
swegon-iqlogic-gold-rx-px-cx-sd-ahu-modbus,e5,Swegon,IQlogic — GOLD RX/PX/CX/SD AHU (Modbus),GOLD RX Top 011 Top,capacityClass,packagedUnit,extracted,Swegon_AHU_QuickGuide.pdf,4,치수·중량 — Swegon_AHU_QuickGuide.pdf p4,ratedAirflow,정격 풍량,720 - 3950,m³/h
swegon-iqlogic-gold-rx-px-cx-sd-ahu-modbus,e5,Swegon,IQlogic — GOLD RX/PX/CX/SD AHU (Modbus),GOLD RX Top 011 Top,capacityClass,packagedUnit,extracted,Swegon_AHU_QuickGuide.pdf,4,치수·중량 — Swegon_AHU_QuickGuide.pdf p4,sfp15Airflow,SFP 1.5 / 150 Pa 풍량,3186,m³/h
swegon-iqlogic-gold-rx-px-cx-sd-ahu-modbus,e5,Swegon,IQlogic — GOLD RX/PX/CX/SD AHU (Modbus),GOLD RX Top 011 Top,capacityClass,packagedUnit,extracted,Swegon_AHU_QuickGuide.pdf,4,치수·중량 — Swegon_AHU_QuickGuide.pdf p4,sfp20Airflow,SFP 2.0 / 200 Pa 풍량,3960,m³/h
swegon-iqlogic-gold-rx-px-cx-sd-ahu-modbus,e5,Swegon,IQlogic — GOLD RX/PX/CX/SD AHU (Modbus),GOLD RX Top 012 Top,capacityClass,packagedUnit,extracted,Swegon_AHU_QuickGuide.pdf,4,치수·중량 — Swegon_AHU_QuickGuide.pdf p4,airflowConfiguration,기류 구성,GOLD RX Top,
swegon-iqlogic-gold-rx-px-cx-sd-ahu-modbus,e5,Swegon,IQlogic — GOLD RX/PX/CX/SD AHU (Modbus),GOLD RX Top 012 Top,capacityClass,packagedUnit,extracted,Swegon_AHU_QuickGuide.pdf,4,치수·중량 — Swegon_AHU_QuickGuide.pdf p4,capacityClass,용량대,크기 012 Top,
swegon-iqlogic-gold-rx-px-cx-sd-ahu-modbus,e5,Swegon,IQlogic — GOLD RX/PX/CX/SD AHU (Modbus),GOLD RX Top 012 Top,capacityClass,packagedUnit,extracted,Swegon_AHU_QuickGuide.pdf,4,치수·중량 — Swegon_AHU_QuickGuide.pdf p4,ecodesignAirflow,Ecodesign 풍량,720 - 4270,m³/h
swegon-iqlogic-gold-rx-px-cx-sd-ahu-modbus,e5,Swegon,IQlogic — GOLD RX/PX/CX/SD AHU (Modbus),GOLD RX Top 012 Top,capacityClass,packagedUnit,extracted,Swegon_AHU_QuickGuide.pdf,4,치수·중량 — Swegon_AHU_QuickGuide.pdf p4,ratedAirflow,정격 풍량,720 - 4270,m³/h
swegon-iqlogic-gold-rx-px-cx-sd-ahu-modbus,e5,Swegon,IQlogic — GOLD RX/PX/CX/SD AHU (Modbus),GOLD RX Top 012 Top,capacityClass,packagedUnit,extracted,Swegon_AHU_QuickGuide.pdf,4,치수·중량 — Swegon_AHU_QuickGuide.pdf p4,sfp15Airflow,SFP 1.5 / 150 Pa 풍량,3288,m³/h
swegon-iqlogic-gold-rx-px-cx-sd-ahu-modbus,e5,Swegon,IQlogic — GOLD RX/PX/CX/SD AHU (Modbus),GOLD RX Top 012 Top,capacityClass,packagedUnit,extracted,Swegon_AHU_QuickGuide.pdf,4,치수·중량 — Swegon_AHU_QuickGuide.pdf p4,sfp20Airflow,SFP 2.0 / 200 Pa 풍량,4122,m³/h
swegon-iqlogic-gold-rx-px-cx-sd-ahu-modbus,e5,Swegon,IQlogic — GOLD RX/PX/CX/SD AHU (Modbus),GOLD RX Top 014 Top,capacityClass,packagedUnit,extracted,Swegon_AHU_QuickGuide.pdf,4,치수·중량 — Swegon_AHU_QuickGuide.pdf p4,airflowConfiguration,기류 구성,GOLD RX Top,
swegon-iqlogic-gold-rx-px-cx-sd-ahu-modbus,e5,Swegon,IQlogic — GOLD RX/PX/CX/SD AHU (Modbus),GOLD RX Top 014 Top,capacityClass,packagedUnit,extracted,Swegon_AHU_QuickGuide.pdf,4,치수·중량 — Swegon_AHU_QuickGuide.pdf p4,capacityClass,용량대,크기 014 Top,
swegon-iqlogic-gold-rx-px-cx-sd-ahu-modbus,e5,Swegon,IQlogic — GOLD RX/PX/CX/SD AHU (Modbus),GOLD RX Top 014 Top,capacityClass,packagedUnit,extracted,Swegon_AHU_QuickGuide.pdf,4,치수·중량 — Swegon_AHU_QuickGuide.pdf p4,ecodesignAirflow,Ecodesign 풍량,720 - 5940,m³/h
swegon-iqlogic-gold-rx-px-cx-sd-ahu-modbus,e5,Swegon,IQlogic — GOLD RX/PX/CX/SD AHU (Modbus),GOLD RX Top 014 Top,capacityClass,packagedUnit,extracted,Swegon_AHU_QuickGuide.pdf,4,치수·중량 — Swegon_AHU_QuickGuide.pdf p4,ratedAirflow,정격 풍량,720 - 5940,m³/h
swegon-iqlogic-gold-rx-px-cx-sd-ahu-modbus,e5,Swegon,IQlogic — GOLD RX/PX/CX/SD AHU (Modbus),GOLD RX Top 014 Top,capacityClass,packagedUnit,extracted,Swegon_AHU_QuickGuide.pdf,4,치수·중량 — Swegon_AHU_QuickGuide.pdf p4,sfp15Airflow,SFP 1.5 / 150 Pa 풍량,5400,m³/h
swegon-iqlogic-gold-rx-px-cx-sd-ahu-modbus,e5,Swegon,IQlogic — GOLD RX/PX/CX/SD AHU (Modbus),GOLD RX Top 014 Top,capacityClass,packagedUnit,extracted,Swegon_AHU_QuickGuide.pdf,4,치수·중량 — Swegon_AHU_QuickGuide.pdf p4,sfp20Airflow,SFP 2.0 / 200 Pa 풍량,5940,m³/h
swegon-iqlogic-gold-rx-px-cx-sd-ahu-modbus,e5,Swegon,IQlogic — GOLD RX/PX/CX/SD AHU (Modbus),GOLD RX Top 014+ Top,capacityClass,packagedUnit,extracted,Swegon_AHU_QuickGuide.pdf,4,치수·중량 — Swegon_AHU_QuickGuide.pdf p4,airflowConfiguration,기류 구성,GOLD RX Top,
swegon-iqlogic-gold-rx-px-cx-sd-ahu-modbus,e5,Swegon,IQlogic — GOLD RX/PX/CX/SD AHU (Modbus),GOLD RX Top 014+ Top,capacityClass,packagedUnit,extracted,Swegon_AHU_QuickGuide.pdf,4,치수·중량 — Swegon_AHU_QuickGuide.pdf p4,capacityClass,용량대,크기 014+ Top,
swegon-iqlogic-gold-rx-px-cx-sd-ahu-modbus,e5,Swegon,IQlogic — GOLD RX/PX/CX/SD AHU (Modbus),GOLD RX Top 014+ Top,capacityClass,packagedUnit,extracted,Swegon_AHU_QuickGuide.pdf,4,치수·중량 — Swegon_AHU_QuickGuide.pdf p4,ecodesignAirflow,Ecodesign 풍량,720 - 5940,m³/h
swegon-iqlogic-gold-rx-px-cx-sd-ahu-modbus,e5,Swegon,IQlogic — GOLD RX/PX/CX/SD AHU (Modbus),GOLD RX Top 014+ Top,capacityClass,packagedUnit,extracted,Swegon_AHU_QuickGuide.pdf,4,치수·중량 — Swegon_AHU_QuickGuide.pdf p4,ratedAirflow,정격 풍량,720 - 5940,m³/h
swegon-iqlogic-gold-rx-px-cx-sd-ahu-modbus,e5,Swegon,IQlogic — GOLD RX/PX/CX/SD AHU (Modbus),GOLD RX Top 014+ Top,capacityClass,packagedUnit,extracted,Swegon_AHU_QuickGuide.pdf,4,치수·중량 — Swegon_AHU_QuickGuide.pdf p4,sfp15Airflow,SFP 1.5 / 150 Pa 풍량,5760,m³/h
swegon-iqlogic-gold-rx-px-cx-sd-ahu-modbus,e5,Swegon,IQlogic — GOLD RX/PX/CX/SD AHU (Modbus),GOLD RX Top 014+ Top,capacityClass,packagedUnit,extracted,Swegon_AHU_QuickGuide.pdf,4,치수·중량 — Swegon_AHU_QuickGuide.pdf p4,sfp20Airflow,SFP 2.0 / 200 Pa 풍량,5940,m³/h
swegon-iqlogic-gold-rx-px-cx-sd-ahu-modbus,e5,Swegon,IQlogic — GOLD RX/PX/CX/SD AHU (Modbus),GOLD RX Top 020 Top,capacityClass,packagedUnit,extracted,Swegon_AHU_QuickGuide.pdf,4,치수·중량 — Swegon_AHU_QuickGuide.pdf p4,airflowConfiguration,기류 구성,GOLD RX Top,
swegon-iqlogic-gold-rx-px-cx-sd-ahu-modbus,e5,Swegon,IQlogic — GOLD RX/PX/CX/SD AHU (Modbus),GOLD RX Top 020 Top,capacityClass,packagedUnit,extracted,Swegon_AHU_QuickGuide.pdf,4,치수·중량 — Swegon_AHU_QuickGuide.pdf p4,capacityClass,용량대,크기 020 Top,
swegon-iqlogic-gold-rx-px-cx-sd-ahu-modbus,e5,Swegon,IQlogic — GOLD RX/PX/CX/SD AHU (Modbus),GOLD RX Top 020 Top,capacityClass,packagedUnit,extracted,Swegon_AHU_QuickGuide.pdf,4,치수·중량 — Swegon_AHU_QuickGuide.pdf p4,ecodesignAirflow,Ecodesign 풍량,1080 - 6530,m³/h
swegon-iqlogic-gold-rx-px-cx-sd-ahu-modbus,e5,Swegon,IQlogic — GOLD RX/PX/CX/SD AHU (Modbus),GOLD RX Top 020 Top,capacityClass,packagedUnit,extracted,Swegon_AHU_QuickGuide.pdf,4,치수·중량 — Swegon_AHU_QuickGuide.pdf p4,ratedAirflow,정격 풍량,1080 - 6530,m³/h
swegon-iqlogic-gold-rx-px-cx-sd-ahu-modbus,e5,Swegon,IQlogic — GOLD RX/PX/CX/SD AHU (Modbus),GOLD RX Top 020 Top,capacityClass,packagedUnit,extracted,Swegon_AHU_QuickGuide.pdf,4,치수·중량 — Swegon_AHU_QuickGuide.pdf p4,sfp15Airflow,SFP 1.5 / 150 Pa 풍량,5760,m³/h
swegon-iqlogic-gold-rx-px-cx-sd-ahu-modbus,e5,Swegon,IQlogic — GOLD RX/PX/CX/SD AHU (Modbus),GOLD RX Top 020 Top,capacityClass,packagedUnit,extracted,Swegon_AHU_QuickGuide.pdf,4,치수·중량 — Swegon_AHU_QuickGuide.pdf p4,sfp20Airflow,SFP 2.0 / 200 Pa 풍량,6840,m³/h
swegon-iqlogic-gold-rx-px-cx-sd-ahu-modbus,e5,Swegon,IQlogic — GOLD RX/PX/CX/SD AHU (Modbus),GOLD RX Top 020+ Top,capacityClass,packagedUnit,extracted,Swegon_AHU_QuickGuide.pdf,4,치수·중량 — Swegon_AHU_QuickGuide.pdf p4,airflowConfiguration,기류 구성,GOLD RX Top,
swegon-iqlogic-gold-rx-px-cx-sd-ahu-modbus,e5,Swegon,IQlogic — GOLD RX/PX/CX/SD AHU (Modbus),GOLD RX Top 020+ Top,capacityClass,packagedUnit,extracted,Swegon_AHU_QuickGuide.pdf,4,치수·중량 — Swegon_AHU_QuickGuide.pdf p4,capacityClass,용량대,크기 020+ Top,
swegon-iqlogic-gold-rx-px-cx-sd-ahu-modbus,e5,Swegon,IQlogic — GOLD RX/PX/CX/SD AHU (Modbus),GOLD RX Top 020+ Top,capacityClass,packagedUnit,extracted,Swegon_AHU_QuickGuide.pdf,4,치수·중량 — Swegon_AHU_QuickGuide.pdf p4,ecodesignAirflow,Ecodesign 풍량,1080 - 7200,m³/h
swegon-iqlogic-gold-rx-px-cx-sd-ahu-modbus,e5,Swegon,IQlogic — GOLD RX/PX/CX/SD AHU (Modbus),GOLD RX Top 020+ Top,capacityClass,packagedUnit,extracted,Swegon_AHU_QuickGuide.pdf,4,치수·중량 — Swegon_AHU_QuickGuide.pdf p4,ratedAirflow,정격 풍량,1080 - 7200,m³/h
swegon-iqlogic-gold-rx-px-cx-sd-ahu-modbus,e5,Swegon,IQlogic — GOLD RX/PX/CX/SD AHU (Modbus),GOLD RX Top 020+ Top,capacityClass,packagedUnit,extracted,Swegon_AHU_QuickGuide.pdf,4,치수·중량 — Swegon_AHU_QuickGuide.pdf p4,sfp15Airflow,SFP 1.5 / 150 Pa 풍량,6480,m³/h
swegon-iqlogic-gold-rx-px-cx-sd-ahu-modbus,e5,Swegon,IQlogic — GOLD RX/PX/CX/SD AHU (Modbus),GOLD RX Top 020+ Top,capacityClass,packagedUnit,extracted,Swegon_AHU_QuickGuide.pdf,4,치수·중량 — Swegon_AHU_QuickGuide.pdf p4,sfp20Airflow,SFP 2.0 / 200 Pa 풍량,7560,m³/h
swegon-iqlogic-gold-rx-px-cx-sd-ahu-modbus,e5,Swegon,IQlogic — GOLD RX/PX/CX/SD AHU (Modbus),GOLD RX Top 025 Top,capacityClass,packagedUnit,extracted,Swegon_AHU_QuickGuide.pdf,4,치수·중량 — Swegon_AHU_QuickGuide.pdf p4,airflowConfiguration,기류 구성,GOLD RX Top,
swegon-iqlogic-gold-rx-px-cx-sd-ahu-modbus,e5,Swegon,IQlogic — GOLD RX/PX/CX/SD AHU (Modbus),GOLD RX Top 025 Top,capacityClass,packagedUnit,extracted,Swegon_AHU_QuickGuide.pdf,4,치수·중량 — Swegon_AHU_QuickGuide.pdf p4,capacityClass,용량대,크기 025 Top,
swegon-iqlogic-gold-rx-px-cx-sd-ahu-modbus,e5,Swegon,IQlogic — GOLD RX/PX/CX/SD AHU (Modbus),GOLD RX Top 025 Top,capacityClass,packagedUnit,extracted,Swegon_AHU_QuickGuide.pdf,4,치수·중량 — Swegon_AHU_QuickGuide.pdf p4,ecodesignAirflow,Ecodesign 풍량,1080 - 8210,m³/h
swegon-iqlogic-gold-rx-px-cx-sd-ahu-modbus,e5,Swegon,IQlogic — GOLD RX/PX/CX/SD AHU (Modbus),GOLD RX Top 025 Top,capacityClass,packagedUnit,extracted,Swegon_AHU_QuickGuide.pdf,4,치수·중량 — Swegon_AHU_QuickGuide.pdf p4,ratedAirflow,정격 풍량,1080 - 8210,m³/h
swegon-iqlogic-gold-rx-px-cx-sd-ahu-modbus,e5,Swegon,IQlogic — GOLD RX/PX/CX/SD AHU (Modbus),GOLD RX Top 025 Top,capacityClass,packagedUnit,extracted,Swegon_AHU_QuickGuide.pdf,4,치수·중량 — Swegon_AHU_QuickGuide.pdf p4,sfp15Airflow,SFP 1.5 / 150 Pa 풍량,7560,m³/h
swegon-iqlogic-gold-rx-px-cx-sd-ahu-modbus,e5,Swegon,IQlogic — GOLD RX/PX/CX/SD AHU (Modbus),GOLD RX Top 025 Top,capacityClass,packagedUnit,extracted,Swegon_AHU_QuickGuide.pdf,4,치수·중량 — Swegon_AHU_QuickGuide.pdf p4,sfp20Airflow,SFP 2.0 / 200 Pa 풍량,9000,m³/h
swegon-iqlogic-gold-rx-px-cx-sd-ahu-modbus,e5,Swegon,IQlogic — GOLD RX/PX/CX/SD AHU (Modbus),GOLD RX Top 025+ Top,capacityClass,packagedUnit,extracted,Swegon_AHU_QuickGuide.pdf,4,치수·중량 — Swegon_AHU_QuickGuide.pdf p4,airflowConfiguration,기류 구성,GOLD RX Top,
swegon-iqlogic-gold-rx-px-cx-sd-ahu-modbus,e5,Swegon,IQlogic — GOLD RX/PX/CX/SD AHU (Modbus),GOLD RX Top 025+ Top,capacityClass,packagedUnit,extracted,Swegon_AHU_QuickGuide.pdf,4,치수·중량 — Swegon_AHU_QuickGuide.pdf p4,capacityClass,용량대,크기 025+ Top,
swegon-iqlogic-gold-rx-px-cx-sd-ahu-modbus,e5,Swegon,IQlogic — GOLD RX/PX/CX/SD AHU (Modbus),GOLD RX Top 025+ Top,capacityClass,packagedUnit,extracted,Swegon_AHU_QuickGuide.pdf,4,치수·중량 — Swegon_AHU_QuickGuide.pdf p4,ecodesignAirflow,Ecodesign 풍량,1080 - 9000,m³/h
swegon-iqlogic-gold-rx-px-cx-sd-ahu-modbus,e5,Swegon,IQlogic — GOLD RX/PX/CX/SD AHU (Modbus),GOLD RX Top 025+ Top,capacityClass,packagedUnit,extracted,Swegon_AHU_QuickGuide.pdf,4,치수·중량 — Swegon_AHU_QuickGuide.pdf p4,ratedAirflow,정격 풍량,1080 - 9000,m³/h
swegon-iqlogic-gold-rx-px-cx-sd-ahu-modbus,e5,Swegon,IQlogic — GOLD RX/PX/CX/SD AHU (Modbus),GOLD RX Top 025+ Top,capacityClass,packagedUnit,extracted,Swegon_AHU_QuickGuide.pdf,4,치수·중량 — Swegon_AHU_QuickGuide.pdf p4,sfp15Airflow,SFP 1.5 / 150 Pa 풍량,8640,m³/h
swegon-iqlogic-gold-rx-px-cx-sd-ahu-modbus,e5,Swegon,IQlogic — GOLD RX/PX/CX/SD AHU (Modbus),GOLD RX Top 025+ Top,capacityClass,packagedUnit,extracted,Swegon_AHU_QuickGuide.pdf,4,치수·중량 — Swegon_AHU_QuickGuide.pdf p4,sfp20Airflow,SFP 2.0 / 200 Pa 풍량,9000,m³/h
swegon-iqlogic-gold-rx-px-cx-sd-ahu-modbus,e5,Swegon,IQlogic — GOLD RX/PX/CX/SD AHU (Modbus),GOLD RX Top 030 Top,capacityClass,packagedUnit,extracted,Swegon_AHU_QuickGuide.pdf,4,치수·중량 — Swegon_AHU_QuickGuide.pdf p4,airflowConfiguration,기류 구성,GOLD RX Top,
swegon-iqlogic-gold-rx-px-cx-sd-ahu-modbus,e5,Swegon,IQlogic — GOLD RX/PX/CX/SD AHU (Modbus),GOLD RX Top 030 Top,capacityClass,packagedUnit,extracted,Swegon_AHU_QuickGuide.pdf,4,치수·중량 — Swegon_AHU_QuickGuide.pdf p4,capacityClass,용량대,크기 030 Top,
swegon-iqlogic-gold-rx-px-cx-sd-ahu-modbus,e5,Swegon,IQlogic — GOLD RX/PX/CX/SD AHU (Modbus),GOLD RX Top 030 Top,capacityClass,packagedUnit,extracted,Swegon_AHU_QuickGuide.pdf,4,치수·중량 — Swegon_AHU_QuickGuide.pdf p4,ecodesignAirflow,Ecodesign 풍량,1800 - 8160,m³/h
swegon-iqlogic-gold-rx-px-cx-sd-ahu-modbus,e5,Swegon,IQlogic — GOLD RX/PX/CX/SD AHU (Modbus),GOLD RX Top 030 Top,capacityClass,packagedUnit,extracted,Swegon_AHU_QuickGuide.pdf,4,치수·중량 — Swegon_AHU_QuickGuide.pdf p4,ratedAirflow,정격 풍량,1800 - 8160,m³/h
swegon-iqlogic-gold-rx-px-cx-sd-ahu-modbus,e5,Swegon,IQlogic — GOLD RX/PX/CX/SD AHU (Modbus),GOLD RX Top 030 Top,capacityClass,packagedUnit,extracted,Swegon_AHU_QuickGuide.pdf,4,치수·중량 — Swegon_AHU_QuickGuide.pdf p4,sfp15Airflow,SFP 1.5 / 150 Pa 풍량,7560,m³/h
swegon-iqlogic-gold-rx-px-cx-sd-ahu-modbus,e5,Swegon,IQlogic — GOLD RX/PX/CX/SD AHU (Modbus),GOLD RX Top 030 Top,capacityClass,packagedUnit,extracted,Swegon_AHU_QuickGuide.pdf,4,치수·중량 — Swegon_AHU_QuickGuide.pdf p4,sfp20Airflow,SFP 2.0 / 200 Pa 풍량,9360,m³/h
swegon-iqlogic-gold-rx-px-cx-sd-ahu-modbus,e5,Swegon,IQlogic — GOLD RX/PX/CX/SD AHU (Modbus),GOLD RX Top 030+ Top,capacityClass,packagedUnit,extracted,Swegon_AHU_QuickGuide.pdf,4,치수·중량 — Swegon_AHU_QuickGuide.pdf p4,airflowConfiguration,기류 구성,GOLD RX Top,
swegon-iqlogic-gold-rx-px-cx-sd-ahu-modbus,e5,Swegon,IQlogic — GOLD RX/PX/CX/SD AHU (Modbus),GOLD RX Top 030+ Top,capacityClass,packagedUnit,extracted,Swegon_AHU_QuickGuide.pdf,4,치수·중량 — Swegon_AHU_QuickGuide.pdf p4,capacityClass,용량대,크기 030+ Top,
swegon-iqlogic-gold-rx-px-cx-sd-ahu-modbus,e5,Swegon,IQlogic — GOLD RX/PX/CX/SD AHU (Modbus),GOLD RX Top 030+ Top,capacityClass,packagedUnit,extracted,Swegon_AHU_QuickGuide.pdf,4,치수·중량 — Swegon_AHU_QuickGuide.pdf p4,ecodesignAirflow,Ecodesign 풍량,1800 - 10080,m³/h
swegon-iqlogic-gold-rx-px-cx-sd-ahu-modbus,e5,Swegon,IQlogic — GOLD RX/PX/CX/SD AHU (Modbus),GOLD RX Top 030+ Top,capacityClass,packagedUnit,extracted,Swegon_AHU_QuickGuide.pdf,4,치수·중량 — Swegon_AHU_QuickGuide.pdf p4,ratedAirflow,정격 풍량,1800 - 10080,m³/h
swegon-iqlogic-gold-rx-px-cx-sd-ahu-modbus,e5,Swegon,IQlogic — GOLD RX/PX/CX/SD AHU (Modbus),GOLD RX Top 030+ Top,capacityClass,packagedUnit,extracted,Swegon_AHU_QuickGuide.pdf,4,치수·중량 — Swegon_AHU_QuickGuide.pdf p4,sfp15Airflow,SFP 1.5 / 150 Pa 풍량,9360,m³/h
swegon-iqlogic-gold-rx-px-cx-sd-ahu-modbus,e5,Swegon,IQlogic — GOLD RX/PX/CX/SD AHU (Modbus),GOLD RX Top 030+ Top,capacityClass,packagedUnit,extracted,Swegon_AHU_QuickGuide.pdf,4,치수·중량 — Swegon_AHU_QuickGuide.pdf p4,sfp20Airflow,SFP 2.0 / 200 Pa 풍량,10800,m³/h
swegon-iqlogic-gold-rx-px-cx-sd-ahu-modbus,e5,Swegon,IQlogic — GOLD RX/PX/CX/SD AHU (Modbus),GOLD PX 004,capacityClass,packagedUnit,extracted,Swegon_AHU_QuickGuide.pdf,5,치수·중량 — Swegon_AHU_QuickGuide.pdf p5,airflowConfiguration,기류 구성,GOLD PX,
swegon-iqlogic-gold-rx-px-cx-sd-ahu-modbus,e5,Swegon,IQlogic — GOLD RX/PX/CX/SD AHU (Modbus),GOLD PX 004,capacityClass,packagedUnit,extracted,Swegon_AHU_QuickGuide.pdf,5,치수·중량 — Swegon_AHU_QuickGuide.pdf p5,capacityClass,용량대,크기 004,
swegon-iqlogic-gold-rx-px-cx-sd-ahu-modbus,e5,Swegon,IQlogic — GOLD RX/PX/CX/SD AHU (Modbus),GOLD PX 004,capacityClass,packagedUnit,extracted,Swegon_AHU_QuickGuide.pdf,5,치수·중량 — Swegon_AHU_QuickGuide.pdf p5,ecodesignAirflow,Ecodesign 풍량,290 - 2012,m³/h
swegon-iqlogic-gold-rx-px-cx-sd-ahu-modbus,e5,Swegon,IQlogic — GOLD RX/PX/CX/SD AHU (Modbus),GOLD PX 004,capacityClass,packagedUnit,extracted,Swegon_AHU_QuickGuide.pdf,5,치수·중량 — Swegon_AHU_QuickGuide.pdf p5,ratedAirflow,정격 풍량,290 - 2012,m³/h
swegon-iqlogic-gold-rx-px-cx-sd-ahu-modbus,e5,Swegon,IQlogic — GOLD RX/PX/CX/SD AHU (Modbus),GOLD PX 004,capacityClass,packagedUnit,extracted,Swegon_AHU_QuickGuide.pdf,5,치수·중량 — Swegon_AHU_QuickGuide.pdf p5,sfp15Airflow,SFP 1.5 / 150 Pa 풍량,1468,m³/h
swegon-iqlogic-gold-rx-px-cx-sd-ahu-modbus,e5,Swegon,IQlogic — GOLD RX/PX/CX/SD AHU (Modbus),GOLD PX 004,capacityClass,packagedUnit,extracted,Swegon_AHU_QuickGuide.pdf,5,치수·중량 — Swegon_AHU_QuickGuide.pdf p5,sfp20Airflow,SFP 2.0 / 200 Pa 풍량,1620,m³/h
swegon-iqlogic-gold-rx-px-cx-sd-ahu-modbus,e5,Swegon,IQlogic — GOLD RX/PX/CX/SD AHU (Modbus),GOLD PX 005,capacityClass,packagedUnit,extracted,Swegon_AHU_QuickGuide.pdf,5,치수·중량 — Swegon_AHU_QuickGuide.pdf p5,airflowConfiguration,기류 구성,GOLD PX,
swegon-iqlogic-gold-rx-px-cx-sd-ahu-modbus,e5,Swegon,IQlogic — GOLD RX/PX/CX/SD AHU (Modbus),GOLD PX 005,capacityClass,packagedUnit,extracted,Swegon_AHU_QuickGuide.pdf,5,치수·중량 — Swegon_AHU_QuickGuide.pdf p5,capacityClass,용량대,크기 005,
swegon-iqlogic-gold-rx-px-cx-sd-ahu-modbus,e5,Swegon,IQlogic — GOLD RX/PX/CX/SD AHU (Modbus),GOLD PX 005,capacityClass,packagedUnit,extracted,Swegon_AHU_QuickGuide.pdf,5,치수·중량 — Swegon_AHU_QuickGuide.pdf p5,ecodesignAirflow,Ecodesign 풍량,290 - 1944,m³/h
swegon-iqlogic-gold-rx-px-cx-sd-ahu-modbus,e5,Swegon,IQlogic — GOLD RX/PX/CX/SD AHU (Modbus),GOLD PX 005,capacityClass,packagedUnit,extracted,Swegon_AHU_QuickGuide.pdf,5,치수·중량 — Swegon_AHU_QuickGuide.pdf p5,ratedAirflow,정격 풍량,290 - 1944,m³/h
swegon-iqlogic-gold-rx-px-cx-sd-ahu-modbus,e5,Swegon,IQlogic — GOLD RX/PX/CX/SD AHU (Modbus),GOLD PX 005,capacityClass,packagedUnit,extracted,Swegon_AHU_QuickGuide.pdf,5,치수·중량 — Swegon_AHU_QuickGuide.pdf p5,sfp15Airflow,SFP 1.5 / 150 Pa 풍량,1620,m³/h
swegon-iqlogic-gold-rx-px-cx-sd-ahu-modbus,e5,Swegon,IQlogic — GOLD RX/PX/CX/SD AHU (Modbus),GOLD PX 005,capacityClass,packagedUnit,extracted,Swegon_AHU_QuickGuide.pdf,5,치수·중량 — Swegon_AHU_QuickGuide.pdf p5,sfp20Airflow,SFP 2.0 / 200 Pa 풍량,2012,m³/h
swegon-iqlogic-gold-rx-px-cx-sd-ahu-modbus,e5,Swegon,IQlogic — GOLD RX/PX/CX/SD AHU (Modbus),GOLD PX 007,capacityClass,packagedUnit,extracted,Swegon_AHU_QuickGuide.pdf,5,치수·중량 — Swegon_AHU_QuickGuide.pdf p5,airflowConfiguration,기류 구성,GOLD PX,
swegon-iqlogic-gold-rx-px-cx-sd-ahu-modbus,e5,Swegon,IQlogic — GOLD RX/PX/CX/SD AHU (Modbus),GOLD PX 007,capacityClass,packagedUnit,extracted,Swegon_AHU_QuickGuide.pdf,5,치수·중량 — Swegon_AHU_QuickGuide.pdf p5,capacityClass,용량대,크기 007,
swegon-iqlogic-gold-rx-px-cx-sd-ahu-modbus,e5,Swegon,IQlogic — GOLD RX/PX/CX/SD AHU (Modbus),GOLD PX 007,capacityClass,packagedUnit,extracted,Swegon_AHU_QuickGuide.pdf,5,치수·중량 — Swegon_AHU_QuickGuide.pdf p5,ecodesignAirflow,Ecodesign 풍량,290 - 2793,m³/h
swegon-iqlogic-gold-rx-px-cx-sd-ahu-modbus,e5,Swegon,IQlogic — GOLD RX/PX/CX/SD AHU (Modbus),GOLD PX 007,capacityClass,packagedUnit,extracted,Swegon_AHU_QuickGuide.pdf,5,치수·중량 — Swegon_AHU_QuickGuide.pdf p5,ratedAirflow,정격 풍량,290 - 2793,m³/h
swegon-iqlogic-gold-rx-px-cx-sd-ahu-modbus,e5,Swegon,IQlogic — GOLD RX/PX/CX/SD AHU (Modbus),GOLD PX 007,capacityClass,packagedUnit,extracted,Swegon_AHU_QuickGuide.pdf,5,치수·중량 — Swegon_AHU_QuickGuide.pdf p5,sfp15Airflow,SFP 1.5 / 150 Pa 풍량,2356,m³/h
swegon-iqlogic-gold-rx-px-cx-sd-ahu-modbus,e5,Swegon,IQlogic — GOLD RX/PX/CX/SD AHU (Modbus),GOLD PX 007,capacityClass,packagedUnit,extracted,Swegon_AHU_QuickGuide.pdf,5,치수·중량 — Swegon_AHU_QuickGuide.pdf p5,sfp20Airflow,SFP 2.0 / 200 Pa 풍량,2700,m³/h
swegon-iqlogic-gold-rx-px-cx-sd-ahu-modbus,e5,Swegon,IQlogic — GOLD RX/PX/CX/SD AHU (Modbus),GOLD PX 008,capacityClass,packagedUnit,extracted,Swegon_AHU_QuickGuide.pdf,5,치수·중량 — Swegon_AHU_QuickGuide.pdf p5,airflowConfiguration,기류 구성,GOLD PX,
swegon-iqlogic-gold-rx-px-cx-sd-ahu-modbus,e5,Swegon,IQlogic — GOLD RX/PX/CX/SD AHU (Modbus),GOLD PX 008,capacityClass,packagedUnit,extracted,Swegon_AHU_QuickGuide.pdf,5,치수·중량 — Swegon_AHU_QuickGuide.pdf p5,capacityClass,용량대,크기 008,
swegon-iqlogic-gold-rx-px-cx-sd-ahu-modbus,e5,Swegon,IQlogic — GOLD RX/PX/CX/SD AHU (Modbus),GOLD PX 008,capacityClass,packagedUnit,extracted,Swegon_AHU_QuickGuide.pdf,5,치수·중량 — Swegon_AHU_QuickGuide.pdf p5,ecodesignAirflow,Ecodesign 풍량,720 - 2844,m³/h
swegon-iqlogic-gold-rx-px-cx-sd-ahu-modbus,e5,Swegon,IQlogic — GOLD RX/PX/CX/SD AHU (Modbus),GOLD PX 008,capacityClass,packagedUnit,extracted,Swegon_AHU_QuickGuide.pdf,5,치수·중량 — Swegon_AHU_QuickGuide.pdf p5,ratedAirflow,정격 풍량,720 - 2844,m³/h
swegon-iqlogic-gold-rx-px-cx-sd-ahu-modbus,e5,Swegon,IQlogic — GOLD RX/PX/CX/SD AHU (Modbus),GOLD PX 008,capacityClass,packagedUnit,extracted,Swegon_AHU_QuickGuide.pdf,5,치수·중량 — Swegon_AHU_QuickGuide.pdf p5,sfp15Airflow,SFP 1.5 / 150 Pa 풍량,2482,m³/h
swegon-iqlogic-gold-rx-px-cx-sd-ahu-modbus,e5,Swegon,IQlogic — GOLD RX/PX/CX/SD AHU (Modbus),GOLD PX 008,capacityClass,packagedUnit,extracted,Swegon_AHU_QuickGuide.pdf,5,치수·중량 — Swegon_AHU_QuickGuide.pdf p5,sfp20Airflow,SFP 2.0 / 200 Pa 풍량,2980,m³/h
swegon-iqlogic-gold-rx-px-cx-sd-ahu-modbus,e5,Swegon,IQlogic — GOLD RX/PX/CX/SD AHU (Modbus),GOLD PX 011,capacityClass,packagedUnit,extracted,Swegon_AHU_QuickGuide.pdf,5,치수·중량 — Swegon_AHU_QuickGuide.pdf p5,airflowConfiguration,기류 구성,GOLD PX,
swegon-iqlogic-gold-rx-px-cx-sd-ahu-modbus,e5,Swegon,IQlogic — GOLD RX/PX/CX/SD AHU (Modbus),GOLD PX 011,capacityClass,packagedUnit,extracted,Swegon_AHU_QuickGuide.pdf,5,치수·중량 — Swegon_AHU_QuickGuide.pdf p5,capacityClass,용량대,크기 011,
swegon-iqlogic-gold-rx-px-cx-sd-ahu-modbus,e5,Swegon,IQlogic — GOLD RX/PX/CX/SD AHU (Modbus),GOLD PX 011,capacityClass,packagedUnit,extracted,Swegon_AHU_QuickGuide.pdf,5,치수·중량 — Swegon_AHU_QuickGuide.pdf p5,ecodesignAirflow,Ecodesign 풍량,720 - 3883,m³/h
swegon-iqlogic-gold-rx-px-cx-sd-ahu-modbus,e5,Swegon,IQlogic — GOLD RX/PX/CX/SD AHU (Modbus),GOLD PX 011,capacityClass,packagedUnit,extracted,Swegon_AHU_QuickGuide.pdf,5,치수·중량 — Swegon_AHU_QuickGuide.pdf p5,ratedAirflow,정격 풍량,720 - 3883,m³/h
swegon-iqlogic-gold-rx-px-cx-sd-ahu-modbus,e5,Swegon,IQlogic — GOLD RX/PX/CX/SD AHU (Modbus),GOLD PX 011,capacityClass,packagedUnit,extracted,Swegon_AHU_QuickGuide.pdf,5,치수·중량 — Swegon_AHU_QuickGuide.pdf p5,sfp15Airflow,SFP 1.5 / 150 Pa 풍량,3367,m³/h
swegon-iqlogic-gold-rx-px-cx-sd-ahu-modbus,e5,Swegon,IQlogic — GOLD RX/PX/CX/SD AHU (Modbus),GOLD PX 011,capacityClass,packagedUnit,extracted,Swegon_AHU_QuickGuide.pdf,5,치수·중량 — Swegon_AHU_QuickGuide.pdf p5,sfp20Airflow,SFP 2.0 / 200 Pa 풍량,3960,m³/h
swegon-iqlogic-gold-rx-px-cx-sd-ahu-modbus,e5,Swegon,IQlogic — GOLD RX/PX/CX/SD AHU (Modbus),GOLD PX 012,capacityClass,packagedUnit,extracted,Swegon_AHU_QuickGuide.pdf,5,치수·중량 — Swegon_AHU_QuickGuide.pdf p5,airflowConfiguration,기류 구성,GOLD PX,
swegon-iqlogic-gold-rx-px-cx-sd-ahu-modbus,e5,Swegon,IQlogic — GOLD RX/PX/CX/SD AHU (Modbus),GOLD PX 012,capacityClass,packagedUnit,extracted,Swegon_AHU_QuickGuide.pdf,5,치수·중량 — Swegon_AHU_QuickGuide.pdf p5,capacityClass,용량대,크기 012,
swegon-iqlogic-gold-rx-px-cx-sd-ahu-modbus,e5,Swegon,IQlogic — GOLD RX/PX/CX/SD AHU (Modbus),GOLD PX 012,capacityClass,packagedUnit,extracted,Swegon_AHU_QuickGuide.pdf,5,치수·중량 — Swegon_AHU_QuickGuide.pdf p5,ecodesignAirflow,Ecodesign 풍량,720 - 3993,m³/h
swegon-iqlogic-gold-rx-px-cx-sd-ahu-modbus,e5,Swegon,IQlogic — GOLD RX/PX/CX/SD AHU (Modbus),GOLD PX 012,capacityClass,packagedUnit,extracted,Swegon_AHU_QuickGuide.pdf,5,치수·중량 — Swegon_AHU_QuickGuide.pdf p5,ratedAirflow,정격 풍량,720 - 3993,m³/h
swegon-iqlogic-gold-rx-px-cx-sd-ahu-modbus,e5,Swegon,IQlogic — GOLD RX/PX/CX/SD AHU (Modbus),GOLD PX 012,capacityClass,packagedUnit,extracted,Swegon_AHU_QuickGuide.pdf,5,치수·중량 — Swegon_AHU_QuickGuide.pdf p5,sfp15Airflow,SFP 1.5 / 150 Pa 풍량,3561,m³/h
swegon-iqlogic-gold-rx-px-cx-sd-ahu-modbus,e5,Swegon,IQlogic — GOLD RX/PX/CX/SD AHU (Modbus),GOLD PX 012,capacityClass,packagedUnit,extracted,Swegon_AHU_QuickGuide.pdf,5,치수·중량 — Swegon_AHU_QuickGuide.pdf p5,sfp20Airflow,SFP 2.0 / 200 Pa 풍량,4320,m³/h
swegon-iqlogic-gold-rx-px-cx-sd-ahu-modbus,e5,Swegon,IQlogic — GOLD RX/PX/CX/SD AHU (Modbus),GOLD PX 014,capacityClass,packagedUnit,extracted,Swegon_AHU_QuickGuide.pdf,5,치수·중량 — Swegon_AHU_QuickGuide.pdf p5,airflowConfiguration,기류 구성,GOLD PX,
swegon-iqlogic-gold-rx-px-cx-sd-ahu-modbus,e5,Swegon,IQlogic — GOLD RX/PX/CX/SD AHU (Modbus),GOLD PX 014,capacityClass,packagedUnit,extracted,Swegon_AHU_QuickGuide.pdf,5,치수·중량 — Swegon_AHU_QuickGuide.pdf p5,capacityClass,용량대,크기 014,
swegon-iqlogic-gold-rx-px-cx-sd-ahu-modbus,e5,Swegon,IQlogic — GOLD RX/PX/CX/SD AHU (Modbus),GOLD PX 014,capacityClass,packagedUnit,extracted,Swegon_AHU_QuickGuide.pdf,5,치수·중량 — Swegon_AHU_QuickGuide.pdf p5,ecodesignAirflow,Ecodesign 풍량,720 - 6495,m³/h
swegon-iqlogic-gold-rx-px-cx-sd-ahu-modbus,e5,Swegon,IQlogic — GOLD RX/PX/CX/SD AHU (Modbus),GOLD PX 014,capacityClass,packagedUnit,extracted,Swegon_AHU_QuickGuide.pdf,5,치수·중량 — Swegon_AHU_QuickGuide.pdf p5,ratedAirflow,정격 풍량,720 - 6495,m³/h
swegon-iqlogic-gold-rx-px-cx-sd-ahu-modbus,e5,Swegon,IQlogic — GOLD RX/PX/CX/SD AHU (Modbus),GOLD PX 014,capacityClass,packagedUnit,extracted,Swegon_AHU_QuickGuide.pdf,5,치수·중량 — Swegon_AHU_QuickGuide.pdf p5,sfp15Airflow,SFP 1.5 / 150 Pa 풍량,5976,m³/h
swegon-iqlogic-gold-rx-px-cx-sd-ahu-modbus,e5,Swegon,IQlogic — GOLD RX/PX/CX/SD AHU (Modbus),GOLD PX 014,capacityClass,packagedUnit,extracted,Swegon_AHU_QuickGuide.pdf,5,치수·중량 — Swegon_AHU_QuickGuide.pdf p5,sfp20Airflow,SFP 2.0 / 200 Pa 풍량,5940,m³/h
swegon-iqlogic-gold-rx-px-cx-sd-ahu-modbus,e5,Swegon,IQlogic — GOLD RX/PX/CX/SD AHU (Modbus),GOLD PX 020,capacityClass,packagedUnit,extracted,Swegon_AHU_QuickGuide.pdf,5,치수·중량 — Swegon_AHU_QuickGuide.pdf p5,airflowConfiguration,기류 구성,GOLD PX,
swegon-iqlogic-gold-rx-px-cx-sd-ahu-modbus,e5,Swegon,IQlogic — GOLD RX/PX/CX/SD AHU (Modbus),GOLD PX 020,capacityClass,packagedUnit,extracted,Swegon_AHU_QuickGuide.pdf,5,치수·중량 — Swegon_AHU_QuickGuide.pdf p5,capacityClass,용량대,크기 020,
swegon-iqlogic-gold-rx-px-cx-sd-ahu-modbus,e5,Swegon,IQlogic — GOLD RX/PX/CX/SD AHU (Modbus),GOLD PX 020,capacityClass,packagedUnit,extracted,Swegon_AHU_QuickGuide.pdf,5,치수·중량 — Swegon_AHU_QuickGuide.pdf p5,ecodesignAirflow,Ecodesign 풍량,1080 - 6844,m³/h
swegon-iqlogic-gold-rx-px-cx-sd-ahu-modbus,e5,Swegon,IQlogic — GOLD RX/PX/CX/SD AHU (Modbus),GOLD PX 020,capacityClass,packagedUnit,extracted,Swegon_AHU_QuickGuide.pdf,5,치수·중량 — Swegon_AHU_QuickGuide.pdf p5,ratedAirflow,정격 풍량,1080 - 6844,m³/h
swegon-iqlogic-gold-rx-px-cx-sd-ahu-modbus,e5,Swegon,IQlogic — GOLD RX/PX/CX/SD AHU (Modbus),GOLD PX 020,capacityClass,packagedUnit,extracted,Swegon_AHU_QuickGuide.pdf,5,치수·중량 — Swegon_AHU_QuickGuide.pdf p5,sfp15Airflow,SFP 1.5 / 150 Pa 풍량,6768,m³/h
swegon-iqlogic-gold-rx-px-cx-sd-ahu-modbus,e5,Swegon,IQlogic — GOLD RX/PX/CX/SD AHU (Modbus),GOLD PX 020,capacityClass,packagedUnit,extracted,Swegon_AHU_QuickGuide.pdf,5,치수·중량 — Swegon_AHU_QuickGuide.pdf p5,sfp20Airflow,SFP 2.0 / 200 Pa 풍량,7560,m³/h
swegon-iqlogic-gold-rx-px-cx-sd-ahu-modbus,e5,Swegon,IQlogic — GOLD RX/PX/CX/SD AHU (Modbus),GOLD PX 025,capacityClass,packagedUnit,extracted,Swegon_AHU_QuickGuide.pdf,5,치수·중량 — Swegon_AHU_QuickGuide.pdf p5,airflowConfiguration,기류 구성,GOLD PX,
swegon-iqlogic-gold-rx-px-cx-sd-ahu-modbus,e5,Swegon,IQlogic — GOLD RX/PX/CX/SD AHU (Modbus),GOLD PX 025,capacityClass,packagedUnit,extracted,Swegon_AHU_QuickGuide.pdf,5,치수·중량 — Swegon_AHU_QuickGuide.pdf p5,capacityClass,용량대,크기 025,
swegon-iqlogic-gold-rx-px-cx-sd-ahu-modbus,e5,Swegon,IQlogic — GOLD RX/PX/CX/SD AHU (Modbus),GOLD PX 025,capacityClass,packagedUnit,extracted,Swegon_AHU_QuickGuide.pdf,5,치수·중량 — Swegon_AHU_QuickGuide.pdf p5,ecodesignAirflow,Ecodesign 풍량,1080 - 9000,m³/h
swegon-iqlogic-gold-rx-px-cx-sd-ahu-modbus,e5,Swegon,IQlogic — GOLD RX/PX/CX/SD AHU (Modbus),GOLD PX 025,capacityClass,packagedUnit,extracted,Swegon_AHU_QuickGuide.pdf,5,치수·중량 — Swegon_AHU_QuickGuide.pdf p5,ratedAirflow,정격 풍량,1080 - 9000,m³/h
swegon-iqlogic-gold-rx-px-cx-sd-ahu-modbus,e5,Swegon,IQlogic — GOLD RX/PX/CX/SD AHU (Modbus),GOLD PX 025,capacityClass,packagedUnit,extracted,Swegon_AHU_QuickGuide.pdf,5,치수·중량 — Swegon_AHU_QuickGuide.pdf p5,sfp15Airflow,SFP 1.5 / 150 Pa 풍량,8280,m³/h
swegon-iqlogic-gold-rx-px-cx-sd-ahu-modbus,e5,Swegon,IQlogic — GOLD RX/PX/CX/SD AHU (Modbus),GOLD PX 025,capacityClass,packagedUnit,extracted,Swegon_AHU_QuickGuide.pdf,5,치수·중량 — Swegon_AHU_QuickGuide.pdf p5,sfp20Airflow,SFP 2.0 / 200 Pa 풍량,9000,m³/h
swegon-iqlogic-gold-rx-px-cx-sd-ahu-modbus,e5,Swegon,IQlogic — GOLD RX/PX/CX/SD AHU (Modbus),GOLD PX 030,capacityClass,packagedUnit,extracted,Swegon_AHU_QuickGuide.pdf,5,치수·중량 — Swegon_AHU_QuickGuide.pdf p5,airflowConfiguration,기류 구성,GOLD PX,
swegon-iqlogic-gold-rx-px-cx-sd-ahu-modbus,e5,Swegon,IQlogic — GOLD RX/PX/CX/SD AHU (Modbus),GOLD PX 030,capacityClass,packagedUnit,extracted,Swegon_AHU_QuickGuide.pdf,5,치수·중량 — Swegon_AHU_QuickGuide.pdf p5,capacityClass,용량대,크기 030,
swegon-iqlogic-gold-rx-px-cx-sd-ahu-modbus,e5,Swegon,IQlogic — GOLD RX/PX/CX/SD AHU (Modbus),GOLD PX 030,capacityClass,packagedUnit,extracted,Swegon_AHU_QuickGuide.pdf,5,치수·중량 — Swegon_AHU_QuickGuide.pdf p5,ecodesignAirflow,Ecodesign 풍량,1800 - 9537,m³/h
swegon-iqlogic-gold-rx-px-cx-sd-ahu-modbus,e5,Swegon,IQlogic — GOLD RX/PX/CX/SD AHU (Modbus),GOLD PX 030,capacityClass,packagedUnit,extracted,Swegon_AHU_QuickGuide.pdf,5,치수·중량 — Swegon_AHU_QuickGuide.pdf p5,ratedAirflow,정격 풍량,1800 - 9537,m³/h
swegon-iqlogic-gold-rx-px-cx-sd-ahu-modbus,e5,Swegon,IQlogic — GOLD RX/PX/CX/SD AHU (Modbus),GOLD PX 030,capacityClass,packagedUnit,extracted,Swegon_AHU_QuickGuide.pdf,5,치수·중량 — Swegon_AHU_QuickGuide.pdf p5,sfp15Airflow,SFP 1.5 / 150 Pa 풍량,9000,m³/h
swegon-iqlogic-gold-rx-px-cx-sd-ahu-modbus,e5,Swegon,IQlogic — GOLD RX/PX/CX/SD AHU (Modbus),GOLD PX 030,capacityClass,packagedUnit,extracted,Swegon_AHU_QuickGuide.pdf,5,치수·중량 — Swegon_AHU_QuickGuide.pdf p5,sfp20Airflow,SFP 2.0 / 200 Pa 풍량,10855,m³/h
swegon-iqlogic-gold-rx-px-cx-sd-ahu-modbus,e5,Swegon,IQlogic — GOLD RX/PX/CX/SD AHU (Modbus),GOLD PX 035,capacityClass,packagedUnit,extracted,Swegon_AHU_QuickGuide.pdf,5,치수·중량 — Swegon_AHU_QuickGuide.pdf p5,airflowConfiguration,기류 구성,GOLD PX,
swegon-iqlogic-gold-rx-px-cx-sd-ahu-modbus,e5,Swegon,IQlogic — GOLD RX/PX/CX/SD AHU (Modbus),GOLD PX 035,capacityClass,packagedUnit,extracted,Swegon_AHU_QuickGuide.pdf,5,치수·중량 — Swegon_AHU_QuickGuide.pdf p5,capacityClass,용량대,크기 035,
swegon-iqlogic-gold-rx-px-cx-sd-ahu-modbus,e5,Swegon,IQlogic — GOLD RX/PX/CX/SD AHU (Modbus),GOLD PX 035,capacityClass,packagedUnit,extracted,Swegon_AHU_QuickGuide.pdf,5,치수·중량 — Swegon_AHU_QuickGuide.pdf p5,ecodesignAirflow,Ecodesign 풍량,1800 - 12803,m³/h
swegon-iqlogic-gold-rx-px-cx-sd-ahu-modbus,e5,Swegon,IQlogic — GOLD RX/PX/CX/SD AHU (Modbus),GOLD PX 035,capacityClass,packagedUnit,extracted,Swegon_AHU_QuickGuide.pdf,5,치수·중량 — Swegon_AHU_QuickGuide.pdf p5,ratedAirflow,정격 풍량,1800 - 12803,m³/h
swegon-iqlogic-gold-rx-px-cx-sd-ahu-modbus,e5,Swegon,IQlogic — GOLD RX/PX/CX/SD AHU (Modbus),GOLD PX 035,capacityClass,packagedUnit,extracted,Swegon_AHU_QuickGuide.pdf,5,치수·중량 — Swegon_AHU_QuickGuide.pdf p5,sfp15Airflow,SFP 1.5 / 150 Pa 풍량,11786,m³/h
swegon-iqlogic-gold-rx-px-cx-sd-ahu-modbus,e5,Swegon,IQlogic — GOLD RX/PX/CX/SD AHU (Modbus),GOLD PX 035,capacityClass,packagedUnit,extracted,Swegon_AHU_QuickGuide.pdf,5,치수·중량 — Swegon_AHU_QuickGuide.pdf p5,sfp20Airflow,SFP 2.0 / 200 Pa 풍량,14040,m³/h
swegon-iqlogic-gold-rx-px-cx-sd-ahu-modbus,e5,Swegon,IQlogic — GOLD RX/PX/CX/SD AHU (Modbus),GOLD PX 040,capacityClass,packagedUnit,extracted,Swegon_AHU_QuickGuide.pdf,5,치수·중량 — Swegon_AHU_QuickGuide.pdf p5,airflowConfiguration,기류 구성,GOLD PX,
swegon-iqlogic-gold-rx-px-cx-sd-ahu-modbus,e5,Swegon,IQlogic — GOLD RX/PX/CX/SD AHU (Modbus),GOLD PX 040,capacityClass,packagedUnit,extracted,Swegon_AHU_QuickGuide.pdf,5,치수·중량 — Swegon_AHU_QuickGuide.pdf p5,capacityClass,용량대,크기 040,
swegon-iqlogic-gold-rx-px-cx-sd-ahu-modbus,e5,Swegon,IQlogic — GOLD RX/PX/CX/SD AHU (Modbus),GOLD PX 040,capacityClass,packagedUnit,extracted,Swegon_AHU_QuickGuide.pdf,5,치수·중량 — Swegon_AHU_QuickGuide.pdf p5,ecodesignAirflow,Ecodesign 풍량,2700-14476,m³/h
swegon-iqlogic-gold-rx-px-cx-sd-ahu-modbus,e5,Swegon,IQlogic — GOLD RX/PX/CX/SD AHU (Modbus),GOLD PX 040,capacityClass,packagedUnit,extracted,Swegon_AHU_QuickGuide.pdf,5,치수·중량 — Swegon_AHU_QuickGuide.pdf p5,ratedAirflow,정격 풍량,2700-14476,m³/h
swegon-iqlogic-gold-rx-px-cx-sd-ahu-modbus,e5,Swegon,IQlogic — GOLD RX/PX/CX/SD AHU (Modbus),GOLD PX 040,capacityClass,packagedUnit,extracted,Swegon_AHU_QuickGuide.pdf,5,치수·중량 — Swegon_AHU_QuickGuide.pdf p5,sfp15Airflow,SFP 1.5 / 150 Pa 풍량,13176,m³/h
swegon-iqlogic-gold-rx-px-cx-sd-ahu-modbus,e5,Swegon,IQlogic — GOLD RX/PX/CX/SD AHU (Modbus),GOLD PX 040,capacityClass,packagedUnit,extracted,Swegon_AHU_QuickGuide.pdf,5,치수·중량 — Swegon_AHU_QuickGuide.pdf p5,sfp20Airflow,SFP 2.0 / 200 Pa 풍량,15948,m³/h
swegon-iqlogic-gold-rx-px-cx-sd-ahu-modbus,e5,Swegon,IQlogic — GOLD RX/PX/CX/SD AHU (Modbus),GOLD PX 040+,capacityClass,packagedUnit,extracted,Swegon_AHU_QuickGuide.pdf,5,치수·중량 — Swegon_AHU_QuickGuide.pdf p5,airflowConfiguration,기류 구성,GOLD PX,
swegon-iqlogic-gold-rx-px-cx-sd-ahu-modbus,e5,Swegon,IQlogic — GOLD RX/PX/CX/SD AHU (Modbus),GOLD PX 040+,capacityClass,packagedUnit,extracted,Swegon_AHU_QuickGuide.pdf,5,치수·중량 — Swegon_AHU_QuickGuide.pdf p5,capacityClass,용량대,크기 040+,
swegon-iqlogic-gold-rx-px-cx-sd-ahu-modbus,e5,Swegon,IQlogic — GOLD RX/PX/CX/SD AHU (Modbus),GOLD PX 040+,capacityClass,packagedUnit,extracted,Swegon_AHU_QuickGuide.pdf,5,치수·중량 — Swegon_AHU_QuickGuide.pdf p5,ecodesignAirflow,Ecodesign 풍량,2700-16560,m³/h
swegon-iqlogic-gold-rx-px-cx-sd-ahu-modbus,e5,Swegon,IQlogic — GOLD RX/PX/CX/SD AHU (Modbus),GOLD PX 040+,capacityClass,packagedUnit,extracted,Swegon_AHU_QuickGuide.pdf,5,치수·중량 — Swegon_AHU_QuickGuide.pdf p5,ratedAirflow,정격 풍량,2700-16560,m³/h
swegon-iqlogic-gold-rx-px-cx-sd-ahu-modbus,e5,Swegon,IQlogic — GOLD RX/PX/CX/SD AHU (Modbus),GOLD PX 040+,capacityClass,packagedUnit,extracted,Swegon_AHU_QuickGuide.pdf,5,치수·중량 — Swegon_AHU_QuickGuide.pdf p5,sfp15Airflow,SFP 1.5 / 150 Pa 풍량,15012,m³/h
swegon-iqlogic-gold-rx-px-cx-sd-ahu-modbus,e5,Swegon,IQlogic — GOLD RX/PX/CX/SD AHU (Modbus),GOLD PX 040+,capacityClass,packagedUnit,extracted,Swegon_AHU_QuickGuide.pdf,5,치수·중량 — Swegon_AHU_QuickGuide.pdf p5,sfp20Airflow,SFP 2.0 / 200 Pa 풍량,17928,m³/h
swegon-iqlogic-gold-rx-px-cx-sd-ahu-modbus,e5,Swegon,IQlogic — GOLD RX/PX/CX/SD AHU (Modbus),GOLD PX 050+,capacityClass,packagedUnit,extracted,Swegon_AHU_QuickGuide.pdf,5,치수·중량 — Swegon_AHU_QuickGuide.pdf p5,airflowConfiguration,기류 구성,GOLD PX,
swegon-iqlogic-gold-rx-px-cx-sd-ahu-modbus,e5,Swegon,IQlogic — GOLD RX/PX/CX/SD AHU (Modbus),GOLD PX 050+,capacityClass,packagedUnit,extracted,Swegon_AHU_QuickGuide.pdf,5,치수·중량 — Swegon_AHU_QuickGuide.pdf p5,capacityClass,용량대,크기 050+,
swegon-iqlogic-gold-rx-px-cx-sd-ahu-modbus,e5,Swegon,IQlogic — GOLD RX/PX/CX/SD AHU (Modbus),GOLD PX 050+,capacityClass,packagedUnit,extracted,Swegon_AHU_QuickGuide.pdf,5,치수·중량 — Swegon_AHU_QuickGuide.pdf p5,ecodesignAirflow,Ecodesign 풍량,2700-17262,m³/h
swegon-iqlogic-gold-rx-px-cx-sd-ahu-modbus,e5,Swegon,IQlogic — GOLD RX/PX/CX/SD AHU (Modbus),GOLD PX 050+,capacityClass,packagedUnit,extracted,Swegon_AHU_QuickGuide.pdf,5,치수·중량 — Swegon_AHU_QuickGuide.pdf p5,ratedAirflow,정격 풍량,2700-17262,m³/h
swegon-iqlogic-gold-rx-px-cx-sd-ahu-modbus,e5,Swegon,IQlogic — GOLD RX/PX/CX/SD AHU (Modbus),GOLD PX 050+,capacityClass,packagedUnit,extracted,Swegon_AHU_QuickGuide.pdf,5,치수·중량 — Swegon_AHU_QuickGuide.pdf p5,sfp15Airflow,SFP 1.5 / 150 Pa 풍량,16020,m³/h
swegon-iqlogic-gold-rx-px-cx-sd-ahu-modbus,e5,Swegon,IQlogic — GOLD RX/PX/CX/SD AHU (Modbus),GOLD PX 050+,capacityClass,packagedUnit,extracted,Swegon_AHU_QuickGuide.pdf,5,치수·중량 — Swegon_AHU_QuickGuide.pdf p5,sfp20Airflow,SFP 2.0 / 200 Pa 풍량,19188,m³/h
swegon-iqlogic-gold-rx-px-cx-sd-ahu-modbus,e5,Swegon,IQlogic — GOLD RX/PX/CX/SD AHU (Modbus),GOLD PX 060+,capacityClass,packagedUnit,extracted,Swegon_AHU_QuickGuide.pdf,5,치수·중량 — Swegon_AHU_QuickGuide.pdf p5,airflowConfiguration,기류 구성,GOLD PX,
swegon-iqlogic-gold-rx-px-cx-sd-ahu-modbus,e5,Swegon,IQlogic — GOLD RX/PX/CX/SD AHU (Modbus),GOLD PX 060+,capacityClass,packagedUnit,extracted,Swegon_AHU_QuickGuide.pdf,5,치수·중량 — Swegon_AHU_QuickGuide.pdf p5,capacityClass,용량대,크기 060+,
swegon-iqlogic-gold-rx-px-cx-sd-ahu-modbus,e5,Swegon,IQlogic — GOLD RX/PX/CX/SD AHU (Modbus),GOLD PX 060+,capacityClass,packagedUnit,extracted,Swegon_AHU_QuickGuide.pdf,5,치수·중량 — Swegon_AHU_QuickGuide.pdf p5,ecodesignAirflow,Ecodesign 풍량,3600-18112,m³/h
swegon-iqlogic-gold-rx-px-cx-sd-ahu-modbus,e5,Swegon,IQlogic — GOLD RX/PX/CX/SD AHU (Modbus),GOLD PX 060+,capacityClass,packagedUnit,extracted,Swegon_AHU_QuickGuide.pdf,5,치수·중량 — Swegon_AHU_QuickGuide.pdf p5,ratedAirflow,정격 풍량,3600-18112,m³/h
swegon-iqlogic-gold-rx-px-cx-sd-ahu-modbus,e5,Swegon,IQlogic — GOLD RX/PX/CX/SD AHU (Modbus),GOLD PX 060+,capacityClass,packagedUnit,extracted,Swegon_AHU_QuickGuide.pdf,5,치수·중량 — Swegon_AHU_QuickGuide.pdf p5,sfp15Airflow,SFP 1.5 / 150 Pa 풍량,17280,m³/h
swegon-iqlogic-gold-rx-px-cx-sd-ahu-modbus,e5,Swegon,IQlogic — GOLD RX/PX/CX/SD AHU (Modbus),GOLD PX 060+,capacityClass,packagedUnit,extracted,Swegon_AHU_QuickGuide.pdf,5,치수·중량 — Swegon_AHU_QuickGuide.pdf p5,sfp20Airflow,SFP 2.0 / 200 Pa 풍량,20952,m³/h
swegon-iqlogic-gold-rx-px-cx-sd-ahu-modbus,e5,Swegon,IQlogic — GOLD RX/PX/CX/SD AHU (Modbus),GOLD PX 070,capacityClass,packagedUnit,extracted,Swegon_AHU_QuickGuide.pdf,5,치수·중량 — Swegon_AHU_QuickGuide.pdf p5,airflowConfiguration,기류 구성,GOLD PX,
swegon-iqlogic-gold-rx-px-cx-sd-ahu-modbus,e5,Swegon,IQlogic — GOLD RX/PX/CX/SD AHU (Modbus),GOLD PX 070,capacityClass,packagedUnit,extracted,Swegon_AHU_QuickGuide.pdf,5,치수·중량 — Swegon_AHU_QuickGuide.pdf p5,capacityClass,용량대,크기 070,
swegon-iqlogic-gold-rx-px-cx-sd-ahu-modbus,e5,Swegon,IQlogic — GOLD RX/PX/CX/SD AHU (Modbus),GOLD PX 070,capacityClass,packagedUnit,extracted,Swegon_AHU_QuickGuide.pdf,5,치수·중량 — Swegon_AHU_QuickGuide.pdf p5,ecodesignAirflow,Ecodesign 풍량,3600-24840,m³/h
swegon-iqlogic-gold-rx-px-cx-sd-ahu-modbus,e5,Swegon,IQlogic — GOLD RX/PX/CX/SD AHU (Modbus),GOLD PX 070,capacityClass,packagedUnit,extracted,Swegon_AHU_QuickGuide.pdf,5,치수·중량 — Swegon_AHU_QuickGuide.pdf p5,ratedAirflow,정격 풍량,3600-24840,m³/h
swegon-iqlogic-gold-rx-px-cx-sd-ahu-modbus,e5,Swegon,IQlogic — GOLD RX/PX/CX/SD AHU (Modbus),GOLD PX 070,capacityClass,packagedUnit,extracted,Swegon_AHU_QuickGuide.pdf,5,치수·중량 — Swegon_AHU_QuickGuide.pdf p5,sfp15Airflow,SFP 1.5 / 150 Pa 풍량,24120,m³/h
swegon-iqlogic-gold-rx-px-cx-sd-ahu-modbus,e5,Swegon,IQlogic — GOLD RX/PX/CX/SD AHU (Modbus),GOLD PX 070,capacityClass,packagedUnit,extracted,Swegon_AHU_QuickGuide.pdf,5,치수·중량 — Swegon_AHU_QuickGuide.pdf p5,sfp20Airflow,SFP 2.0 / 200 Pa 풍량,27900,m³/h
swegon-iqlogic-gold-rx-px-cx-sd-ahu-modbus,e5,Swegon,IQlogic — GOLD RX/PX/CX/SD AHU (Modbus),GOLD PX 080,capacityClass,packagedUnit,extracted,Swegon_AHU_QuickGuide.pdf,5,치수·중량 — Swegon_AHU_QuickGuide.pdf p5,airflowConfiguration,기류 구성,GOLD PX,
swegon-iqlogic-gold-rx-px-cx-sd-ahu-modbus,e5,Swegon,IQlogic — GOLD RX/PX/CX/SD AHU (Modbus),GOLD PX 080,capacityClass,packagedUnit,extracted,Swegon_AHU_QuickGuide.pdf,5,치수·중량 — Swegon_AHU_QuickGuide.pdf p5,capacityClass,용량대,크기 080,
swegon-iqlogic-gold-rx-px-cx-sd-ahu-modbus,e5,Swegon,IQlogic — GOLD RX/PX/CX/SD AHU (Modbus),GOLD PX 080,capacityClass,packagedUnit,extracted,Swegon_AHU_QuickGuide.pdf,5,치수·중량 — Swegon_AHU_QuickGuide.pdf p5,ecodesignAirflow,Ecodesign 풍량,5040-24740,m³/h
swegon-iqlogic-gold-rx-px-cx-sd-ahu-modbus,e5,Swegon,IQlogic — GOLD RX/PX/CX/SD AHU (Modbus),GOLD PX 080,capacityClass,packagedUnit,extracted,Swegon_AHU_QuickGuide.pdf,5,치수·중량 — Swegon_AHU_QuickGuide.pdf p5,ratedAirflow,정격 풍량,5040-24740,m³/h
swegon-iqlogic-gold-rx-px-cx-sd-ahu-modbus,e5,Swegon,IQlogic — GOLD RX/PX/CX/SD AHU (Modbus),GOLD PX 080,capacityClass,packagedUnit,extracted,Swegon_AHU_QuickGuide.pdf,5,치수·중량 — Swegon_AHU_QuickGuide.pdf p5,sfp15Airflow,SFP 1.5 / 150 Pa 풍량,24120,m³/h
swegon-iqlogic-gold-rx-px-cx-sd-ahu-modbus,e5,Swegon,IQlogic — GOLD RX/PX/CX/SD AHU (Modbus),GOLD PX 080,capacityClass,packagedUnit,extracted,Swegon_AHU_QuickGuide.pdf,5,치수·중량 — Swegon_AHU_QuickGuide.pdf p5,sfp20Airflow,SFP 2.0 / 200 Pa 풍량,29050,m³/h
swegon-iqlogic-gold-rx-px-cx-sd-ahu-modbus,e5,Swegon,IQlogic — GOLD RX/PX/CX/SD AHU (Modbus),GOLD PX Top 004 Top,capacityClass,packagedUnit,extracted,Swegon_AHU_QuickGuide.pdf,5,치수·중량 — Swegon_AHU_QuickGuide.pdf p5,airflowConfiguration,기류 구성,GOLD PX Top,
swegon-iqlogic-gold-rx-px-cx-sd-ahu-modbus,e5,Swegon,IQlogic — GOLD RX/PX/CX/SD AHU (Modbus),GOLD PX Top 004 Top,capacityClass,packagedUnit,extracted,Swegon_AHU_QuickGuide.pdf,5,치수·중량 — Swegon_AHU_QuickGuide.pdf p5,capacityClass,용량대,크기 004 Top,
swegon-iqlogic-gold-rx-px-cx-sd-ahu-modbus,e5,Swegon,IQlogic — GOLD RX/PX/CX/SD AHU (Modbus),GOLD PX Top 004 Top,capacityClass,packagedUnit,extracted,Swegon_AHU_QuickGuide.pdf,5,치수·중량 — Swegon_AHU_QuickGuide.pdf p5,ecodesignAirflow,Ecodesign 풍량,290 - 2032,m³/h
swegon-iqlogic-gold-rx-px-cx-sd-ahu-modbus,e5,Swegon,IQlogic — GOLD RX/PX/CX/SD AHU (Modbus),GOLD PX Top 004 Top,capacityClass,packagedUnit,extracted,Swegon_AHU_QuickGuide.pdf,5,치수·중량 — Swegon_AHU_QuickGuide.pdf p5,ratedAirflow,정격 풍량,290 - 2032,m³/h
swegon-iqlogic-gold-rx-px-cx-sd-ahu-modbus,e5,Swegon,IQlogic — GOLD RX/PX/CX/SD AHU (Modbus),GOLD PX Top 004 Top,capacityClass,packagedUnit,extracted,Swegon_AHU_QuickGuide.pdf,5,치수·중량 — Swegon_AHU_QuickGuide.pdf p5,sfp15Airflow,SFP 1.5 / 150 Pa 풍량,1401,m³/h
swegon-iqlogic-gold-rx-px-cx-sd-ahu-modbus,e5,Swegon,IQlogic — GOLD RX/PX/CX/SD AHU (Modbus),GOLD PX Top 004 Top,capacityClass,packagedUnit,extracted,Swegon_AHU_QuickGuide.pdf,5,치수·중량 — Swegon_AHU_QuickGuide.pdf p5,sfp20Airflow,SFP 2.0 / 200 Pa 풍량,1620,m³/h
swegon-iqlogic-gold-rx-px-cx-sd-ahu-modbus,e5,Swegon,IQlogic — GOLD RX/PX/CX/SD AHU (Modbus),GOLD PX Top 005 Top,capacityClass,packagedUnit,extracted,Swegon_AHU_QuickGuide.pdf,5,치수·중량 — Swegon_AHU_QuickGuide.pdf p5,airflowConfiguration,기류 구성,GOLD PX Top,
swegon-iqlogic-gold-rx-px-cx-sd-ahu-modbus,e5,Swegon,IQlogic — GOLD RX/PX/CX/SD AHU (Modbus),GOLD PX Top 005 Top,capacityClass,packagedUnit,extracted,Swegon_AHU_QuickGuide.pdf,5,치수·중량 — Swegon_AHU_QuickGuide.pdf p5,capacityClass,용량대,크기 005 Top,
swegon-iqlogic-gold-rx-px-cx-sd-ahu-modbus,e5,Swegon,IQlogic — GOLD RX/PX/CX/SD AHU (Modbus),GOLD PX Top 005 Top,capacityClass,packagedUnit,extracted,Swegon_AHU_QuickGuide.pdf,5,치수·중량 — Swegon_AHU_QuickGuide.pdf p5,ecodesignAirflow,Ecodesign 풍량,290 - 2032,m³/h
swegon-iqlogic-gold-rx-px-cx-sd-ahu-modbus,e5,Swegon,IQlogic — GOLD RX/PX/CX/SD AHU (Modbus),GOLD PX Top 005 Top,capacityClass,packagedUnit,extracted,Swegon_AHU_QuickGuide.pdf,5,치수·중량 — Swegon_AHU_QuickGuide.pdf p5,ratedAirflow,정격 풍량,290 - 2032,m³/h
swegon-iqlogic-gold-rx-px-cx-sd-ahu-modbus,e5,Swegon,IQlogic — GOLD RX/PX/CX/SD AHU (Modbus),GOLD PX Top 005 Top,capacityClass,packagedUnit,extracted,Swegon_AHU_QuickGuide.pdf,5,치수·중량 — Swegon_AHU_QuickGuide.pdf p5,sfp15Airflow,SFP 1.5 / 150 Pa 풍량,1401,m³/h
swegon-iqlogic-gold-rx-px-cx-sd-ahu-modbus,e5,Swegon,IQlogic — GOLD RX/PX/CX/SD AHU (Modbus),GOLD PX Top 005 Top,capacityClass,packagedUnit,extracted,Swegon_AHU_QuickGuide.pdf,5,치수·중량 — Swegon_AHU_QuickGuide.pdf p5,sfp20Airflow,SFP 2.0 / 200 Pa 풍량,1736,m³/h
swegon-iqlogic-gold-rx-px-cx-sd-ahu-modbus,e5,Swegon,IQlogic — GOLD RX/PX/CX/SD AHU (Modbus),GOLD PX Top 007 Top,capacityClass,packagedUnit,extracted,Swegon_AHU_QuickGuide.pdf,5,치수·중량 — Swegon_AHU_QuickGuide.pdf p5,airflowConfiguration,기류 구성,GOLD PX Top,
swegon-iqlogic-gold-rx-px-cx-sd-ahu-modbus,e5,Swegon,IQlogic — GOLD RX/PX/CX/SD AHU (Modbus),GOLD PX Top 007 Top,capacityClass,packagedUnit,extracted,Swegon_AHU_QuickGuide.pdf,5,치수·중량 — Swegon_AHU_QuickGuide.pdf p5,capacityClass,용량대,크기 007 Top,
swegon-iqlogic-gold-rx-px-cx-sd-ahu-modbus,e5,Swegon,IQlogic — GOLD RX/PX/CX/SD AHU (Modbus),GOLD PX Top 007 Top,capacityClass,packagedUnit,extracted,Swegon_AHU_QuickGuide.pdf,5,치수·중량 — Swegon_AHU_QuickGuide.pdf p5,ecodesignAirflow,Ecodesign 풍량,290 - 2534,m³/h
swegon-iqlogic-gold-rx-px-cx-sd-ahu-modbus,e5,Swegon,IQlogic — GOLD RX/PX/CX/SD AHU (Modbus),GOLD PX Top 007 Top,capacityClass,packagedUnit,extracted,Swegon_AHU_QuickGuide.pdf,5,치수·중량 — Swegon_AHU_QuickGuide.pdf p5,ratedAirflow,정격 풍량,290 - 2534,m³/h
swegon-iqlogic-gold-rx-px-cx-sd-ahu-modbus,e5,Swegon,IQlogic — GOLD RX/PX/CX/SD AHU (Modbus),GOLD PX Top 007 Top,capacityClass,packagedUnit,extracted,Swegon_AHU_QuickGuide.pdf,5,치수·중량 — Swegon_AHU_QuickGuide.pdf p5,sfp15Airflow,SFP 1.5 / 150 Pa 풍량,2118,m³/h
swegon-iqlogic-gold-rx-px-cx-sd-ahu-modbus,e5,Swegon,IQlogic — GOLD RX/PX/CX/SD AHU (Modbus),GOLD PX Top 007 Top,capacityClass,packagedUnit,extracted,Swegon_AHU_QuickGuide.pdf,5,치수·중량 — Swegon_AHU_QuickGuide.pdf p5,sfp20Airflow,SFP 2.0 / 200 Pa 풍량,2556,m³/h
swegon-iqlogic-gold-rx-px-cx-sd-ahu-modbus,e5,Swegon,IQlogic — GOLD RX/PX/CX/SD AHU (Modbus),GOLD PX Top 008 Top,capacityClass,packagedUnit,extracted,Swegon_AHU_QuickGuide.pdf,5,치수·중량 — Swegon_AHU_QuickGuide.pdf p5,airflowConfiguration,기류 구성,GOLD PX Top,
swegon-iqlogic-gold-rx-px-cx-sd-ahu-modbus,e5,Swegon,IQlogic — GOLD RX/PX/CX/SD AHU (Modbus),GOLD PX Top 008 Top,capacityClass,packagedUnit,extracted,Swegon_AHU_QuickGuide.pdf,5,치수·중량 — Swegon_AHU_QuickGuide.pdf p5,capacityClass,용량대,크기 008 Top,
swegon-iqlogic-gold-rx-px-cx-sd-ahu-modbus,e5,Swegon,IQlogic — GOLD RX/PX/CX/SD AHU (Modbus),GOLD PX Top 008 Top,capacityClass,packagedUnit,extracted,Swegon_AHU_QuickGuide.pdf,5,치수·중량 — Swegon_AHU_QuickGuide.pdf p5,ecodesignAirflow,Ecodesign 풍량,720 - 2533,m³/h
swegon-iqlogic-gold-rx-px-cx-sd-ahu-modbus,e5,Swegon,IQlogic — GOLD RX/PX/CX/SD AHU (Modbus),GOLD PX Top 008 Top,capacityClass,packagedUnit,extracted,Swegon_AHU_QuickGuide.pdf,5,치수·중량 — Swegon_AHU_QuickGuide.pdf p5,ratedAirflow,정격 풍량,720 - 2533,m³/h
swegon-iqlogic-gold-rx-px-cx-sd-ahu-modbus,e5,Swegon,IQlogic — GOLD RX/PX/CX/SD AHU (Modbus),GOLD PX Top 008 Top,capacityClass,packagedUnit,extracted,Swegon_AHU_QuickGuide.pdf,5,치수·중량 — Swegon_AHU_QuickGuide.pdf p5,sfp15Airflow,SFP 1.5 / 150 Pa 풍량,2152,m³/h
swegon-iqlogic-gold-rx-px-cx-sd-ahu-modbus,e5,Swegon,IQlogic — GOLD RX/PX/CX/SD AHU (Modbus),GOLD PX Top 008 Top,capacityClass,packagedUnit,extracted,Swegon_AHU_QuickGuide.pdf,5,치수·중량 — Swegon_AHU_QuickGuide.pdf p5,sfp20Airflow,SFP 2.0 / 200 Pa 풍량,2603,m³/h
swegon-iqlogic-gold-rx-px-cx-sd-ahu-modbus,e5,Swegon,IQlogic — GOLD RX/PX/CX/SD AHU (Modbus),GOLD PX Top 011 Top,capacityClass,packagedUnit,extracted,Swegon_AHU_QuickGuide.pdf,5,치수·중량 — Swegon_AHU_QuickGuide.pdf p5,airflowConfiguration,기류 구성,GOLD PX Top,
swegon-iqlogic-gold-rx-px-cx-sd-ahu-modbus,e5,Swegon,IQlogic — GOLD RX/PX/CX/SD AHU (Modbus),GOLD PX Top 011 Top,capacityClass,packagedUnit,extracted,Swegon_AHU_QuickGuide.pdf,5,치수·중량 — Swegon_AHU_QuickGuide.pdf p5,capacityClass,용량대,크기 011 Top,
swegon-iqlogic-gold-rx-px-cx-sd-ahu-modbus,e5,Swegon,IQlogic — GOLD RX/PX/CX/SD AHU (Modbus),GOLD PX Top 011 Top,capacityClass,packagedUnit,extracted,Swegon_AHU_QuickGuide.pdf,5,치수·중량 — Swegon_AHU_QuickGuide.pdf p5,ecodesignAirflow,Ecodesign 풍량,720 - 3793,m³/h
swegon-iqlogic-gold-rx-px-cx-sd-ahu-modbus,e5,Swegon,IQlogic — GOLD RX/PX/CX/SD AHU (Modbus),GOLD PX Top 011 Top,capacityClass,packagedUnit,extracted,Swegon_AHU_QuickGuide.pdf,5,치수·중량 — Swegon_AHU_QuickGuide.pdf p5,ratedAirflow,정격 풍량,720 - 3793,m³/h
swegon-iqlogic-gold-rx-px-cx-sd-ahu-modbus,e5,Swegon,IQlogic — GOLD RX/PX/CX/SD AHU (Modbus),GOLD PX Top 011 Top,capacityClass,packagedUnit,extracted,Swegon_AHU_QuickGuide.pdf,5,치수·중량 — Swegon_AHU_QuickGuide.pdf p5,sfp15Airflow,SFP 1.5 / 150 Pa 풍량,3300,m³/h
swegon-iqlogic-gold-rx-px-cx-sd-ahu-modbus,e5,Swegon,IQlogic — GOLD RX/PX/CX/SD AHU (Modbus),GOLD PX Top 011 Top,capacityClass,packagedUnit,extracted,Swegon_AHU_QuickGuide.pdf,5,치수·중량 — Swegon_AHU_QuickGuide.pdf p5,sfp20Airflow,SFP 2.0 / 200 Pa 풍량,3960,m³/h
swegon-iqlogic-gold-rx-px-cx-sd-ahu-modbus,e5,Swegon,IQlogic — GOLD RX/PX/CX/SD AHU (Modbus),GOLD PX Top 012 Top,capacityClass,packagedUnit,extracted,Swegon_AHU_QuickGuide.pdf,5,치수·중량 — Swegon_AHU_QuickGuide.pdf p5,airflowConfiguration,기류 구성,GOLD PX Top,
swegon-iqlogic-gold-rx-px-cx-sd-ahu-modbus,e5,Swegon,IQlogic — GOLD RX/PX/CX/SD AHU (Modbus),GOLD PX Top 012 Top,capacityClass,packagedUnit,extracted,Swegon_AHU_QuickGuide.pdf,5,치수·중량 — Swegon_AHU_QuickGuide.pdf p5,capacityClass,용량대,크기 012 Top,
swegon-iqlogic-gold-rx-px-cx-sd-ahu-modbus,e5,Swegon,IQlogic — GOLD RX/PX/CX/SD AHU (Modbus),GOLD PX Top 012 Top,capacityClass,packagedUnit,extracted,Swegon_AHU_QuickGuide.pdf,5,치수·중량 — Swegon_AHU_QuickGuide.pdf p5,ecodesignAirflow,Ecodesign 풍량,720 - 3831,m³/h
swegon-iqlogic-gold-rx-px-cx-sd-ahu-modbus,e5,Swegon,IQlogic — GOLD RX/PX/CX/SD AHU (Modbus),GOLD PX Top 012 Top,capacityClass,packagedUnit,extracted,Swegon_AHU_QuickGuide.pdf,5,치수·중량 — Swegon_AHU_QuickGuide.pdf p5,ratedAirflow,정격 풍량,720 - 3831,m³/h
swegon-iqlogic-gold-rx-px-cx-sd-ahu-modbus,e5,Swegon,IQlogic — GOLD RX/PX/CX/SD AHU (Modbus),GOLD PX Top 012 Top,capacityClass,packagedUnit,extracted,Swegon_AHU_QuickGuide.pdf,5,치수·중량 — Swegon_AHU_QuickGuide.pdf p5,sfp15Airflow,SFP 1.5 / 150 Pa 풍량,3375,m³/h
swegon-iqlogic-gold-rx-px-cx-sd-ahu-modbus,e5,Swegon,IQlogic — GOLD RX/PX/CX/SD AHU (Modbus),GOLD PX Top 012 Top,capacityClass,packagedUnit,extracted,Swegon_AHU_QuickGuide.pdf,5,치수·중량 — Swegon_AHU_QuickGuide.pdf p5,sfp20Airflow,SFP 2.0 / 200 Pa 풍량,4140,m³/h
swegon-iqlogic-gold-rx-px-cx-sd-ahu-modbus,e5,Swegon,IQlogic — GOLD RX/PX/CX/SD AHU (Modbus),GOLD PX Top 014 Top,capacityClass,packagedUnit,extracted,Swegon_AHU_QuickGuide.pdf,5,치수·중량 — Swegon_AHU_QuickGuide.pdf p5,airflowConfiguration,기류 구성,GOLD PX Top,
swegon-iqlogic-gold-rx-px-cx-sd-ahu-modbus,e5,Swegon,IQlogic — GOLD RX/PX/CX/SD AHU (Modbus),GOLD PX Top 014 Top,capacityClass,packagedUnit,extracted,Swegon_AHU_QuickGuide.pdf,5,치수·중량 — Swegon_AHU_QuickGuide.pdf p5,capacityClass,용량대,크기 014 Top,
swegon-iqlogic-gold-rx-px-cx-sd-ahu-modbus,e5,Swegon,IQlogic — GOLD RX/PX/CX/SD AHU (Modbus),GOLD PX Top 014 Top,capacityClass,packagedUnit,extracted,Swegon_AHU_QuickGuide.pdf,5,치수·중량 — Swegon_AHU_QuickGuide.pdf p5,ecodesignAirflow,Ecodesign 풍량,720 - 6534,m³/h
swegon-iqlogic-gold-rx-px-cx-sd-ahu-modbus,e5,Swegon,IQlogic — GOLD RX/PX/CX/SD AHU (Modbus),GOLD PX Top 014 Top,capacityClass,packagedUnit,extracted,Swegon_AHU_QuickGuide.pdf,5,치수·중량 — Swegon_AHU_QuickGuide.pdf p5,ratedAirflow,정격 풍량,720 - 6534,m³/h
swegon-iqlogic-gold-rx-px-cx-sd-ahu-modbus,e5,Swegon,IQlogic — GOLD RX/PX/CX/SD AHU (Modbus),GOLD PX Top 014 Top,capacityClass,packagedUnit,extracted,Swegon_AHU_QuickGuide.pdf,5,치수·중량 — Swegon_AHU_QuickGuide.pdf p5,sfp15Airflow,SFP 1.5 / 150 Pa 풍량,5796,m³/h
swegon-iqlogic-gold-rx-px-cx-sd-ahu-modbus,e5,Swegon,IQlogic — GOLD RX/PX/CX/SD AHU (Modbus),GOLD PX Top 014 Top,capacityClass,packagedUnit,extracted,Swegon_AHU_QuickGuide.pdf,5,치수·중량 — Swegon_AHU_QuickGuide.pdf p5,sfp20Airflow,SFP 2.0 / 200 Pa 풍량,5940,m³/h
swegon-iqlogic-gold-rx-px-cx-sd-ahu-modbus,e5,Swegon,IQlogic — GOLD RX/PX/CX/SD AHU (Modbus),GOLD PX Top 020 Top,capacityClass,packagedUnit,extracted,Swegon_AHU_QuickGuide.pdf,5,치수·중량 — Swegon_AHU_QuickGuide.pdf p5,airflowConfiguration,기류 구성,GOLD PX Top,
swegon-iqlogic-gold-rx-px-cx-sd-ahu-modbus,e5,Swegon,IQlogic — GOLD RX/PX/CX/SD AHU (Modbus),GOLD PX Top 020 Top,capacityClass,packagedUnit,extracted,Swegon_AHU_QuickGuide.pdf,5,치수·중량 — Swegon_AHU_QuickGuide.pdf p5,capacityClass,용량대,크기 020 Top,
swegon-iqlogic-gold-rx-px-cx-sd-ahu-modbus,e5,Swegon,IQlogic — GOLD RX/PX/CX/SD AHU (Modbus),GOLD PX Top 020 Top,capacityClass,packagedUnit,extracted,Swegon_AHU_QuickGuide.pdf,5,치수·중량 — Swegon_AHU_QuickGuide.pdf p5,ecodesignAirflow,Ecodesign 풍량,1080 - 6713,m³/h
swegon-iqlogic-gold-rx-px-cx-sd-ahu-modbus,e5,Swegon,IQlogic — GOLD RX/PX/CX/SD AHU (Modbus),GOLD PX Top 020 Top,capacityClass,packagedUnit,extracted,Swegon_AHU_QuickGuide.pdf,5,치수·중량 — Swegon_AHU_QuickGuide.pdf p5,ratedAirflow,정격 풍량,1080 - 6713,m³/h
swegon-iqlogic-gold-rx-px-cx-sd-ahu-modbus,e5,Swegon,IQlogic — GOLD RX/PX/CX/SD AHU (Modbus),GOLD PX Top 020 Top,capacityClass,packagedUnit,extracted,Swegon_AHU_QuickGuide.pdf,5,치수·중량 — Swegon_AHU_QuickGuide.pdf p5,sfp15Airflow,SFP 1.5 / 150 Pa 풍량,6438,m³/h
swegon-iqlogic-gold-rx-px-cx-sd-ahu-modbus,e5,Swegon,IQlogic — GOLD RX/PX/CX/SD AHU (Modbus),GOLD PX Top 020 Top,capacityClass,packagedUnit,extracted,Swegon_AHU_QuickGuide.pdf,5,치수·중량 — Swegon_AHU_QuickGuide.pdf p5,sfp20Airflow,SFP 2.0 / 200 Pa 풍량,7560,m³/h
swegon-iqlogic-gold-rx-px-cx-sd-ahu-modbus,e5,Swegon,IQlogic — GOLD RX/PX/CX/SD AHU (Modbus),GOLD PX Top 025 Top,capacityClass,packagedUnit,extracted,Swegon_AHU_QuickGuide.pdf,5,치수·중량 — Swegon_AHU_QuickGuide.pdf p5,airflowConfiguration,기류 구성,GOLD PX Top,
swegon-iqlogic-gold-rx-px-cx-sd-ahu-modbus,e5,Swegon,IQlogic — GOLD RX/PX/CX/SD AHU (Modbus),GOLD PX Top 025 Top,capacityClass,packagedUnit,extracted,Swegon_AHU_QuickGuide.pdf,5,치수·중량 — Swegon_AHU_QuickGuide.pdf p5,capacityClass,용량대,크기 025 Top,
swegon-iqlogic-gold-rx-px-cx-sd-ahu-modbus,e5,Swegon,IQlogic — GOLD RX/PX/CX/SD AHU (Modbus),GOLD PX Top 025 Top,capacityClass,packagedUnit,extracted,Swegon_AHU_QuickGuide.pdf,5,치수·중량 — Swegon_AHU_QuickGuide.pdf p5,ecodesignAirflow,Ecodesign 풍량,1080 - 8331,m³/h
swegon-iqlogic-gold-rx-px-cx-sd-ahu-modbus,e5,Swegon,IQlogic — GOLD RX/PX/CX/SD AHU (Modbus),GOLD PX Top 025 Top,capacityClass,packagedUnit,extracted,Swegon_AHU_QuickGuide.pdf,5,치수·중량 — Swegon_AHU_QuickGuide.pdf p5,ratedAirflow,정격 풍량,1080 - 8331,m³/h
swegon-iqlogic-gold-rx-px-cx-sd-ahu-modbus,e5,Swegon,IQlogic — GOLD RX/PX/CX/SD AHU (Modbus),GOLD PX Top 025 Top,capacityClass,packagedUnit,extracted,Swegon_AHU_QuickGuide.pdf,5,치수·중량 — Swegon_AHU_QuickGuide.pdf p5,sfp15Airflow,SFP 1.5 / 150 Pa 풍량,7760,m³/h
swegon-iqlogic-gold-rx-px-cx-sd-ahu-modbus,e5,Swegon,IQlogic — GOLD RX/PX/CX/SD AHU (Modbus),GOLD PX Top 025 Top,capacityClass,packagedUnit,extracted,Swegon_AHU_QuickGuide.pdf,5,치수·중량 — Swegon_AHU_QuickGuide.pdf p5,sfp20Airflow,SFP 2.0 / 200 Pa 풍량,9000,m³/h
swegon-iqlogic-gold-rx-px-cx-sd-ahu-modbus,e5,Swegon,IQlogic — GOLD RX/PX/CX/SD AHU (Modbus),GOLD PX Top 030 Top,capacityClass,packagedUnit,extracted,Swegon_AHU_QuickGuide.pdf,5,치수·중량 — Swegon_AHU_QuickGuide.pdf p5,airflowConfiguration,기류 구성,GOLD PX Top,
swegon-iqlogic-gold-rx-px-cx-sd-ahu-modbus,e5,Swegon,IQlogic — GOLD RX/PX/CX/SD AHU (Modbus),GOLD PX Top 030 Top,capacityClass,packagedUnit,extracted,Swegon_AHU_QuickGuide.pdf,5,치수·중량 — Swegon_AHU_QuickGuide.pdf p5,capacityClass,용량대,크기 030 Top,
swegon-iqlogic-gold-rx-px-cx-sd-ahu-modbus,e5,Swegon,IQlogic — GOLD RX/PX/CX/SD AHU (Modbus),GOLD PX Top 030 Top,capacityClass,packagedUnit,extracted,Swegon_AHU_QuickGuide.pdf,5,치수·중량 — Swegon_AHU_QuickGuide.pdf p5,ecodesignAirflow,Ecodesign 풍량,1800 - 8315,m³/h
swegon-iqlogic-gold-rx-px-cx-sd-ahu-modbus,e5,Swegon,IQlogic — GOLD RX/PX/CX/SD AHU (Modbus),GOLD PX Top 030 Top,capacityClass,packagedUnit,extracted,Swegon_AHU_QuickGuide.pdf,5,치수·중량 — Swegon_AHU_QuickGuide.pdf p5,ratedAirflow,정격 풍량,1800 - 8315,m³/h
swegon-iqlogic-gold-rx-px-cx-sd-ahu-modbus,e5,Swegon,IQlogic — GOLD RX/PX/CX/SD AHU (Modbus),GOLD PX Top 030 Top,capacityClass,packagedUnit,extracted,Swegon_AHU_QuickGuide.pdf,5,치수·중량 — Swegon_AHU_QuickGuide.pdf p5,sfp15Airflow,SFP 1.5 / 150 Pa 풍량,9480,m³/h
swegon-iqlogic-gold-rx-px-cx-sd-ahu-modbus,e5,Swegon,IQlogic — GOLD RX/PX/CX/SD AHU (Modbus),GOLD PX Top 030 Top,capacityClass,packagedUnit,extracted,Swegon_AHU_QuickGuide.pdf,5,치수·중량 — Swegon_AHU_QuickGuide.pdf p5,sfp20Airflow,SFP 2.0 / 200 Pa 풍량,9736,m³/h
swegon-iqlogic-gold-rx-px-cx-sd-ahu-modbus,e5,Swegon,IQlogic — GOLD RX/PX/CX/SD AHU (Modbus),GOLD CX Sections 035,capacityClass,packagedUnit,extracted,Swegon_AHU_QuickGuide.pdf,5,치수·중량 — Swegon_AHU_QuickGuide.pdf p5,airflowConfiguration,기류 구성,GOLD CX Sections,
swegon-iqlogic-gold-rx-px-cx-sd-ahu-modbus,e5,Swegon,IQlogic — GOLD RX/PX/CX/SD AHU (Modbus),GOLD CX Sections 035,capacityClass,packagedUnit,extracted,Swegon_AHU_QuickGuide.pdf,5,치수·중량 — Swegon_AHU_QuickGuide.pdf p5,capacityClass,용량대,크기 035,
swegon-iqlogic-gold-rx-px-cx-sd-ahu-modbus,e5,Swegon,IQlogic — GOLD RX/PX/CX/SD AHU (Modbus),GOLD CX Sections 035,capacityClass,packagedUnit,extracted,Swegon_AHU_QuickGuide.pdf,5,치수·중량 — Swegon_AHU_QuickGuide.pdf p5,ecodesignAirflow,Ecodesign 풍량,1800 - 14040,m³/h
swegon-iqlogic-gold-rx-px-cx-sd-ahu-modbus,e5,Swegon,IQlogic — GOLD RX/PX/CX/SD AHU (Modbus),GOLD CX Sections 035,capacityClass,packagedUnit,extracted,Swegon_AHU_QuickGuide.pdf,5,치수·중량 — Swegon_AHU_QuickGuide.pdf p5,ratedAirflow,정격 풍량,1800 - 14040,m³/h
swegon-iqlogic-gold-rx-px-cx-sd-ahu-modbus,e5,Swegon,IQlogic — GOLD RX/PX/CX/SD AHU (Modbus),GOLD CX Sections 035,capacityClass,packagedUnit,extracted,Swegon_AHU_QuickGuide.pdf,5,치수·중량 — Swegon_AHU_QuickGuide.pdf p5,sfp15Airflow,SFP 1.5 / 150 Pa 풍량,11580,m³/h
swegon-iqlogic-gold-rx-px-cx-sd-ahu-modbus,e5,Swegon,IQlogic — GOLD RX/PX/CX/SD AHU (Modbus),GOLD CX Sections 035,capacityClass,packagedUnit,extracted,Swegon_AHU_QuickGuide.pdf,5,치수·중량 — Swegon_AHU_QuickGuide.pdf p5,sfp20Airflow,SFP 2.0 / 200 Pa 풍량,13464,m³/h
swegon-iqlogic-gold-rx-px-cx-sd-ahu-modbus,e5,Swegon,IQlogic — GOLD RX/PX/CX/SD AHU (Modbus),GOLD CX Sections 040,capacityClass,packagedUnit,extracted,Swegon_AHU_QuickGuide.pdf,5,치수·중량 — Swegon_AHU_QuickGuide.pdf p5,airflowConfiguration,기류 구성,GOLD CX Sections,
swegon-iqlogic-gold-rx-px-cx-sd-ahu-modbus,e5,Swegon,IQlogic — GOLD RX/PX/CX/SD AHU (Modbus),GOLD CX Sections 040,capacityClass,packagedUnit,extracted,Swegon_AHU_QuickGuide.pdf,5,치수·중량 — Swegon_AHU_QuickGuide.pdf p5,capacityClass,용량대,크기 040,
swegon-iqlogic-gold-rx-px-cx-sd-ahu-modbus,e5,Swegon,IQlogic — GOLD RX/PX/CX/SD AHU (Modbus),GOLD CX Sections 040,capacityClass,packagedUnit,extracted,Swegon_AHU_QuickGuide.pdf,5,치수·중량 — Swegon_AHU_QuickGuide.pdf p5,ecodesignAirflow,Ecodesign 풍량,2700 - 15837,m³/h
swegon-iqlogic-gold-rx-px-cx-sd-ahu-modbus,e5,Swegon,IQlogic — GOLD RX/PX/CX/SD AHU (Modbus),GOLD CX Sections 040,capacityClass,packagedUnit,extracted,Swegon_AHU_QuickGuide.pdf,5,치수·중량 — Swegon_AHU_QuickGuide.pdf p5,ratedAirflow,정격 풍량,2700 - 15837,m³/h
swegon-iqlogic-gold-rx-px-cx-sd-ahu-modbus,e5,Swegon,IQlogic — GOLD RX/PX/CX/SD AHU (Modbus),GOLD CX Sections 040,capacityClass,packagedUnit,extracted,Swegon_AHU_QuickGuide.pdf,5,치수·중량 — Swegon_AHU_QuickGuide.pdf p5,sfp15Airflow,SFP 1.5 / 150 Pa 풍량,13234,m³/h
swegon-iqlogic-gold-rx-px-cx-sd-ahu-modbus,e5,Swegon,IQlogic — GOLD RX/PX/CX/SD AHU (Modbus),GOLD CX Sections 040,capacityClass,packagedUnit,extracted,Swegon_AHU_QuickGuide.pdf,5,치수·중량 — Swegon_AHU_QuickGuide.pdf p5,sfp20Airflow,SFP 2.0 / 200 Pa 풍량,15751,m³/h
swegon-iqlogic-gold-rx-px-cx-sd-ahu-modbus,e5,Swegon,IQlogic — GOLD RX/PX/CX/SD AHU (Modbus),GOLD CX Sections 050,capacityClass,packagedUnit,extracted,Swegon_AHU_QuickGuide.pdf,5,치수·중량 — Swegon_AHU_QuickGuide.pdf p5,airflowConfiguration,기류 구성,GOLD CX Sections,
swegon-iqlogic-gold-rx-px-cx-sd-ahu-modbus,e5,Swegon,IQlogic — GOLD RX/PX/CX/SD AHU (Modbus),GOLD CX Sections 050,capacityClass,packagedUnit,extracted,Swegon_AHU_QuickGuide.pdf,5,치수·중량 — Swegon_AHU_QuickGuide.pdf p5,capacityClass,용량대,크기 050,
swegon-iqlogic-gold-rx-px-cx-sd-ahu-modbus,e5,Swegon,IQlogic — GOLD RX/PX/CX/SD AHU (Modbus),GOLD CX Sections 050,capacityClass,packagedUnit,extracted,Swegon_AHU_QuickGuide.pdf,5,치수·중량 — Swegon_AHU_QuickGuide.pdf p5,ecodesignAirflow,Ecodesign 풍량,2700 - 19328,m³/h
swegon-iqlogic-gold-rx-px-cx-sd-ahu-modbus,e5,Swegon,IQlogic — GOLD RX/PX/CX/SD AHU (Modbus),GOLD CX Sections 050,capacityClass,packagedUnit,extracted,Swegon_AHU_QuickGuide.pdf,5,치수·중량 — Swegon_AHU_QuickGuide.pdf p5,ratedAirflow,정격 풍량,2700 - 19328,m³/h
swegon-iqlogic-gold-rx-px-cx-sd-ahu-modbus,e5,Swegon,IQlogic — GOLD RX/PX/CX/SD AHU (Modbus),GOLD CX Sections 050,capacityClass,packagedUnit,extracted,Swegon_AHU_QuickGuide.pdf,5,치수·중량 — Swegon_AHU_QuickGuide.pdf p5,sfp15Airflow,SFP 1.5 / 150 Pa 풍량,16009,m³/h
swegon-iqlogic-gold-rx-px-cx-sd-ahu-modbus,e5,Swegon,IQlogic — GOLD RX/PX/CX/SD AHU (Modbus),GOLD CX Sections 050,capacityClass,packagedUnit,extracted,Swegon_AHU_QuickGuide.pdf,5,치수·중량 — Swegon_AHU_QuickGuide.pdf p5,sfp20Airflow,SFP 2.0 / 200 Pa 풍량,18000,m³/h
swegon-iqlogic-gold-rx-px-cx-sd-ahu-modbus,e5,Swegon,IQlogic — GOLD RX/PX/CX/SD AHU (Modbus),GOLD CX Sections 060,capacityClass,packagedUnit,extracted,Swegon_AHU_QuickGuide.pdf,5,치수·중량 — Swegon_AHU_QuickGuide.pdf p5,airflowConfiguration,기류 구성,GOLD CX Sections,
swegon-iqlogic-gold-rx-px-cx-sd-ahu-modbus,e5,Swegon,IQlogic — GOLD RX/PX/CX/SD AHU (Modbus),GOLD CX Sections 060,capacityClass,packagedUnit,extracted,Swegon_AHU_QuickGuide.pdf,5,치수·중량 — Swegon_AHU_QuickGuide.pdf p5,capacityClass,용량대,크기 060,
swegon-iqlogic-gold-rx-px-cx-sd-ahu-modbus,e5,Swegon,IQlogic — GOLD RX/PX/CX/SD AHU (Modbus),GOLD CX Sections 060,capacityClass,packagedUnit,extracted,Swegon_AHU_QuickGuide.pdf,5,치수·중량 — Swegon_AHU_QuickGuide.pdf p5,ecodesignAirflow,Ecodesign 풍량,3600 - 20168,m³/h
swegon-iqlogic-gold-rx-px-cx-sd-ahu-modbus,e5,Swegon,IQlogic — GOLD RX/PX/CX/SD AHU (Modbus),GOLD CX Sections 060,capacityClass,packagedUnit,extracted,Swegon_AHU_QuickGuide.pdf,5,치수·중량 — Swegon_AHU_QuickGuide.pdf p5,ratedAirflow,정격 풍량,3600 - 20168,m³/h
swegon-iqlogic-gold-rx-px-cx-sd-ahu-modbus,e5,Swegon,IQlogic — GOLD RX/PX/CX/SD AHU (Modbus),GOLD CX Sections 060,capacityClass,packagedUnit,extracted,Swegon_AHU_QuickGuide.pdf,5,치수·중량 — Swegon_AHU_QuickGuide.pdf p5,sfp15Airflow,SFP 1.5 / 150 Pa 풍량,17169,m³/h
swegon-iqlogic-gold-rx-px-cx-sd-ahu-modbus,e5,Swegon,IQlogic — GOLD RX/PX/CX/SD AHU (Modbus),GOLD CX Sections 060,capacityClass,packagedUnit,extracted,Swegon_AHU_QuickGuide.pdf,5,치수·중량 — Swegon_AHU_QuickGuide.pdf p5,sfp20Airflow,SFP 2.0 / 200 Pa 풍량,20993,m³/h
swegon-iqlogic-gold-rx-px-cx-sd-ahu-modbus,e5,Swegon,IQlogic — GOLD RX/PX/CX/SD AHU (Modbus),GOLD CX Sections 070,capacityClass,packagedUnit,extracted,Swegon_AHU_QuickGuide.pdf,5,치수·중량 — Swegon_AHU_QuickGuide.pdf p5,airflowConfiguration,기류 구성,GOLD CX Sections,
swegon-iqlogic-gold-rx-px-cx-sd-ahu-modbus,e5,Swegon,IQlogic — GOLD RX/PX/CX/SD AHU (Modbus),GOLD CX Sections 070,capacityClass,packagedUnit,extracted,Swegon_AHU_QuickGuide.pdf,5,치수·중량 — Swegon_AHU_QuickGuide.pdf p5,capacityClass,용량대,크기 070,
swegon-iqlogic-gold-rx-px-cx-sd-ahu-modbus,e5,Swegon,IQlogic — GOLD RX/PX/CX/SD AHU (Modbus),GOLD CX Sections 070,capacityClass,packagedUnit,extracted,Swegon_AHU_QuickGuide.pdf,5,치수·중량 — Swegon_AHU_QuickGuide.pdf p5,ecodesignAirflow,Ecodesign 풍량,3600 - 24394,m³/h
swegon-iqlogic-gold-rx-px-cx-sd-ahu-modbus,e5,Swegon,IQlogic — GOLD RX/PX/CX/SD AHU (Modbus),GOLD CX Sections 070,capacityClass,packagedUnit,extracted,Swegon_AHU_QuickGuide.pdf,5,치수·중량 — Swegon_AHU_QuickGuide.pdf p5,ratedAirflow,정격 풍량,3600 - 24394,m³/h
swegon-iqlogic-gold-rx-px-cx-sd-ahu-modbus,e5,Swegon,IQlogic — GOLD RX/PX/CX/SD AHU (Modbus),GOLD CX Sections 070,capacityClass,packagedUnit,extracted,Swegon_AHU_QuickGuide.pdf,5,치수·중량 — Swegon_AHU_QuickGuide.pdf p5,sfp15Airflow,SFP 1.5 / 150 Pa 풍량,20957,m³/h
swegon-iqlogic-gold-rx-px-cx-sd-ahu-modbus,e5,Swegon,IQlogic — GOLD RX/PX/CX/SD AHU (Modbus),GOLD CX Sections 070,capacityClass,packagedUnit,extracted,Swegon_AHU_QuickGuide.pdf,5,치수·중량 — Swegon_AHU_QuickGuide.pdf p5,sfp20Airflow,SFP 2.0 / 200 Pa 풍량,24800,m³/h
swegon-iqlogic-gold-rx-px-cx-sd-ahu-modbus,e5,Swegon,IQlogic — GOLD RX/PX/CX/SD AHU (Modbus),GOLD CX Sections 080,capacityClass,packagedUnit,extracted,Swegon_AHU_QuickGuide.pdf,5,치수·중량 — Swegon_AHU_QuickGuide.pdf p5,airflowConfiguration,기류 구성,GOLD CX Sections,
swegon-iqlogic-gold-rx-px-cx-sd-ahu-modbus,e5,Swegon,IQlogic — GOLD RX/PX/CX/SD AHU (Modbus),GOLD CX Sections 080,capacityClass,packagedUnit,extracted,Swegon_AHU_QuickGuide.pdf,5,치수·중량 — Swegon_AHU_QuickGuide.pdf p5,capacityClass,용량대,크기 080,
swegon-iqlogic-gold-rx-px-cx-sd-ahu-modbus,e5,Swegon,IQlogic — GOLD RX/PX/CX/SD AHU (Modbus),GOLD CX Sections 080,capacityClass,packagedUnit,extracted,Swegon_AHU_QuickGuide.pdf,5,치수·중량 — Swegon_AHU_QuickGuide.pdf p5,ecodesignAirflow,Ecodesign 풍량,5400 - 24830,m³/h
swegon-iqlogic-gold-rx-px-cx-sd-ahu-modbus,e5,Swegon,IQlogic — GOLD RX/PX/CX/SD AHU (Modbus),GOLD CX Sections 080,capacityClass,packagedUnit,extracted,Swegon_AHU_QuickGuide.pdf,5,치수·중량 — Swegon_AHU_QuickGuide.pdf p5,ratedAirflow,정격 풍량,5400 - 24830,m³/h
swegon-iqlogic-gold-rx-px-cx-sd-ahu-modbus,e5,Swegon,IQlogic — GOLD RX/PX/CX/SD AHU (Modbus),GOLD CX Sections 080,capacityClass,packagedUnit,extracted,Swegon_AHU_QuickGuide.pdf,5,치수·중량 — Swegon_AHU_QuickGuide.pdf p5,sfp15Airflow,SFP 1.5 / 150 Pa 풍량,21185,m³/h
swegon-iqlogic-gold-rx-px-cx-sd-ahu-modbus,e5,Swegon,IQlogic — GOLD RX/PX/CX/SD AHU (Modbus),GOLD CX Sections 080,capacityClass,packagedUnit,extracted,Swegon_AHU_QuickGuide.pdf,5,치수·중량 — Swegon_AHU_QuickGuide.pdf p5,sfp20Airflow,SFP 2.0 / 200 Pa 풍량,25586,m³/h
swegon-iqlogic-gold-rx-px-cx-sd-ahu-modbus,e5,Swegon,IQlogic — GOLD RX/PX/CX/SD AHU (Modbus),GOLD CX Sections 100,capacityClass,packagedUnit,extracted,Swegon_AHU_QuickGuide.pdf,5,치수·중량 — Swegon_AHU_QuickGuide.pdf p5,airflowConfiguration,기류 구성,GOLD CX Sections,
swegon-iqlogic-gold-rx-px-cx-sd-ahu-modbus,e5,Swegon,IQlogic — GOLD RX/PX/CX/SD AHU (Modbus),GOLD CX Sections 100,capacityClass,packagedUnit,extracted,Swegon_AHU_QuickGuide.pdf,5,치수·중량 — Swegon_AHU_QuickGuide.pdf p5,capacityClass,용량대,크기 100,
swegon-iqlogic-gold-rx-px-cx-sd-ahu-modbus,e5,Swegon,IQlogic — GOLD RX/PX/CX/SD AHU (Modbus),GOLD CX Sections 100,capacityClass,packagedUnit,extracted,Swegon_AHU_QuickGuide.pdf,5,치수·중량 — Swegon_AHU_QuickGuide.pdf p5,ecodesignAirflow,Ecodesign 풍량,5400 - 38058,m³/h
swegon-iqlogic-gold-rx-px-cx-sd-ahu-modbus,e5,Swegon,IQlogic — GOLD RX/PX/CX/SD AHU (Modbus),GOLD CX Sections 100,capacityClass,packagedUnit,extracted,Swegon_AHU_QuickGuide.pdf,5,치수·중량 — Swegon_AHU_QuickGuide.pdf p5,ratedAirflow,정격 풍량,5400 - 38058,m³/h
swegon-iqlogic-gold-rx-px-cx-sd-ahu-modbus,e5,Swegon,IQlogic — GOLD RX/PX/CX/SD AHU (Modbus),GOLD CX Sections 100,capacityClass,packagedUnit,extracted,Swegon_AHU_QuickGuide.pdf,5,치수·중량 — Swegon_AHU_QuickGuide.pdf p5,sfp15Airflow,SFP 1.5 / 150 Pa 풍량,31860,m³/h
swegon-iqlogic-gold-rx-px-cx-sd-ahu-modbus,e5,Swegon,IQlogic — GOLD RX/PX/CX/SD AHU (Modbus),GOLD CX Sections 100,capacityClass,packagedUnit,extracted,Swegon_AHU_QuickGuide.pdf,5,치수·중량 — Swegon_AHU_QuickGuide.pdf p5,sfp20Airflow,SFP 2.0 / 200 Pa 풍량,37800,m³/h
swegon-iqlogic-gold-rx-px-cx-sd-ahu-modbus,e5,Swegon,IQlogic — GOLD RX/PX/CX/SD AHU (Modbus),GOLD CX Sections 120,capacityClass,packagedUnit,extracted,Swegon_AHU_QuickGuide.pdf,5,치수·중량 — Swegon_AHU_QuickGuide.pdf p5,airflowConfiguration,기류 구성,GOLD CX Sections,
swegon-iqlogic-gold-rx-px-cx-sd-ahu-modbus,e5,Swegon,IQlogic — GOLD RX/PX/CX/SD AHU (Modbus),GOLD CX Sections 120,capacityClass,packagedUnit,extracted,Swegon_AHU_QuickGuide.pdf,5,치수·중량 — Swegon_AHU_QuickGuide.pdf p5,capacityClass,용량대,크기 120,
swegon-iqlogic-gold-rx-px-cx-sd-ahu-modbus,e5,Swegon,IQlogic — GOLD RX/PX/CX/SD AHU (Modbus),GOLD CX Sections 120,capacityClass,packagedUnit,extracted,Swegon_AHU_QuickGuide.pdf,5,치수·중량 — Swegon_AHU_QuickGuide.pdf p5,ecodesignAirflow,Ecodesign 풍량,9000 - 39188,m³/h
swegon-iqlogic-gold-rx-px-cx-sd-ahu-modbus,e5,Swegon,IQlogic — GOLD RX/PX/CX/SD AHU (Modbus),GOLD CX Sections 120,capacityClass,packagedUnit,extracted,Swegon_AHU_QuickGuide.pdf,5,치수·중량 — Swegon_AHU_QuickGuide.pdf p5,ratedAirflow,정격 풍량,9000 - 39188,m³/h
swegon-iqlogic-gold-rx-px-cx-sd-ahu-modbus,e5,Swegon,IQlogic — GOLD RX/PX/CX/SD AHU (Modbus),GOLD CX Sections 120,capacityClass,packagedUnit,extracted,Swegon_AHU_QuickGuide.pdf,5,치수·중량 — Swegon_AHU_QuickGuide.pdf p5,sfp15Airflow,SFP 1.5 / 150 Pa 풍량,32760,m³/h
swegon-iqlogic-gold-rx-px-cx-sd-ahu-modbus,e5,Swegon,IQlogic — GOLD RX/PX/CX/SD AHU (Modbus),GOLD CX Sections 120,capacityClass,packagedUnit,extracted,Swegon_AHU_QuickGuide.pdf,5,치수·중량 — Swegon_AHU_QuickGuide.pdf p5,sfp20Airflow,SFP 2.0 / 200 Pa 풍량,39960,m³/h
swegon-iqlogic-gold-rx-px-cx-sd-ahu-modbus,e5,Swegon,IQlogic — GOLD RX/PX/CX/SD AHU (Modbus),GOLD CX Longest section 011,capacityClass,packagedUnit,extracted,Swegon_AHU_QuickGuide.pdf,6,치수·중량 — Swegon_AHU_QuickGuide.pdf p6,airflowConfiguration,기류 구성,GOLD CX Longest section,
swegon-iqlogic-gold-rx-px-cx-sd-ahu-modbus,e5,Swegon,IQlogic — GOLD RX/PX/CX/SD AHU (Modbus),GOLD CX Longest section 011,capacityClass,packagedUnit,extracted,Swegon_AHU_QuickGuide.pdf,6,치수·중량 — Swegon_AHU_QuickGuide.pdf p6,capacityClass,용량대,크기 011,
swegon-iqlogic-gold-rx-px-cx-sd-ahu-modbus,e5,Swegon,IQlogic — GOLD RX/PX/CX/SD AHU (Modbus),GOLD CX Longest section 011,capacityClass,packagedUnit,extracted,Swegon_AHU_QuickGuide.pdf,6,치수·중량 — Swegon_AHU_QuickGuide.pdf p6,ecodesignAirflow,Ecodesign 풍량,1620 - 3960,m³/h
swegon-iqlogic-gold-rx-px-cx-sd-ahu-modbus,e5,Swegon,IQlogic — GOLD RX/PX/CX/SD AHU (Modbus),GOLD CX Longest section 011,capacityClass,packagedUnit,extracted,Swegon_AHU_QuickGuide.pdf,6,치수·중량 — Swegon_AHU_QuickGuide.pdf p6,ratedAirflow,정격 풍량,1620 - 3960,m³/h
swegon-iqlogic-gold-rx-px-cx-sd-ahu-modbus,e5,Swegon,IQlogic — GOLD RX/PX/CX/SD AHU (Modbus),GOLD CX Longest section 011,capacityClass,packagedUnit,extracted,Swegon_AHU_QuickGuide.pdf,6,치수·중량 — Swegon_AHU_QuickGuide.pdf p6,sfp15Airflow,SFP 1.5 / 150 Pa 풍량,3060,m³/h
swegon-iqlogic-gold-rx-px-cx-sd-ahu-modbus,e5,Swegon,IQlogic — GOLD RX/PX/CX/SD AHU (Modbus),GOLD CX Longest section 011,capacityClass,packagedUnit,extracted,Swegon_AHU_QuickGuide.pdf,6,치수·중량 — Swegon_AHU_QuickGuide.pdf p6,sfp20Airflow,SFP 2.0 / 200 Pa 풍량,3803,m³/h
swegon-iqlogic-gold-rx-px-cx-sd-ahu-modbus,e5,Swegon,IQlogic — GOLD RX/PX/CX/SD AHU (Modbus),GOLD CX Longest section 012,capacityClass,packagedUnit,extracted,Swegon_AHU_QuickGuide.pdf,6,치수·중량 — Swegon_AHU_QuickGuide.pdf p6,airflowConfiguration,기류 구성,GOLD CX Longest section,
swegon-iqlogic-gold-rx-px-cx-sd-ahu-modbus,e5,Swegon,IQlogic — GOLD RX/PX/CX/SD AHU (Modbus),GOLD CX Longest section 012,capacityClass,packagedUnit,extracted,Swegon_AHU_QuickGuide.pdf,6,치수·중량 — Swegon_AHU_QuickGuide.pdf p6,capacityClass,용량대,크기 012,
swegon-iqlogic-gold-rx-px-cx-sd-ahu-modbus,e5,Swegon,IQlogic — GOLD RX/PX/CX/SD AHU (Modbus),GOLD CX Longest section 012,capacityClass,packagedUnit,extracted,Swegon_AHU_QuickGuide.pdf,6,치수·중량 — Swegon_AHU_QuickGuide.pdf p6,ecodesignAirflow,Ecodesign 풍량,1800 - 4390,m³/h
swegon-iqlogic-gold-rx-px-cx-sd-ahu-modbus,e5,Swegon,IQlogic — GOLD RX/PX/CX/SD AHU (Modbus),GOLD CX Longest section 012,capacityClass,packagedUnit,extracted,Swegon_AHU_QuickGuide.pdf,6,치수·중량 — Swegon_AHU_QuickGuide.pdf p6,ratedAirflow,정격 풍량,1800 - 4390,m³/h
swegon-iqlogic-gold-rx-px-cx-sd-ahu-modbus,e5,Swegon,IQlogic — GOLD RX/PX/CX/SD AHU (Modbus),GOLD CX Longest section 012,capacityClass,packagedUnit,extracted,Swegon_AHU_QuickGuide.pdf,6,치수·중량 — Swegon_AHU_QuickGuide.pdf p6,sfp15Airflow,SFP 1.5 / 150 Pa 풍량,3168,m³/h
swegon-iqlogic-gold-rx-px-cx-sd-ahu-modbus,e5,Swegon,IQlogic — GOLD RX/PX/CX/SD AHU (Modbus),GOLD CX Longest section 012,capacityClass,packagedUnit,extracted,Swegon_AHU_QuickGuide.pdf,6,치수·중량 — Swegon_AHU_QuickGuide.pdf p6,sfp20Airflow,SFP 2.0 / 200 Pa 풍량,3997,m³/h
swegon-iqlogic-gold-rx-px-cx-sd-ahu-modbus,e5,Swegon,IQlogic — GOLD RX/PX/CX/SD AHU (Modbus),GOLD CX Longest section 014,capacityClass,packagedUnit,extracted,Swegon_AHU_QuickGuide.pdf,6,치수·중량 — Swegon_AHU_QuickGuide.pdf p6,airflowConfiguration,기류 구성,GOLD CX Longest section,
swegon-iqlogic-gold-rx-px-cx-sd-ahu-modbus,e5,Swegon,IQlogic — GOLD RX/PX/CX/SD AHU (Modbus),GOLD CX Longest section 014,capacityClass,packagedUnit,extracted,Swegon_AHU_QuickGuide.pdf,6,치수·중량 — Swegon_AHU_QuickGuide.pdf p6,capacityClass,용량대,크기 014,
swegon-iqlogic-gold-rx-px-cx-sd-ahu-modbus,e5,Swegon,IQlogic — GOLD RX/PX/CX/SD AHU (Modbus),GOLD CX Longest section 014,capacityClass,packagedUnit,extracted,Swegon_AHU_QuickGuide.pdf,6,치수·중량 — Swegon_AHU_QuickGuide.pdf p6,ecodesignAirflow,Ecodesign 풍량,2700 - 5940,m³/h
swegon-iqlogic-gold-rx-px-cx-sd-ahu-modbus,e5,Swegon,IQlogic — GOLD RX/PX/CX/SD AHU (Modbus),GOLD CX Longest section 014,capacityClass,packagedUnit,extracted,Swegon_AHU_QuickGuide.pdf,6,치수·중량 — Swegon_AHU_QuickGuide.pdf p6,ratedAirflow,정격 풍량,2700 - 5940,m³/h
swegon-iqlogic-gold-rx-px-cx-sd-ahu-modbus,e5,Swegon,IQlogic — GOLD RX/PX/CX/SD AHU (Modbus),GOLD CX Longest section 014,capacityClass,packagedUnit,extracted,Swegon_AHU_QuickGuide.pdf,6,치수·중량 — Swegon_AHU_QuickGuide.pdf p6,sfp15Airflow,SFP 1.5 / 150 Pa 풍량,4791,m³/h
swegon-iqlogic-gold-rx-px-cx-sd-ahu-modbus,e5,Swegon,IQlogic — GOLD RX/PX/CX/SD AHU (Modbus),GOLD CX Longest section 014,capacityClass,packagedUnit,extracted,Swegon_AHU_QuickGuide.pdf,6,치수·중량 — Swegon_AHU_QuickGuide.pdf p6,sfp20Airflow,SFP 2.0 / 200 Pa 풍량,5997,m³/h
swegon-iqlogic-gold-rx-px-cx-sd-ahu-modbus,e5,Swegon,IQlogic — GOLD RX/PX/CX/SD AHU (Modbus),GOLD CX Longest section 020,capacityClass,packagedUnit,extracted,Swegon_AHU_QuickGuide.pdf,6,치수·중량 — Swegon_AHU_QuickGuide.pdf p6,airflowConfiguration,기류 구성,GOLD CX Longest section,
swegon-iqlogic-gold-rx-px-cx-sd-ahu-modbus,e5,Swegon,IQlogic — GOLD RX/PX/CX/SD AHU (Modbus),GOLD CX Longest section 020,capacityClass,packagedUnit,extracted,Swegon_AHU_QuickGuide.pdf,6,치수·중량 — Swegon_AHU_QuickGuide.pdf p6,capacityClass,용량대,크기 020,
swegon-iqlogic-gold-rx-px-cx-sd-ahu-modbus,e5,Swegon,IQlogic — GOLD RX/PX/CX/SD AHU (Modbus),GOLD CX Longest section 020,capacityClass,packagedUnit,extracted,Swegon_AHU_QuickGuide.pdf,6,치수·중량 — Swegon_AHU_QuickGuide.pdf p6,ecodesignAirflow,Ecodesign 풍량,2700 - 9500,m³/h
swegon-iqlogic-gold-rx-px-cx-sd-ahu-modbus,e5,Swegon,IQlogic — GOLD RX/PX/CX/SD AHU (Modbus),GOLD CX Longest section 020,capacityClass,packagedUnit,extracted,Swegon_AHU_QuickGuide.pdf,6,치수·중량 — Swegon_AHU_QuickGuide.pdf p6,ratedAirflow,정격 풍량,2700 - 9500,m³/h
swegon-iqlogic-gold-rx-px-cx-sd-ahu-modbus,e5,Swegon,IQlogic — GOLD RX/PX/CX/SD AHU (Modbus),GOLD CX Longest section 020,capacityClass,packagedUnit,extracted,Swegon_AHU_QuickGuide.pdf,6,치수·중량 — Swegon_AHU_QuickGuide.pdf p6,sfp15Airflow,SFP 1.5 / 150 Pa 풍량,4896,m³/h
swegon-iqlogic-gold-rx-px-cx-sd-ahu-modbus,e5,Swegon,IQlogic — GOLD RX/PX/CX/SD AHU (Modbus),GOLD CX Longest section 020,capacityClass,packagedUnit,extracted,Swegon_AHU_QuickGuide.pdf,6,치수·중량 — Swegon_AHU_QuickGuide.pdf p6,sfp20Airflow,SFP 2.0 / 200 Pa 풍량,6270,m³/h
swegon-iqlogic-gold-rx-px-cx-sd-ahu-modbus,e5,Swegon,IQlogic — GOLD RX/PX/CX/SD AHU (Modbus),GOLD CX Longest section 025,capacityClass,packagedUnit,extracted,Swegon_AHU_QuickGuide.pdf,6,치수·중량 — Swegon_AHU_QuickGuide.pdf p6,airflowConfiguration,기류 구성,GOLD CX Longest section,
swegon-iqlogic-gold-rx-px-cx-sd-ahu-modbus,e5,Swegon,IQlogic — GOLD RX/PX/CX/SD AHU (Modbus),GOLD CX Longest section 025,capacityClass,packagedUnit,extracted,Swegon_AHU_QuickGuide.pdf,6,치수·중량 — Swegon_AHU_QuickGuide.pdf p6,capacityClass,용량대,크기 025,
swegon-iqlogic-gold-rx-px-cx-sd-ahu-modbus,e5,Swegon,IQlogic — GOLD RX/PX/CX/SD AHU (Modbus),GOLD CX Longest section 025,capacityClass,packagedUnit,extracted,Swegon_AHU_QuickGuide.pdf,6,치수·중량 — Swegon_AHU_QuickGuide.pdf p6,ecodesignAirflow,Ecodesign 풍량,3420 - 8600,m³/h
swegon-iqlogic-gold-rx-px-cx-sd-ahu-modbus,e5,Swegon,IQlogic — GOLD RX/PX/CX/SD AHU (Modbus),GOLD CX Longest section 025,capacityClass,packagedUnit,extracted,Swegon_AHU_QuickGuide.pdf,6,치수·중량 — Swegon_AHU_QuickGuide.pdf p6,ratedAirflow,정격 풍량,3420 - 8600,m³/h
swegon-iqlogic-gold-rx-px-cx-sd-ahu-modbus,e5,Swegon,IQlogic — GOLD RX/PX/CX/SD AHU (Modbus),GOLD CX Longest section 025,capacityClass,packagedUnit,extracted,Swegon_AHU_QuickGuide.pdf,6,치수·중량 — Swegon_AHU_QuickGuide.pdf p6,sfp15Airflow,SFP 1.5 / 150 Pa 풍량,6696,m³/h
swegon-iqlogic-gold-rx-px-cx-sd-ahu-modbus,e5,Swegon,IQlogic — GOLD RX/PX/CX/SD AHU (Modbus),GOLD CX Longest section 025,capacityClass,packagedUnit,extracted,Swegon_AHU_QuickGuide.pdf,6,치수·중량 — Swegon_AHU_QuickGuide.pdf p6,sfp20Airflow,SFP 2.0 / 200 Pa 풍량,7869,m³/h
swegon-iqlogic-gold-rx-px-cx-sd-ahu-modbus,e5,Swegon,IQlogic — GOLD RX/PX/CX/SD AHU (Modbus),GOLD CX Longest section 030,capacityClass,packagedUnit,extracted,Swegon_AHU_QuickGuide.pdf,6,치수·중량 — Swegon_AHU_QuickGuide.pdf p6,airflowConfiguration,기류 구성,GOLD CX Longest section,
swegon-iqlogic-gold-rx-px-cx-sd-ahu-modbus,e5,Swegon,IQlogic — GOLD RX/PX/CX/SD AHU (Modbus),GOLD CX Longest section 030,capacityClass,packagedUnit,extracted,Swegon_AHU_QuickGuide.pdf,6,치수·중량 — Swegon_AHU_QuickGuide.pdf p6,capacityClass,용량대,크기 030,
swegon-iqlogic-gold-rx-px-cx-sd-ahu-modbus,e5,Swegon,IQlogic — GOLD RX/PX/CX/SD AHU (Modbus),GOLD CX Longest section 030,capacityClass,packagedUnit,extracted,Swegon_AHU_QuickGuide.pdf,6,치수·중량 — Swegon_AHU_QuickGuide.pdf p6,ecodesignAirflow,Ecodesign 풍량,3420 - 8890,m³/h
swegon-iqlogic-gold-rx-px-cx-sd-ahu-modbus,e5,Swegon,IQlogic — GOLD RX/PX/CX/SD AHU (Modbus),GOLD CX Longest section 030,capacityClass,packagedUnit,extracted,Swegon_AHU_QuickGuide.pdf,6,치수·중량 — Swegon_AHU_QuickGuide.pdf p6,ratedAirflow,정격 풍량,3420 - 8890,m³/h
swegon-iqlogic-gold-rx-px-cx-sd-ahu-modbus,e5,Swegon,IQlogic — GOLD RX/PX/CX/SD AHU (Modbus),GOLD CX Longest section 030,capacityClass,packagedUnit,extracted,Swegon_AHU_QuickGuide.pdf,6,치수·중량 — Swegon_AHU_QuickGuide.pdf p6,sfp15Airflow,SFP 1.5 / 150 Pa 풍량,6615,m³/h
swegon-iqlogic-gold-rx-px-cx-sd-ahu-modbus,e5,Swegon,IQlogic — GOLD RX/PX/CX/SD AHU (Modbus),GOLD CX Longest section 030,capacityClass,packagedUnit,extracted,Swegon_AHU_QuickGuide.pdf,6,치수·중량 — Swegon_AHU_QuickGuide.pdf p6,sfp20Airflow,SFP 2.0 / 200 Pa 풍량,8407,m³/h
swegon-iqlogic-gold-rx-px-cx-sd-ahu-modbus,e5,Swegon,IQlogic — GOLD RX/PX/CX/SD AHU (Modbus),GOLD CX Longest section 035,capacityClass,packagedUnit,extracted,Swegon_AHU_QuickGuide.pdf,6,치수·중량 — Swegon_AHU_QuickGuide.pdf p6,airflowConfiguration,기류 구성,GOLD CX Longest section,
swegon-iqlogic-gold-rx-px-cx-sd-ahu-modbus,e5,Swegon,IQlogic — GOLD RX/PX/CX/SD AHU (Modbus),GOLD CX Longest section 035,capacityClass,packagedUnit,extracted,Swegon_AHU_QuickGuide.pdf,6,치수·중량 — Swegon_AHU_QuickGuide.pdf p6,capacityClass,용량대,크기 035,
swegon-iqlogic-gold-rx-px-cx-sd-ahu-modbus,e5,Swegon,IQlogic — GOLD RX/PX/CX/SD AHU (Modbus),GOLD CX Longest section 035,capacityClass,packagedUnit,extracted,Swegon_AHU_QuickGuide.pdf,6,치수·중량 — Swegon_AHU_QuickGuide.pdf p6,ecodesignAirflow,Ecodesign 풍량,5400 - 12900,m³/h
swegon-iqlogic-gold-rx-px-cx-sd-ahu-modbus,e5,Swegon,IQlogic — GOLD RX/PX/CX/SD AHU (Modbus),GOLD CX Longest section 035,capacityClass,packagedUnit,extracted,Swegon_AHU_QuickGuide.pdf,6,치수·중량 — Swegon_AHU_QuickGuide.pdf p6,ratedAirflow,정격 풍량,5400 - 12900,m³/h
swegon-iqlogic-gold-rx-px-cx-sd-ahu-modbus,e5,Swegon,IQlogic — GOLD RX/PX/CX/SD AHU (Modbus),GOLD CX Longest section 035,capacityClass,packagedUnit,extracted,Swegon_AHU_QuickGuide.pdf,6,치수·중량 — Swegon_AHU_QuickGuide.pdf p6,sfp15Airflow,SFP 1.5 / 150 Pa 풍량,10260,m³/h
swegon-iqlogic-gold-rx-px-cx-sd-ahu-modbus,e5,Swegon,IQlogic — GOLD RX/PX/CX/SD AHU (Modbus),GOLD CX Longest section 035,capacityClass,packagedUnit,extracted,Swegon_AHU_QuickGuide.pdf,6,치수·중량 — Swegon_AHU_QuickGuide.pdf p6,sfp20Airflow,SFP 2.0 / 200 Pa 풍량,12500,m³/h
swegon-iqlogic-gold-rx-px-cx-sd-ahu-modbus,e5,Swegon,IQlogic — GOLD RX/PX/CX/SD AHU (Modbus),GOLD CX Longest section 040,capacityClass,packagedUnit,extracted,Swegon_AHU_QuickGuide.pdf,6,치수·중량 — Swegon_AHU_QuickGuide.pdf p6,airflowConfiguration,기류 구성,GOLD CX Longest section,
swegon-iqlogic-gold-rx-px-cx-sd-ahu-modbus,e5,Swegon,IQlogic — GOLD RX/PX/CX/SD AHU (Modbus),GOLD CX Longest section 040,capacityClass,packagedUnit,extracted,Swegon_AHU_QuickGuide.pdf,6,치수·중량 — Swegon_AHU_QuickGuide.pdf p6,capacityClass,용량대,크기 040,
swegon-iqlogic-gold-rx-px-cx-sd-ahu-modbus,e5,Swegon,IQlogic — GOLD RX/PX/CX/SD AHU (Modbus),GOLD CX Longest section 040,capacityClass,packagedUnit,extracted,Swegon_AHU_QuickGuide.pdf,6,치수·중량 — Swegon_AHU_QuickGuide.pdf p6,ecodesignAirflow,Ecodesign 풍량,3960 - 14000,m³/h
swegon-iqlogic-gold-rx-px-cx-sd-ahu-modbus,e5,Swegon,IQlogic — GOLD RX/PX/CX/SD AHU (Modbus),GOLD CX Longest section 040,capacityClass,packagedUnit,extracted,Swegon_AHU_QuickGuide.pdf,6,치수·중량 — Swegon_AHU_QuickGuide.pdf p6,ratedAirflow,정격 풍량,3960 - 14000,m³/h
swegon-iqlogic-gold-rx-px-cx-sd-ahu-modbus,e5,Swegon,IQlogic — GOLD RX/PX/CX/SD AHU (Modbus),GOLD CX Longest section 040,capacityClass,packagedUnit,extracted,Swegon_AHU_QuickGuide.pdf,6,치수·중량 — Swegon_AHU_QuickGuide.pdf p6,sfp15Airflow,SFP 1.5 / 150 Pa 풍량,11040,m³/h
swegon-iqlogic-gold-rx-px-cx-sd-ahu-modbus,e5,Swegon,IQlogic — GOLD RX/PX/CX/SD AHU (Modbus),GOLD CX Longest section 040,capacityClass,packagedUnit,extracted,Swegon_AHU_QuickGuide.pdf,6,치수·중량 — Swegon_AHU_QuickGuide.pdf p6,sfp20Airflow,SFP 2.0 / 200 Pa 풍량,13560,m³/h
swegon-iqlogic-gold-rx-px-cx-sd-ahu-modbus,e5,Swegon,IQlogic — GOLD RX/PX/CX/SD AHU (Modbus),GOLD CX Longest section 050,capacityClass,packagedUnit,extracted,Swegon_AHU_QuickGuide.pdf,6,치수·중량 — Swegon_AHU_QuickGuide.pdf p6,airflowConfiguration,기류 구성,GOLD CX Longest section,
swegon-iqlogic-gold-rx-px-cx-sd-ahu-modbus,e5,Swegon,IQlogic — GOLD RX/PX/CX/SD AHU (Modbus),GOLD CX Longest section 050,capacityClass,packagedUnit,extracted,Swegon_AHU_QuickGuide.pdf,6,치수·중량 — Swegon_AHU_QuickGuide.pdf p6,capacityClass,용량대,크기 050,
swegon-iqlogic-gold-rx-px-cx-sd-ahu-modbus,e5,Swegon,IQlogic — GOLD RX/PX/CX/SD AHU (Modbus),GOLD CX Longest section 050,capacityClass,packagedUnit,extracted,Swegon_AHU_QuickGuide.pdf,6,치수·중량 — Swegon_AHU_QuickGuide.pdf p6,ecodesignAirflow,Ecodesign 풍량,5040 - 17800,m³/h
swegon-iqlogic-gold-rx-px-cx-sd-ahu-modbus,e5,Swegon,IQlogic — GOLD RX/PX/CX/SD AHU (Modbus),GOLD CX Longest section 050,capacityClass,packagedUnit,extracted,Swegon_AHU_QuickGuide.pdf,6,치수·중량 — Swegon_AHU_QuickGuide.pdf p6,ratedAirflow,정격 풍량,5040 - 17800,m³/h
swegon-iqlogic-gold-rx-px-cx-sd-ahu-modbus,e5,Swegon,IQlogic — GOLD RX/PX/CX/SD AHU (Modbus),GOLD CX Longest section 050,capacityClass,packagedUnit,extracted,Swegon_AHU_QuickGuide.pdf,6,치수·중량 — Swegon_AHU_QuickGuide.pdf p6,sfp15Airflow,SFP 1.5 / 150 Pa 풍량,14112,m³/h
swegon-iqlogic-gold-rx-px-cx-sd-ahu-modbus,e5,Swegon,IQlogic — GOLD RX/PX/CX/SD AHU (Modbus),GOLD CX Longest section 050,capacityClass,packagedUnit,extracted,Swegon_AHU_QuickGuide.pdf,6,치수·중량 — Swegon_AHU_QuickGuide.pdf p6,sfp20Airflow,SFP 2.0 / 200 Pa 풍량,17084,m³/h
swegon-iqlogic-gold-rx-px-cx-sd-ahu-modbus,e5,Swegon,IQlogic — GOLD RX/PX/CX/SD AHU (Modbus),GOLD CX Longest section 060,capacityClass,packagedUnit,extracted,Swegon_AHU_QuickGuide.pdf,6,치수·중량 — Swegon_AHU_QuickGuide.pdf p6,airflowConfiguration,기류 구성,GOLD CX Longest section,
swegon-iqlogic-gold-rx-px-cx-sd-ahu-modbus,e5,Swegon,IQlogic — GOLD RX/PX/CX/SD AHU (Modbus),GOLD CX Longest section 060,capacityClass,packagedUnit,extracted,Swegon_AHU_QuickGuide.pdf,6,치수·중량 — Swegon_AHU_QuickGuide.pdf p6,capacityClass,용량대,크기 060,
swegon-iqlogic-gold-rx-px-cx-sd-ahu-modbus,e5,Swegon,IQlogic — GOLD RX/PX/CX/SD AHU (Modbus),GOLD CX Longest section 060,capacityClass,packagedUnit,extracted,Swegon_AHU_QuickGuide.pdf,6,치수·중량 — Swegon_AHU_QuickGuide.pdf p6,ecodesignAirflow,Ecodesign 풍량,5400 - 18500,m³/h
swegon-iqlogic-gold-rx-px-cx-sd-ahu-modbus,e5,Swegon,IQlogic — GOLD RX/PX/CX/SD AHU (Modbus),GOLD CX Longest section 060,capacityClass,packagedUnit,extracted,Swegon_AHU_QuickGuide.pdf,6,치수·중량 — Swegon_AHU_QuickGuide.pdf p6,ratedAirflow,정격 풍량,5400 - 18500,m³/h
swegon-iqlogic-gold-rx-px-cx-sd-ahu-modbus,e5,Swegon,IQlogic — GOLD RX/PX/CX/SD AHU (Modbus),GOLD CX Longest section 060,capacityClass,packagedUnit,extracted,Swegon_AHU_QuickGuide.pdf,6,치수·중량 — Swegon_AHU_QuickGuide.pdf p6,sfp15Airflow,SFP 1.5 / 150 Pa 풍량,14040,m³/h
swegon-iqlogic-gold-rx-px-cx-sd-ahu-modbus,e5,Swegon,IQlogic — GOLD RX/PX/CX/SD AHU (Modbus),GOLD CX Longest section 060,capacityClass,packagedUnit,extracted,Swegon_AHU_QuickGuide.pdf,6,치수·중량 — Swegon_AHU_QuickGuide.pdf p6,sfp20Airflow,SFP 2.0 / 200 Pa 풍량,17600,m³/h
swegon-iqlogic-gold-rx-px-cx-sd-ahu-modbus,e5,Swegon,IQlogic — GOLD RX/PX/CX/SD AHU (Modbus),GOLD CX Longest section 070,capacityClass,packagedUnit,extracted,Swegon_AHU_QuickGuide.pdf,6,치수·중량 — Swegon_AHU_QuickGuide.pdf p6,airflowConfiguration,기류 구성,GOLD CX Longest section,
swegon-iqlogic-gold-rx-px-cx-sd-ahu-modbus,e5,Swegon,IQlogic — GOLD RX/PX/CX/SD AHU (Modbus),GOLD CX Longest section 070,capacityClass,packagedUnit,extracted,Swegon_AHU_QuickGuide.pdf,6,치수·중량 — Swegon_AHU_QuickGuide.pdf p6,capacityClass,용량대,크기 070,
swegon-iqlogic-gold-rx-px-cx-sd-ahu-modbus,e5,Swegon,IQlogic — GOLD RX/PX/CX/SD AHU (Modbus),GOLD CX Longest section 070,capacityClass,packagedUnit,extracted,Swegon_AHU_QuickGuide.pdf,6,치수·중량 — Swegon_AHU_QuickGuide.pdf p6,ecodesignAirflow,Ecodesign 풍량,7200 - 24400,m³/h
swegon-iqlogic-gold-rx-px-cx-sd-ahu-modbus,e5,Swegon,IQlogic — GOLD RX/PX/CX/SD AHU (Modbus),GOLD CX Longest section 070,capacityClass,packagedUnit,extracted,Swegon_AHU_QuickGuide.pdf,6,치수·중량 — Swegon_AHU_QuickGuide.pdf p6,ratedAirflow,정격 풍량,7200 - 24400,m³/h
swegon-iqlogic-gold-rx-px-cx-sd-ahu-modbus,e5,Swegon,IQlogic — GOLD RX/PX/CX/SD AHU (Modbus),GOLD CX Longest section 070,capacityClass,packagedUnit,extracted,Swegon_AHU_QuickGuide.pdf,6,치수·중량 — Swegon_AHU_QuickGuide.pdf p6,sfp15Airflow,SFP 1.5 / 150 Pa 풍량,18000,m³/h
swegon-iqlogic-gold-rx-px-cx-sd-ahu-modbus,e5,Swegon,IQlogic — GOLD RX/PX/CX/SD AHU (Modbus),GOLD CX Longest section 070,capacityClass,packagedUnit,extracted,Swegon_AHU_QuickGuide.pdf,6,치수·중량 — Swegon_AHU_QuickGuide.pdf p6,sfp20Airflow,SFP 2.0 / 200 Pa 풍량,22320,m³/h
swegon-iqlogic-gold-rx-px-cx-sd-ahu-modbus,e5,Swegon,IQlogic — GOLD RX/PX/CX/SD AHU (Modbus),GOLD CX Longest section 080,capacityClass,packagedUnit,extracted,Swegon_AHU_QuickGuide.pdf,6,치수·중량 — Swegon_AHU_QuickGuide.pdf p6,airflowConfiguration,기류 구성,GOLD CX Longest section,
swegon-iqlogic-gold-rx-px-cx-sd-ahu-modbus,e5,Swegon,IQlogic — GOLD RX/PX/CX/SD AHU (Modbus),GOLD CX Longest section 080,capacityClass,packagedUnit,extracted,Swegon_AHU_QuickGuide.pdf,6,치수·중량 — Swegon_AHU_QuickGuide.pdf p6,capacityClass,용량대,크기 080,
swegon-iqlogic-gold-rx-px-cx-sd-ahu-modbus,e5,Swegon,IQlogic — GOLD RX/PX/CX/SD AHU (Modbus),GOLD CX Longest section 080,capacityClass,packagedUnit,extracted,Swegon_AHU_QuickGuide.pdf,6,치수·중량 — Swegon_AHU_QuickGuide.pdf p6,ecodesignAirflow,Ecodesign 풍량,7560 - 24800,m³/h
swegon-iqlogic-gold-rx-px-cx-sd-ahu-modbus,e5,Swegon,IQlogic — GOLD RX/PX/CX/SD AHU (Modbus),GOLD CX Longest section 080,capacityClass,packagedUnit,extracted,Swegon_AHU_QuickGuide.pdf,6,치수·중량 — Swegon_AHU_QuickGuide.pdf p6,ratedAirflow,정격 풍량,7560 - 24800,m³/h
swegon-iqlogic-gold-rx-px-cx-sd-ahu-modbus,e5,Swegon,IQlogic — GOLD RX/PX/CX/SD AHU (Modbus),GOLD CX Longest section 080,capacityClass,packagedUnit,extracted,Swegon_AHU_QuickGuide.pdf,6,치수·중량 — Swegon_AHU_QuickGuide.pdf p6,sfp15Airflow,SFP 1.5 / 150 Pa 풍량,17520,m³/h
swegon-iqlogic-gold-rx-px-cx-sd-ahu-modbus,e5,Swegon,IQlogic — GOLD RX/PX/CX/SD AHU (Modbus),GOLD CX Longest section 080,capacityClass,packagedUnit,extracted,Swegon_AHU_QuickGuide.pdf,6,치수·중량 — Swegon_AHU_QuickGuide.pdf p6,sfp20Airflow,SFP 2.0 / 200 Pa 풍량,22320,m³/h
swegon-iqlogic-gold-rx-px-cx-sd-ahu-modbus,e5,Swegon,IQlogic — GOLD RX/PX/CX/SD AHU (Modbus),GOLD CX Top 011 Top,capacityClass,packagedUnit,extracted,Swegon_AHU_QuickGuide.pdf,6,치수·중량 — Swegon_AHU_QuickGuide.pdf p6,airflowConfiguration,기류 구성,GOLD CX Top,
swegon-iqlogic-gold-rx-px-cx-sd-ahu-modbus,e5,Swegon,IQlogic — GOLD RX/PX/CX/SD AHU (Modbus),GOLD CX Top 011 Top,capacityClass,packagedUnit,extracted,Swegon_AHU_QuickGuide.pdf,6,치수·중량 — Swegon_AHU_QuickGuide.pdf p6,capacityClass,용량대,크기 011 Top,
swegon-iqlogic-gold-rx-px-cx-sd-ahu-modbus,e5,Swegon,IQlogic — GOLD RX/PX/CX/SD AHU (Modbus),GOLD CX Top 011 Top,capacityClass,packagedUnit,extracted,Swegon_AHU_QuickGuide.pdf,6,치수·중량 — Swegon_AHU_QuickGuide.pdf p6,ecodesignAirflow,Ecodesign 풍량,1620 - 3950,m³/h
swegon-iqlogic-gold-rx-px-cx-sd-ahu-modbus,e5,Swegon,IQlogic — GOLD RX/PX/CX/SD AHU (Modbus),GOLD CX Top 011 Top,capacityClass,packagedUnit,extracted,Swegon_AHU_QuickGuide.pdf,6,치수·중량 — Swegon_AHU_QuickGuide.pdf p6,ratedAirflow,정격 풍량,1620 - 3950,m³/h
swegon-iqlogic-gold-rx-px-cx-sd-ahu-modbus,e5,Swegon,IQlogic — GOLD RX/PX/CX/SD AHU (Modbus),GOLD CX Top 011 Top,capacityClass,packagedUnit,extracted,Swegon_AHU_QuickGuide.pdf,6,치수·중량 — Swegon_AHU_QuickGuide.pdf p6,sfp15Airflow,SFP 1.5 / 150 Pa 풍량,3000,m³/h
swegon-iqlogic-gold-rx-px-cx-sd-ahu-modbus,e5,Swegon,IQlogic — GOLD RX/PX/CX/SD AHU (Modbus),GOLD CX Top 011 Top,capacityClass,packagedUnit,extracted,Swegon_AHU_QuickGuide.pdf,6,치수·중량 — Swegon_AHU_QuickGuide.pdf p6,sfp20Airflow,SFP 2.0 / 200 Pa 풍량,3706,m³/h
swegon-iqlogic-gold-rx-px-cx-sd-ahu-modbus,e5,Swegon,IQlogic — GOLD RX/PX/CX/SD AHU (Modbus),GOLD CX Top 012 Top,capacityClass,packagedUnit,extracted,Swegon_AHU_QuickGuide.pdf,6,치수·중량 — Swegon_AHU_QuickGuide.pdf p6,airflowConfiguration,기류 구성,GOLD CX Top,
swegon-iqlogic-gold-rx-px-cx-sd-ahu-modbus,e5,Swegon,IQlogic — GOLD RX/PX/CX/SD AHU (Modbus),GOLD CX Top 012 Top,capacityClass,packagedUnit,extracted,Swegon_AHU_QuickGuide.pdf,6,치수·중량 — Swegon_AHU_QuickGuide.pdf p6,capacityClass,용량대,크기 012 Top,
swegon-iqlogic-gold-rx-px-cx-sd-ahu-modbus,e5,Swegon,IQlogic — GOLD RX/PX/CX/SD AHU (Modbus),GOLD CX Top 012 Top,capacityClass,packagedUnit,extracted,Swegon_AHU_QuickGuide.pdf,6,치수·중량 — Swegon_AHU_QuickGuide.pdf p6,ecodesignAirflow,Ecodesign 풍량,1800 - 4270,m³/h
swegon-iqlogic-gold-rx-px-cx-sd-ahu-modbus,e5,Swegon,IQlogic — GOLD RX/PX/CX/SD AHU (Modbus),GOLD CX Top 012 Top,capacityClass,packagedUnit,extracted,Swegon_AHU_QuickGuide.pdf,6,치수·중량 — Swegon_AHU_QuickGuide.pdf p6,ratedAirflow,정격 풍량,1800 - 4270,m³/h
swegon-iqlogic-gold-rx-px-cx-sd-ahu-modbus,e5,Swegon,IQlogic — GOLD RX/PX/CX/SD AHU (Modbus),GOLD CX Top 012 Top,capacityClass,packagedUnit,extracted,Swegon_AHU_QuickGuide.pdf,6,치수·중량 — Swegon_AHU_QuickGuide.pdf p6,sfp15Airflow,SFP 1.5 / 150 Pa 풍량,3007,m³/h
swegon-iqlogic-gold-rx-px-cx-sd-ahu-modbus,e5,Swegon,IQlogic — GOLD RX/PX/CX/SD AHU (Modbus),GOLD CX Top 012 Top,capacityClass,packagedUnit,extracted,Swegon_AHU_QuickGuide.pdf,6,치수·중량 — Swegon_AHU_QuickGuide.pdf p6,sfp20Airflow,SFP 2.0 / 200 Pa 풍량,3816,m³/h
swegon-iqlogic-gold-rx-px-cx-sd-ahu-modbus,e5,Swegon,IQlogic — GOLD RX/PX/CX/SD AHU (Modbus),GOLD CX Top 014 Top,capacityClass,packagedUnit,extracted,Swegon_AHU_QuickGuide.pdf,6,치수·중량 — Swegon_AHU_QuickGuide.pdf p6,airflowConfiguration,기류 구성,GOLD CX Top,
swegon-iqlogic-gold-rx-px-cx-sd-ahu-modbus,e5,Swegon,IQlogic — GOLD RX/PX/CX/SD AHU (Modbus),GOLD CX Top 014 Top,capacityClass,packagedUnit,extracted,Swegon_AHU_QuickGuide.pdf,6,치수·중량 — Swegon_AHU_QuickGuide.pdf p6,capacityClass,용량대,크기 014 Top,
swegon-iqlogic-gold-rx-px-cx-sd-ahu-modbus,e5,Swegon,IQlogic — GOLD RX/PX/CX/SD AHU (Modbus),GOLD CX Top 014 Top,capacityClass,packagedUnit,extracted,Swegon_AHU_QuickGuide.pdf,6,치수·중량 — Swegon_AHU_QuickGuide.pdf p6,ecodesignAirflow,Ecodesign 풍량,2700 - 5940,m³/h
swegon-iqlogic-gold-rx-px-cx-sd-ahu-modbus,e5,Swegon,IQlogic — GOLD RX/PX/CX/SD AHU (Modbus),GOLD CX Top 014 Top,capacityClass,packagedUnit,extracted,Swegon_AHU_QuickGuide.pdf,6,치수·중량 — Swegon_AHU_QuickGuide.pdf p6,ratedAirflow,정격 풍량,2700 - 5940,m³/h
swegon-iqlogic-gold-rx-px-cx-sd-ahu-modbus,e5,Swegon,IQlogic — GOLD RX/PX/CX/SD AHU (Modbus),GOLD CX Top 014 Top,capacityClass,packagedUnit,extracted,Swegon_AHU_QuickGuide.pdf,6,치수·중량 — Swegon_AHU_QuickGuide.pdf p6,sfp15Airflow,SFP 1.5 / 150 Pa 풍량,4680,m³/h
swegon-iqlogic-gold-rx-px-cx-sd-ahu-modbus,e5,Swegon,IQlogic — GOLD RX/PX/CX/SD AHU (Modbus),GOLD CX Top 014 Top,capacityClass,packagedUnit,extracted,Swegon_AHU_QuickGuide.pdf,6,치수·중량 — Swegon_AHU_QuickGuide.pdf p6,sfp20Airflow,SFP 2.0 / 200 Pa 풍량,5887,m³/h
swegon-iqlogic-gold-rx-px-cx-sd-ahu-modbus,e5,Swegon,IQlogic — GOLD RX/PX/CX/SD AHU (Modbus),GOLD CX Top 020 Top,capacityClass,packagedUnit,extracted,Swegon_AHU_QuickGuide.pdf,6,치수·중량 — Swegon_AHU_QuickGuide.pdf p6,airflowConfiguration,기류 구성,GOLD CX Top,
swegon-iqlogic-gold-rx-px-cx-sd-ahu-modbus,e5,Swegon,IQlogic — GOLD RX/PX/CX/SD AHU (Modbus),GOLD CX Top 020 Top,capacityClass,packagedUnit,extracted,Swegon_AHU_QuickGuide.pdf,6,치수·중량 — Swegon_AHU_QuickGuide.pdf p6,capacityClass,용량대,크기 020 Top,
swegon-iqlogic-gold-rx-px-cx-sd-ahu-modbus,e5,Swegon,IQlogic — GOLD RX/PX/CX/SD AHU (Modbus),GOLD CX Top 020 Top,capacityClass,packagedUnit,extracted,Swegon_AHU_QuickGuide.pdf,6,치수·중량 — Swegon_AHU_QuickGuide.pdf p6,ecodesignAirflow,Ecodesign 풍량,2700 - 6530,m³/h
swegon-iqlogic-gold-rx-px-cx-sd-ahu-modbus,e5,Swegon,IQlogic — GOLD RX/PX/CX/SD AHU (Modbus),GOLD CX Top 020 Top,capacityClass,packagedUnit,extracted,Swegon_AHU_QuickGuide.pdf,6,치수·중량 — Swegon_AHU_QuickGuide.pdf p6,ratedAirflow,정격 풍량,2700 - 6530,m³/h
swegon-iqlogic-gold-rx-px-cx-sd-ahu-modbus,e5,Swegon,IQlogic — GOLD RX/PX/CX/SD AHU (Modbus),GOLD CX Top 020 Top,capacityClass,packagedUnit,extracted,Swegon_AHU_QuickGuide.pdf,6,치수·중량 — Swegon_AHU_QuickGuide.pdf p6,sfp15Airflow,SFP 1.5 / 150 Pa 풍량,4909,m³/h
swegon-iqlogic-gold-rx-px-cx-sd-ahu-modbus,e5,Swegon,IQlogic — GOLD RX/PX/CX/SD AHU (Modbus),GOLD CX Top 020 Top,capacityClass,packagedUnit,extracted,Swegon_AHU_QuickGuide.pdf,6,치수·중량 — Swegon_AHU_QuickGuide.pdf p6,sfp20Airflow,SFP 2.0 / 200 Pa 풍량,6180,m³/h
swegon-iqlogic-gold-rx-px-cx-sd-ahu-modbus,e5,Swegon,IQlogic — GOLD RX/PX/CX/SD AHU (Modbus),GOLD CX Top 025 Top,capacityClass,packagedUnit,extracted,Swegon_AHU_QuickGuide.pdf,6,치수·중량 — Swegon_AHU_QuickGuide.pdf p6,airflowConfiguration,기류 구성,GOLD CX Top,
swegon-iqlogic-gold-rx-px-cx-sd-ahu-modbus,e5,Swegon,IQlogic — GOLD RX/PX/CX/SD AHU (Modbus),GOLD CX Top 025 Top,capacityClass,packagedUnit,extracted,Swegon_AHU_QuickGuide.pdf,6,치수·중량 — Swegon_AHU_QuickGuide.pdf p6,capacityClass,용량대,크기 025 Top,
swegon-iqlogic-gold-rx-px-cx-sd-ahu-modbus,e5,Swegon,IQlogic — GOLD RX/PX/CX/SD AHU (Modbus),GOLD CX Top 025 Top,capacityClass,packagedUnit,extracted,Swegon_AHU_QuickGuide.pdf,6,치수·중량 — Swegon_AHU_QuickGuide.pdf p6,ecodesignAirflow,Ecodesign 풍량,3420 - 8210,m³/h
swegon-iqlogic-gold-rx-px-cx-sd-ahu-modbus,e5,Swegon,IQlogic — GOLD RX/PX/CX/SD AHU (Modbus),GOLD CX Top 025 Top,capacityClass,packagedUnit,extracted,Swegon_AHU_QuickGuide.pdf,6,치수·중량 — Swegon_AHU_QuickGuide.pdf p6,ratedAirflow,정격 풍량,3420 - 8210,m³/h
swegon-iqlogic-gold-rx-px-cx-sd-ahu-modbus,e5,Swegon,IQlogic — GOLD RX/PX/CX/SD AHU (Modbus),GOLD CX Top 025 Top,capacityClass,packagedUnit,extracted,Swegon_AHU_QuickGuide.pdf,6,치수·중량 — Swegon_AHU_QuickGuide.pdf p6,sfp15Airflow,SFP 1.5 / 150 Pa 풍량,6223,m³/h
swegon-iqlogic-gold-rx-px-cx-sd-ahu-modbus,e5,Swegon,IQlogic — GOLD RX/PX/CX/SD AHU (Modbus),GOLD CX Top 025 Top,capacityClass,packagedUnit,extracted,Swegon_AHU_QuickGuide.pdf,6,치수·중량 — Swegon_AHU_QuickGuide.pdf p6,sfp20Airflow,SFP 2.0 / 200 Pa 풍량,7650,m³/h
swegon-iqlogic-gold-rx-px-cx-sd-ahu-modbus,e5,Swegon,IQlogic — GOLD RX/PX/CX/SD AHU (Modbus),GOLD CX Top 030 Top,capacityClass,packagedUnit,extracted,Swegon_AHU_QuickGuide.pdf,6,치수·중량 — Swegon_AHU_QuickGuide.pdf p6,airflowConfiguration,기류 구성,GOLD CX Top,
swegon-iqlogic-gold-rx-px-cx-sd-ahu-modbus,e5,Swegon,IQlogic — GOLD RX/PX/CX/SD AHU (Modbus),GOLD CX Top 030 Top,capacityClass,packagedUnit,extracted,Swegon_AHU_QuickGuide.pdf,6,치수·중량 — Swegon_AHU_QuickGuide.pdf p6,capacityClass,용량대,크기 030 Top,
swegon-iqlogic-gold-rx-px-cx-sd-ahu-modbus,e5,Swegon,IQlogic — GOLD RX/PX/CX/SD AHU (Modbus),GOLD CX Top 030 Top,capacityClass,packagedUnit,extracted,Swegon_AHU_QuickGuide.pdf,6,치수·중량 — Swegon_AHU_QuickGuide.pdf p6,ecodesignAirflow,Ecodesign 풍량,3420 - 8160,m³/h
swegon-iqlogic-gold-rx-px-cx-sd-ahu-modbus,e5,Swegon,IQlogic — GOLD RX/PX/CX/SD AHU (Modbus),GOLD CX Top 030 Top,capacityClass,packagedUnit,extracted,Swegon_AHU_QuickGuide.pdf,6,치수·중량 — Swegon_AHU_QuickGuide.pdf p6,ratedAirflow,정격 풍량,3420 - 8160,m³/h
swegon-iqlogic-gold-rx-px-cx-sd-ahu-modbus,e5,Swegon,IQlogic — GOLD RX/PX/CX/SD AHU (Modbus),GOLD CX Top 030 Top,capacityClass,packagedUnit,extracted,Swegon_AHU_QuickGuide.pdf,6,치수·중량 — Swegon_AHU_QuickGuide.pdf p6,sfp15Airflow,SFP 1.5 / 150 Pa 풍량,5968,m³/h
swegon-iqlogic-gold-rx-px-cx-sd-ahu-modbus,e5,Swegon,IQlogic — GOLD RX/PX/CX/SD AHU (Modbus),GOLD CX Top 030 Top,capacityClass,packagedUnit,extracted,Swegon_AHU_QuickGuide.pdf,6,치수·중량 — Swegon_AHU_QuickGuide.pdf p6,sfp20Airflow,SFP 2.0 / 200 Pa 풍량,7560,m³/h
systemair-access-geniox-geniox-go-ahu-modbus,e5,Systemair,Access — Geniox·Geniox GO AHU (Modbus),Geniox 10,capacityClass,packagedUnit,extracted,Systemair_Geniox_QuickGuide.pdf#quickselection,12,"General data — Geniox sizes (quick guide, rotary heat exchanger)",capacityClass,용량대,크기 10,
systemair-access-geniox-geniox-go-ahu-modbus,e5,Systemair,Access — Geniox·Geniox GO AHU (Modbus),Geniox 10,capacityClass,packagedUnit,extracted,Systemair_Geniox_QuickGuide.pdf#quickselection,12,"General data — Geniox sizes (quick guide, rotary heat exchanger)",unitHeight,유닛 높이,1082,mm
systemair-access-geniox-geniox-go-ahu-modbus,e5,Systemair,Access — Geniox·Geniox GO AHU (Modbus),Geniox 10,capacityClass,packagedUnit,extracted,Systemair_Geniox_QuickGuide.pdf#quickselection,12,"General data — Geniox sizes (quick guide, rotary heat exchanger)",unitLength,유닛 길이,2282,mm
systemair-access-geniox-geniox-go-ahu-modbus,e5,Systemair,Access — Geniox·Geniox GO AHU (Modbus),Geniox 10,capacityClass,packagedUnit,extracted,Systemair_Geniox_QuickGuide.pdf#quickselection,12,"General data — Geniox sizes (quick guide, rotary heat exchanger)",unitWidth,유닛 폭,1082,mm
systemair-access-geniox-geniox-go-ahu-modbus,e5,Systemair,Access — Geniox·Geniox GO AHU (Modbus),Geniox 11,capacityClass,packagedUnit,extracted,Systemair_Geniox_QuickGuide.pdf#quickselection,12,"General data — Geniox sizes (quick guide, rotary heat exchanger)",capacityClass,용량대,크기 11,
systemair-access-geniox-geniox-go-ahu-modbus,e5,Systemair,Access — Geniox·Geniox GO AHU (Modbus),Geniox 11,capacityClass,packagedUnit,extracted,Systemair_Geniox_QuickGuide.pdf#quickselection,12,"General data — Geniox sizes (quick guide, rotary heat exchanger)",unitHeight,유닛 높이,1182,mm
systemair-access-geniox-geniox-go-ahu-modbus,e5,Systemair,Access — Geniox·Geniox GO AHU (Modbus),Geniox 11,capacityClass,packagedUnit,extracted,Systemair_Geniox_QuickGuide.pdf#quickselection,12,"General data — Geniox sizes (quick guide, rotary heat exchanger)",unitLength,유닛 길이,2282,mm
systemair-access-geniox-geniox-go-ahu-modbus,e5,Systemair,Access — Geniox·Geniox GO AHU (Modbus),Geniox 11,capacityClass,packagedUnit,extracted,Systemair_Geniox_QuickGuide.pdf#quickselection,12,"General data — Geniox sizes (quick guide, rotary heat exchanger)",unitWidth,유닛 폭,1182,mm
systemair-access-geniox-geniox-go-ahu-modbus,e5,Systemair,Access — Geniox·Geniox GO AHU (Modbus),Geniox 12,capacityClass,packagedUnit,extracted,Systemair_Geniox_QuickGuide.pdf#quickselection,12,"General data — Geniox sizes (quick guide, rotary heat exchanger)",capacityClass,용량대,크기 12,
systemair-access-geniox-geniox-go-ahu-modbus,e5,Systemair,Access — Geniox·Geniox GO AHU (Modbus),Geniox 12,capacityClass,packagedUnit,extracted,Systemair_Geniox_QuickGuide.pdf#quickselection,12,"General data — Geniox sizes (quick guide, rotary heat exchanger)",unitHeight,유닛 높이,1282,mm
systemair-access-geniox-geniox-go-ahu-modbus,e5,Systemair,Access — Geniox·Geniox GO AHU (Modbus),Geniox 12,capacityClass,packagedUnit,extracted,Systemair_Geniox_QuickGuide.pdf#quickselection,12,"General data — Geniox sizes (quick guide, rotary heat exchanger)",unitLength,유닛 길이,2282,mm
systemair-access-geniox-geniox-go-ahu-modbus,e5,Systemair,Access — Geniox·Geniox GO AHU (Modbus),Geniox 12,capacityClass,packagedUnit,extracted,Systemair_Geniox_QuickGuide.pdf#quickselection,12,"General data — Geniox sizes (quick guide, rotary heat exchanger)",unitWidth,유닛 폭,1282,mm
systemair-access-geniox-geniox-go-ahu-modbus,e5,Systemair,Access — Geniox·Geniox GO AHU (Modbus),Geniox 14,capacityClass,packagedUnit,extracted,Systemair_Geniox_QuickGuide.pdf#quickselection,12,"General data — Geniox sizes (quick guide, rotary heat exchanger)",capacityClass,용량대,크기 14,
systemair-access-geniox-geniox-go-ahu-modbus,e5,Systemair,Access — Geniox·Geniox GO AHU (Modbus),Geniox 14,capacityClass,packagedUnit,extracted,Systemair_Geniox_QuickGuide.pdf#quickselection,12,"General data — Geniox sizes (quick guide, rotary heat exchanger)",unitHeight,유닛 높이,1482,mm
systemair-access-geniox-geniox-go-ahu-modbus,e5,Systemair,Access — Geniox·Geniox GO AHU (Modbus),Geniox 14,capacityClass,packagedUnit,extracted,Systemair_Geniox_QuickGuide.pdf#quickselection,12,"General data — Geniox sizes (quick guide, rotary heat exchanger)",unitLength,유닛 길이,2282,mm
systemair-access-geniox-geniox-go-ahu-modbus,e5,Systemair,Access — Geniox·Geniox GO AHU (Modbus),Geniox 14,capacityClass,packagedUnit,extracted,Systemair_Geniox_QuickGuide.pdf#quickselection,12,"General data — Geniox sizes (quick guide, rotary heat exchanger)",unitWidth,유닛 폭,1482,mm
systemair-access-geniox-geniox-go-ahu-modbus,e5,Systemair,Access — Geniox·Geniox GO AHU (Modbus),Geniox 16,capacityClass,packagedUnit,extracted,Systemair_Geniox_QuickGuide.pdf#quickselection,12,"General data — Geniox sizes (quick guide, rotary heat exchanger)",capacityClass,용량대,크기 16,
systemair-access-geniox-geniox-go-ahu-modbus,e5,Systemair,Access — Geniox·Geniox GO AHU (Modbus),Geniox 16,capacityClass,packagedUnit,extracted,Systemair_Geniox_QuickGuide.pdf#quickselection,12,"General data — Geniox sizes (quick guide, rotary heat exchanger)",unitHeight,유닛 높이,1682,mm
systemair-access-geniox-geniox-go-ahu-modbus,e5,Systemair,Access — Geniox·Geniox GO AHU (Modbus),Geniox 16,capacityClass,packagedUnit,extracted,Systemair_Geniox_QuickGuide.pdf#quickselection,12,"General data — Geniox sizes (quick guide, rotary heat exchanger)",unitLength,유닛 길이,2282,mm
systemair-access-geniox-geniox-go-ahu-modbus,e5,Systemair,Access — Geniox·Geniox GO AHU (Modbus),Geniox 16,capacityClass,packagedUnit,extracted,Systemair_Geniox_QuickGuide.pdf#quickselection,12,"General data — Geniox sizes (quick guide, rotary heat exchanger)",unitWidth,유닛 폭,1682,mm
systemair-access-geniox-geniox-go-ahu-modbus,e5,Systemair,Access — Geniox·Geniox GO AHU (Modbus),Geniox 18,capacityClass,packagedUnit,extracted,Systemair_Geniox_QuickGuide.pdf#quickselection,12,"General data — Geniox sizes (quick guide, rotary heat exchanger)",capacityClass,용량대,크기 18,
systemair-access-geniox-geniox-go-ahu-modbus,e5,Systemair,Access — Geniox·Geniox GO AHU (Modbus),Geniox 18,capacityClass,packagedUnit,extracted,Systemair_Geniox_QuickGuide.pdf#quickselection,12,"General data — Geniox sizes (quick guide, rotary heat exchanger)",unitHeight,유닛 높이,1882,mm
systemair-access-geniox-geniox-go-ahu-modbus,e5,Systemair,Access — Geniox·Geniox GO AHU (Modbus),Geniox 18,capacityClass,packagedUnit,extracted,Systemair_Geniox_QuickGuide.pdf#quickselection,12,"General data — Geniox sizes (quick guide, rotary heat exchanger)",unitLength,유닛 길이,2282,mm
systemair-access-geniox-geniox-go-ahu-modbus,e5,Systemair,Access — Geniox·Geniox GO AHU (Modbus),Geniox 18,capacityClass,packagedUnit,extracted,Systemair_Geniox_QuickGuide.pdf#quickselection,12,"General data — Geniox sizes (quick guide, rotary heat exchanger)",unitWidth,유닛 폭,1882,mm
systemair-access-geniox-geniox-go-ahu-modbus,e5,Systemair,Access — Geniox·Geniox GO AHU (Modbus),Geniox 20,capacityClass,packagedUnit,extracted,Systemair_Geniox_QuickGuide.pdf#quickselection,12,"General data — Geniox sizes (quick guide, rotary heat exchanger)",capacityClass,용량대,크기 20,
systemair-access-geniox-geniox-go-ahu-modbus,e5,Systemair,Access — Geniox·Geniox GO AHU (Modbus),Geniox 20,capacityClass,packagedUnit,extracted,Systemair_Geniox_QuickGuide.pdf#quickselection,12,"General data — Geniox sizes (quick guide, rotary heat exchanger)",unitHeight,유닛 높이,2082,mm
systemair-access-geniox-geniox-go-ahu-modbus,e5,Systemair,Access — Geniox·Geniox GO AHU (Modbus),Geniox 20,capacityClass,packagedUnit,extracted,Systemair_Geniox_QuickGuide.pdf#quickselection,12,"General data — Geniox sizes (quick guide, rotary heat exchanger)",unitLength,유닛 길이,2382,mm
systemair-access-geniox-geniox-go-ahu-modbus,e5,Systemair,Access — Geniox·Geniox GO AHU (Modbus),Geniox 20,capacityClass,packagedUnit,extracted,Systemair_Geniox_QuickGuide.pdf#quickselection,12,"General data — Geniox sizes (quick guide, rotary heat exchanger)",unitWidth,유닛 폭,2082,mm
systemair-access-geniox-geniox-go-ahu-modbus,e5,Systemair,Access — Geniox·Geniox GO AHU (Modbus),Geniox 22,capacityClass,packagedUnit,extracted,Systemair_Geniox_QuickGuide.pdf#quickselection,12,"General data — Geniox sizes (quick guide, rotary heat exchanger)",capacityClass,용량대,크기 22,
systemair-access-geniox-geniox-go-ahu-modbus,e5,Systemair,Access — Geniox·Geniox GO AHU (Modbus),Geniox 22,capacityClass,packagedUnit,extracted,Systemair_Geniox_QuickGuide.pdf#quickselection,12,"General data — Geniox sizes (quick guide, rotary heat exchanger)",unitHeight,유닛 높이,2282,mm
systemair-access-geniox-geniox-go-ahu-modbus,e5,Systemair,Access — Geniox·Geniox GO AHU (Modbus),Geniox 22,capacityClass,packagedUnit,extracted,Systemair_Geniox_QuickGuide.pdf#quickselection,12,"General data — Geniox sizes (quick guide, rotary heat exchanger)",unitLength,유닛 길이,2382,mm
systemair-access-geniox-geniox-go-ahu-modbus,e5,Systemair,Access — Geniox·Geniox GO AHU (Modbus),Geniox 22,capacityClass,packagedUnit,extracted,Systemair_Geniox_QuickGuide.pdf#quickselection,12,"General data — Geniox sizes (quick guide, rotary heat exchanger)",unitWidth,유닛 폭,2282,mm
systemair-access-geniox-geniox-go-ahu-modbus,e5,Systemair,Access — Geniox·Geniox GO AHU (Modbus),Geniox 24,capacityClass,packagedUnit,extracted,Systemair_Geniox_QuickGuide.pdf#quickselection,12,"General data — Geniox sizes (quick guide, rotary heat exchanger)",capacityClass,용량대,크기 24,
systemair-access-geniox-geniox-go-ahu-modbus,e5,Systemair,Access — Geniox·Geniox GO AHU (Modbus),Geniox 24,capacityClass,packagedUnit,extracted,Systemair_Geniox_QuickGuide.pdf#quickselection,12,"General data — Geniox sizes (quick guide, rotary heat exchanger)",unitHeight,유닛 높이,2482,mm
systemair-access-geniox-geniox-go-ahu-modbus,e5,Systemair,Access — Geniox·Geniox GO AHU (Modbus),Geniox 24,capacityClass,packagedUnit,extracted,Systemair_Geniox_QuickGuide.pdf#quickselection,12,"General data — Geniox sizes (quick guide, rotary heat exchanger)",unitLength,유닛 길이,2582,mm
systemair-access-geniox-geniox-go-ahu-modbus,e5,Systemair,Access — Geniox·Geniox GO AHU (Modbus),Geniox 24,capacityClass,packagedUnit,extracted,Systemair_Geniox_QuickGuide.pdf#quickselection,12,"General data — Geniox sizes (quick guide, rotary heat exchanger)",unitWidth,유닛 폭,2482,mm
systemair-access-geniox-geniox-go-ahu-modbus,e5,Systemair,Access — Geniox·Geniox GO AHU (Modbus),Geniox 27,capacityClass,packagedUnit,extracted,Systemair_Geniox_QuickGuide.pdf#quickselection,12,"General data — Geniox sizes (quick guide, rotary heat exchanger)",capacityClass,용량대,크기 27,
systemair-access-geniox-geniox-go-ahu-modbus,e5,Systemair,Access — Geniox·Geniox GO AHU (Modbus),Geniox 27,capacityClass,packagedUnit,extracted,Systemair_Geniox_QuickGuide.pdf#quickselection,12,"General data — Geniox sizes (quick guide, rotary heat exchanger)",unitHeight,유닛 높이,2764,mm
systemair-access-geniox-geniox-go-ahu-modbus,e5,Systemair,Access — Geniox·Geniox GO AHU (Modbus),Geniox 27,capacityClass,packagedUnit,extracted,Systemair_Geniox_QuickGuide.pdf#quickselection,12,"General data — Geniox sizes (quick guide, rotary heat exchanger)",unitLength,유닛 길이,2882,mm
systemair-access-geniox-geniox-go-ahu-modbus,e5,Systemair,Access — Geniox·Geniox GO AHU (Modbus),Geniox 27,capacityClass,packagedUnit,extracted,Systemair_Geniox_QuickGuide.pdf#quickselection,12,"General data — Geniox sizes (quick guide, rotary heat exchanger)",unitWidth,유닛 폭,2782,mm
systemair-access-geniox-geniox-go-ahu-modbus,e5,Systemair,Access — Geniox·Geniox GO AHU (Modbus),Geniox 29,capacityClass,packagedUnit,extracted,Systemair_Geniox_QuickGuide.pdf#quickselection,12,"General data — Geniox sizes (quick guide, rotary heat exchanger)",capacityClass,용량대,크기 29,
systemair-access-geniox-geniox-go-ahu-modbus,e5,Systemair,Access — Geniox·Geniox GO AHU (Modbus),Geniox 29,capacityClass,packagedUnit,extracted,Systemair_Geniox_QuickGuide.pdf#quickselection,12,"General data — Geniox sizes (quick guide, rotary heat exchanger)",unitHeight,유닛 높이,2964,mm
systemair-access-geniox-geniox-go-ahu-modbus,e5,Systemair,Access — Geniox·Geniox GO AHU (Modbus),Geniox 29,capacityClass,packagedUnit,extracted,Systemair_Geniox_QuickGuide.pdf#quickselection,12,"General data — Geniox sizes (quick guide, rotary heat exchanger)",unitLength,유닛 길이,2982,mm
systemair-access-geniox-geniox-go-ahu-modbus,e5,Systemair,Access — Geniox·Geniox GO AHU (Modbus),Geniox 29,capacityClass,packagedUnit,extracted,Systemair_Geniox_QuickGuide.pdf#quickselection,12,"General data — Geniox sizes (quick guide, rotary heat exchanger)",unitWidth,유닛 폭,2982,mm
systemair-access-geniox-geniox-go-ahu-modbus,e5,Systemair,Access — Geniox·Geniox GO AHU (Modbus),Geniox 31,capacityClass,packagedUnit,extracted,Systemair_Geniox_QuickGuide.pdf#quickselection,12,"General data — Geniox sizes (quick guide, rotary heat exchanger)",capacityClass,용량대,크기 31,
systemair-access-geniox-geniox-go-ahu-modbus,e5,Systemair,Access — Geniox·Geniox GO AHU (Modbus),Geniox 31,capacityClass,packagedUnit,extracted,Systemair_Geniox_QuickGuide.pdf#quickselection,12,"General data — Geniox sizes (quick guide, rotary heat exchanger)",unitHeight,유닛 높이,3164,mm
systemair-access-geniox-geniox-go-ahu-modbus,e5,Systemair,Access — Geniox·Geniox GO AHU (Modbus),Geniox 31,capacityClass,packagedUnit,extracted,Systemair_Geniox_QuickGuide.pdf#quickselection,12,"General data — Geniox sizes (quick guide, rotary heat exchanger)",unitLength,유닛 길이,2982,mm
systemair-access-geniox-geniox-go-ahu-modbus,e5,Systemair,Access — Geniox·Geniox GO AHU (Modbus),Geniox 31,capacityClass,packagedUnit,extracted,Systemair_Geniox_QuickGuide.pdf#quickselection,12,"General data — Geniox sizes (quick guide, rotary heat exchanger)",unitWidth,유닛 폭,3182,mm
trane-symbio-700-odyssey-lontalk-scc,e5,Trane,Symbio™ 700 — Odyssey™ (LonTalk) · SCC 프로파일 (실내 쾌적 제어),Single Compressor TTA0724*A*,modelNumber,condensingUnit,extracted,SS-PRC028AA-EN_06262022.pdf,23,Table 6. General data — 6-7.5 tons (TTA0724*A*-TTA0904*D*) condensing units — 60 Hz,ahriNetCoolingCapacity,AHRI 냉방능력,"76,000",Btu/h
trane-symbio-700-odyssey-lontalk-scc,e5,Trane,Symbio™ 700 — Odyssey™ (LonTalk) · SCC 프로파일 (실내 쾌적 제어),Single Compressor TTA0724*A*,modelNumber,condensingUnit,extracted,SS-PRC028AA-EN_06262022.pdf,23,Table 6. General data — 6-7.5 tons (TTA0724*A*-TTA0904*D*) condensing units — 60 Hz,capacityClass,용량대,6 Tons,
trane-symbio-700-odyssey-lontalk-scc,e5,Trane,Symbio™ 700 — Odyssey™ (LonTalk) · SCC 프로파일 (실내 쾌적 제어),Single Compressor TTA0724*A*,modelNumber,condensingUnit,extracted,SS-PRC028AA-EN_06262022.pdf,23,Table 6. General data — 6-7.5 tons (TTA0724*A*-TTA0904*D*) condensing units — 60 Hz,coilFaceArea,코일 면적,18.5,sq ft
trane-symbio-700-odyssey-lontalk-scc,e5,Trane,Symbio™ 700 — Odyssey™ (LonTalk) · SCC 프로파일 (실내 쾌적 제어),Single Compressor TTA0724*A*,modelNumber,condensingUnit,extracted,SS-PRC028AA-EN_06262022.pdf,23,Table 6. General data — 6-7.5 tons (TTA0724*A*-TTA0904*D*) condensing units — 60 Hz,coilRowsFpi,코일 열수/FPI,1/23,
trane-symbio-700-odyssey-lontalk-scc,e5,Trane,Symbio™ 700 — Odyssey™ (LonTalk) · SCC 프로파일 (실내 쾌적 제어),Single Compressor TTA0724*A*,modelNumber,condensingUnit,extracted,SS-PRC028AA-EN_06262022.pdf,23,Table 6. General data — 6-7.5 tons (TTA0724*A*-TTA0904*D*) condensing units — 60 Hz,eer,EER,11.5,
trane-symbio-700-odyssey-lontalk-scc,e5,Trane,Symbio™ 700 — Odyssey™ (LonTalk) · SCC 프로파일 (실내 쾌적 제어),Single Compressor TTA0724*A*,modelNumber,condensingUnit,extracted,SS-PRC028AA-EN_06262022.pdf,23,Table 6. General data — 6-7.5 tons (TTA0724*A*-TTA0904*D*) condensing units — 60 Hz,fanMotorRpm,팬 회전수,"1,100",RPM
trane-symbio-700-odyssey-lontalk-scc,e5,Trane,Symbio™ 700 — Odyssey™ (LonTalk) · SCC 프로파일 (실내 쾌적 제어),Single Compressor TTA0724*A*,modelNumber,condensingUnit,extracted,SS-PRC028AA-EN_06262022.pdf,23,Table 6. General data — 6-7.5 tons (TTA0724*A*-TTA0904*D*) condensing units — 60 Hz,grossCoolingCapacity,냉방능력,"78,000",Btu/h
trane-symbio-700-odyssey-lontalk-scc,e5,Trane,Symbio™ 700 — Odyssey™ (LonTalk) · SCC 프로파일 (실내 쾌적 제어),Single Compressor TTA0724*A*,modelNumber,condensingUnit,extracted,SS-PRC028AA-EN_06262022.pdf,23,Table 6. General data — 6-7.5 tons (TTA0724*A*-TTA0904*D*) condensing units — 60 Hz,matchedAirHandler,조합 공조기,TWE0904*A*,
trane-symbio-700-odyssey-lontalk-scc,e5,Trane,Symbio™ 700 — Odyssey™ (LonTalk) · SCC 프로파일 (실내 쾌적 제어),Single Compressor TTA0724*A*,modelNumber,condensingUnit,extracted,SS-PRC028AA-EN_06262022.pdf,23,Table 6. General data — 6-7.5 tons (TTA0724*A*-TTA0904*D*) condensing units — 60 Hz,ratedAirflow,정격 풍량,"2,400",CFM
trane-symbio-700-odyssey-lontalk-scc,e5,Trane,Symbio™ 700 — Odyssey™ (LonTalk) · SCC 프로파일 (실내 쾌적 제어),Single Compressor TTA0724*A*,modelNumber,condensingUnit,extracted,SS-PRC028AA-EN_06262022.pdf,23,Table 6. General data — 6-7.5 tons (TTA0724*A*-TTA0904*D*) condensing units — 60 Hz,refrigerantCharge,냉매 충전량,10.0,lbs
trane-symbio-700-odyssey-lontalk-scc,e5,Trane,Symbio™ 700 — Odyssey™ (LonTalk) · SCC 프로파일 (실내 쾌적 제어),Dual Compressor TTA0724*D*,modelNumber,condensingUnit,extracted,SS-PRC028AA-EN_06262022.pdf,23,Table 6. General data — 6-7.5 tons (TTA0724*A*-TTA0904*D*) condensing units — 60 Hz,ahriNetCoolingCapacity,AHRI 냉방능력,"75,000",Btu/h
trane-symbio-700-odyssey-lontalk-scc,e5,Trane,Symbio™ 700 — Odyssey™ (LonTalk) · SCC 프로파일 (실내 쾌적 제어),Dual Compressor TTA0724*D*,modelNumber,condensingUnit,extracted,SS-PRC028AA-EN_06262022.pdf,23,Table 6. General data — 6-7.5 tons (TTA0724*A*-TTA0904*D*) condensing units — 60 Hz,capacityClass,용량대,6 Tons,
trane-symbio-700-odyssey-lontalk-scc,e5,Trane,Symbio™ 700 — Odyssey™ (LonTalk) · SCC 프로파일 (실내 쾌적 제어),Dual Compressor TTA0724*D*,modelNumber,condensingUnit,extracted,SS-PRC028AA-EN_06262022.pdf,23,Table 6. General data — 6-7.5 tons (TTA0724*A*-TTA0904*D*) condensing units — 60 Hz,coilFaceArea,코일 면적,17.4,sq ft
trane-symbio-700-odyssey-lontalk-scc,e5,Trane,Symbio™ 700 — Odyssey™ (LonTalk) · SCC 프로파일 (실내 쾌적 제어),Dual Compressor TTA0724*D*,modelNumber,condensingUnit,extracted,SS-PRC028AA-EN_06262022.pdf,23,Table 6. General data — 6-7.5 tons (TTA0724*A*-TTA0904*D*) condensing units — 60 Hz,coilRowsFpi,코일 열수/FPI,1/23,
trane-symbio-700-odyssey-lontalk-scc,e5,Trane,Symbio™ 700 — Odyssey™ (LonTalk) · SCC 프로파일 (실내 쾌적 제어),Dual Compressor TTA0724*D*,modelNumber,condensingUnit,extracted,SS-PRC028AA-EN_06262022.pdf,23,Table 6. General data — 6-7.5 tons (TTA0724*A*-TTA0904*D*) condensing units — 60 Hz,eer,EER,11.5,
trane-symbio-700-odyssey-lontalk-scc,e5,Trane,Symbio™ 700 — Odyssey™ (LonTalk) · SCC 프로파일 (실내 쾌적 제어),Dual Compressor TTA0724*D*,modelNumber,condensingUnit,extracted,SS-PRC028AA-EN_06262022.pdf,23,Table 6. General data — 6-7.5 tons (TTA0724*A*-TTA0904*D*) condensing units — 60 Hz,fanMotorRpm,팬 회전수,"1,100",RPM
trane-symbio-700-odyssey-lontalk-scc,e5,Trane,Symbio™ 700 — Odyssey™ (LonTalk) · SCC 프로파일 (실내 쾌적 제어),Dual Compressor TTA0724*D*,modelNumber,condensingUnit,extracted,SS-PRC028AA-EN_06262022.pdf,23,Table 6. General data — 6-7.5 tons (TTA0724*A*-TTA0904*D*) condensing units — 60 Hz,grossCoolingCapacity,냉방능력,"77,000",Btu/h
trane-symbio-700-odyssey-lontalk-scc,e5,Trane,Symbio™ 700 — Odyssey™ (LonTalk) · SCC 프로파일 (실내 쾌적 제어),Dual Compressor TTA0724*D*,modelNumber,condensingUnit,extracted,SS-PRC028AA-EN_06262022.pdf,23,Table 6. General data — 6-7.5 tons (TTA0724*A*-TTA0904*D*) condensing units — 60 Hz,matchedAirHandler,조합 공조기,TWE0724*B*,
trane-symbio-700-odyssey-lontalk-scc,e5,Trane,Symbio™ 700 — Odyssey™ (LonTalk) · SCC 프로파일 (실내 쾌적 제어),Dual Compressor TTA0724*D*,modelNumber,condensingUnit,extracted,SS-PRC028AA-EN_06262022.pdf,23,Table 6. General data — 6-7.5 tons (TTA0724*A*-TTA0904*D*) condensing units — 60 Hz,ratedAirflow,정격 풍량,"2,400",CFM
trane-symbio-700-odyssey-lontalk-scc,e5,Trane,Symbio™ 700 — Odyssey™ (LonTalk) · SCC 프로파일 (실내 쾌적 제어),Dual Compressor TTA0724*D*,modelNumber,condensingUnit,extracted,SS-PRC028AA-EN_06262022.pdf,23,Table 6. General data — 6-7.5 tons (TTA0724*A*-TTA0904*D*) condensing units — 60 Hz,refrigerantCharge,냉매 충전량,7.0 / 7.0,lbs
trane-symbio-700-odyssey-lontalk-scc,e5,Trane,Symbio™ 700 — Odyssey™ (LonTalk) · SCC 프로파일 (실내 쾌적 제어),Single Compressor TTA0904*A*,modelNumber,condensingUnit,extracted,SS-PRC028AA-EN_06262022.pdf,23,Table 6. General data — 6-7.5 tons (TTA0724*A*-TTA0904*D*) condensing units — 60 Hz,ahriNetCoolingCapacity,AHRI 냉방능력,"95,000",Btu/h
trane-symbio-700-odyssey-lontalk-scc,e5,Trane,Symbio™ 700 — Odyssey™ (LonTalk) · SCC 프로파일 (실내 쾌적 제어),Single Compressor TTA0904*A*,modelNumber,condensingUnit,extracted,SS-PRC028AA-EN_06262022.pdf,23,Table 6. General data — 6-7.5 tons (TTA0724*A*-TTA0904*D*) condensing units — 60 Hz,capacityClass,용량대,7.5 Tons,
trane-symbio-700-odyssey-lontalk-scc,e5,Trane,Symbio™ 700 — Odyssey™ (LonTalk) · SCC 프로파일 (실내 쾌적 제어),Single Compressor TTA0904*A*,modelNumber,condensingUnit,extracted,SS-PRC028AA-EN_06262022.pdf,23,Table 6. General data — 6-7.5 tons (TTA0724*A*-TTA0904*D*) condensing units — 60 Hz,coilFaceArea,코일 면적,18.5,sq ft
trane-symbio-700-odyssey-lontalk-scc,e5,Trane,Symbio™ 700 — Odyssey™ (LonTalk) · SCC 프로파일 (실내 쾌적 제어),Single Compressor TTA0904*A*,modelNumber,condensingUnit,extracted,SS-PRC028AA-EN_06262022.pdf,23,Table 6. General data — 6-7.5 tons (TTA0724*A*-TTA0904*D*) condensing units — 60 Hz,coilRowsFpi,코일 열수/FPI,1/23,
trane-symbio-700-odyssey-lontalk-scc,e5,Trane,Symbio™ 700 — Odyssey™ (LonTalk) · SCC 프로파일 (실내 쾌적 제어),Single Compressor TTA0904*A*,modelNumber,condensingUnit,extracted,SS-PRC028AA-EN_06262022.pdf,23,Table 6. General data — 6-7.5 tons (TTA0724*A*-TTA0904*D*) condensing units — 60 Hz,eer,EER,11.5,
trane-symbio-700-odyssey-lontalk-scc,e5,Trane,Symbio™ 700 — Odyssey™ (LonTalk) · SCC 프로파일 (실내 쾌적 제어),Single Compressor TTA0904*A*,modelNumber,condensingUnit,extracted,SS-PRC028AA-EN_06262022.pdf,23,Table 6. General data — 6-7.5 tons (TTA0724*A*-TTA0904*D*) condensing units — 60 Hz,fanMotorRpm,팬 회전수,"1,100",RPM
trane-symbio-700-odyssey-lontalk-scc,e5,Trane,Symbio™ 700 — Odyssey™ (LonTalk) · SCC 프로파일 (실내 쾌적 제어),Single Compressor TTA0904*A*,modelNumber,condensingUnit,extracted,SS-PRC028AA-EN_06262022.pdf,23,Table 6. General data — 6-7.5 tons (TTA0724*A*-TTA0904*D*) condensing units — 60 Hz,grossCoolingCapacity,냉방능력,"98,000",Btu/h
trane-symbio-700-odyssey-lontalk-scc,e5,Trane,Symbio™ 700 — Odyssey™ (LonTalk) · SCC 프로파일 (실내 쾌적 제어),Single Compressor TTA0904*A*,modelNumber,condensingUnit,extracted,SS-PRC028AA-EN_06262022.pdf,23,Table 6. General data — 6-7.5 tons (TTA0724*A*-TTA0904*D*) condensing units — 60 Hz,matchedAirHandler,조합 공조기,TWE0904*A*,
trane-symbio-700-odyssey-lontalk-scc,e5,Trane,Symbio™ 700 — Odyssey™ (LonTalk) · SCC 프로파일 (실내 쾌적 제어),Single Compressor TTA0904*A*,modelNumber,condensingUnit,extracted,SS-PRC028AA-EN_06262022.pdf,23,Table 6. General data — 6-7.5 tons (TTA0724*A*-TTA0904*D*) condensing units — 60 Hz,ratedAirflow,정격 풍량,"3,000",CFM
trane-symbio-700-odyssey-lontalk-scc,e5,Trane,Symbio™ 700 — Odyssey™ (LonTalk) · SCC 프로파일 (실내 쾌적 제어),Single Compressor TTA0904*A*,modelNumber,condensingUnit,extracted,SS-PRC028AA-EN_06262022.pdf,23,Table 6. General data — 6-7.5 tons (TTA0724*A*-TTA0904*D*) condensing units — 60 Hz,refrigerantCharge,냉매 충전량,10.4,lbs
trane-symbio-700-odyssey-lontalk-scc,e5,Trane,Symbio™ 700 — Odyssey™ (LonTalk) · SCC 프로파일 (실내 쾌적 제어),Dual Compressor TTA0904*D*,modelNumber,condensingUnit,extracted,SS-PRC028AA-EN_06262022.pdf,23,Table 6. General data — 6-7.5 tons (TTA0724*A*-TTA0904*D*) condensing units — 60 Hz,ahriNetCoolingCapacity,AHRI 냉방능력,"93,000",Btu/h
trane-symbio-700-odyssey-lontalk-scc,e5,Trane,Symbio™ 700 — Odyssey™ (LonTalk) · SCC 프로파일 (실내 쾌적 제어),Dual Compressor TTA0904*D*,modelNumber,condensingUnit,extracted,SS-PRC028AA-EN_06262022.pdf,23,Table 6. General data — 6-7.5 tons (TTA0724*A*-TTA0904*D*) condensing units — 60 Hz,capacityClass,용량대,7.5 Tons,
trane-symbio-700-odyssey-lontalk-scc,e5,Trane,Symbio™ 700 — Odyssey™ (LonTalk) · SCC 프로파일 (실내 쾌적 제어),Dual Compressor TTA0904*D*,modelNumber,condensingUnit,extracted,SS-PRC028AA-EN_06262022.pdf,23,Table 6. General data — 6-7.5 tons (TTA0724*A*-TTA0904*D*) condensing units — 60 Hz,coilFaceArea,코일 면적,17.4,sq ft
trane-symbio-700-odyssey-lontalk-scc,e5,Trane,Symbio™ 700 — Odyssey™ (LonTalk) · SCC 프로파일 (실내 쾌적 제어),Dual Compressor TTA0904*D*,modelNumber,condensingUnit,extracted,SS-PRC028AA-EN_06262022.pdf,23,Table 6. General data — 6-7.5 tons (TTA0724*A*-TTA0904*D*) condensing units — 60 Hz,coilRowsFpi,코일 열수/FPI,1/23,
trane-symbio-700-odyssey-lontalk-scc,e5,Trane,Symbio™ 700 — Odyssey™ (LonTalk) · SCC 프로파일 (실내 쾌적 제어),Dual Compressor TTA0904*D*,modelNumber,condensingUnit,extracted,SS-PRC028AA-EN_06262022.pdf,23,Table 6. General data — 6-7.5 tons (TTA0724*A*-TTA0904*D*) condensing units — 60 Hz,eer,EER,11.5,
trane-symbio-700-odyssey-lontalk-scc,e5,Trane,Symbio™ 700 — Odyssey™ (LonTalk) · SCC 프로파일 (실내 쾌적 제어),Dual Compressor TTA0904*D*,modelNumber,condensingUnit,extracted,SS-PRC028AA-EN_06262022.pdf,23,Table 6. General data — 6-7.5 tons (TTA0724*A*-TTA0904*D*) condensing units — 60 Hz,fanMotorRpm,팬 회전수,"1,100",RPM
trane-symbio-700-odyssey-lontalk-scc,e5,Trane,Symbio™ 700 — Odyssey™ (LonTalk) · SCC 프로파일 (실내 쾌적 제어),Dual Compressor TTA0904*D*,modelNumber,condensingUnit,extracted,SS-PRC028AA-EN_06262022.pdf,23,Table 6. General data — 6-7.5 tons (TTA0724*A*-TTA0904*D*) condensing units — 60 Hz,grossCoolingCapacity,냉방능력,"96,000",Btu/h
trane-symbio-700-odyssey-lontalk-scc,e5,Trane,Symbio™ 700 — Odyssey™ (LonTalk) · SCC 프로파일 (실내 쾌적 제어),Dual Compressor TTA0904*D*,modelNumber,condensingUnit,extracted,SS-PRC028AA-EN_06262022.pdf,23,Table 6. General data — 6-7.5 tons (TTA0724*A*-TTA0904*D*) condensing units — 60 Hz,matchedAirHandler,조합 공조기,TWE0904*B*,
trane-symbio-700-odyssey-lontalk-scc,e5,Trane,Symbio™ 700 — Odyssey™ (LonTalk) · SCC 프로파일 (실내 쾌적 제어),Dual Compressor TTA0904*D*,modelNumber,condensingUnit,extracted,SS-PRC028AA-EN_06262022.pdf,23,Table 6. General data — 6-7.5 tons (TTA0724*A*-TTA0904*D*) condensing units — 60 Hz,ratedAirflow,정격 풍량,3000,CFM
trane-symbio-700-odyssey-lontalk-scc,e5,Trane,Symbio™ 700 — Odyssey™ (LonTalk) · SCC 프로파일 (실내 쾌적 제어),Dual Compressor TTA0904*D*,modelNumber,condensingUnit,extracted,SS-PRC028AA-EN_06262022.pdf,23,Table 6. General data — 6-7.5 tons (TTA0724*A*-TTA0904*D*) condensing units — 60 Hz,refrigerantCharge,냉매 충전량,7.1 / 7.5,lbs
trane-symbio-700-odyssey-lontalk-scc,e5,Trane,Symbio™ 700 — Odyssey™ (LonTalk) · SCC 프로파일 (실내 쾌적 제어),Dual Compressor TTA1204*D*,modelNumber,condensingUnit,extracted,SS-PRC028AA-EN_06262022.pdf,24,Table 7. General data — 10-12.5 tons (TTA1204*D*-TTA1504*D*) condensing units — 60 Hz,ahriNetCoolingCapacity,AHRI 냉방능력,"116,000",Btu/h
trane-symbio-700-odyssey-lontalk-scc,e5,Trane,Symbio™ 700 — Odyssey™ (LonTalk) · SCC 프로파일 (실내 쾌적 제어),Dual Compressor TTA1204*D*,modelNumber,condensingUnit,extracted,SS-PRC028AA-EN_06262022.pdf,24,Table 7. General data — 10-12.5 tons (TTA1204*D*-TTA1504*D*) condensing units — 60 Hz,capacityClass,용량대,10 Tons,
trane-symbio-700-odyssey-lontalk-scc,e5,Trane,Symbio™ 700 — Odyssey™ (LonTalk) · SCC 프로파일 (실내 쾌적 제어),Dual Compressor TTA1204*D*,modelNumber,condensingUnit,extracted,SS-PRC028AA-EN_06262022.pdf,24,Table 7. General data — 10-12.5 tons (TTA1204*D*-TTA1504*D*) condensing units — 60 Hz,coilFaceArea,코일 면적,22.7,sq ft
trane-symbio-700-odyssey-lontalk-scc,e5,Trane,Symbio™ 700 — Odyssey™ (LonTalk) · SCC 프로파일 (실내 쾌적 제어),Dual Compressor TTA1204*D*,modelNumber,condensingUnit,extracted,SS-PRC028AA-EN_06262022.pdf,24,Table 7. General data — 10-12.5 tons (TTA1204*D*-TTA1504*D*) condensing units — 60 Hz,coilRowsFpi,코일 열수/FPI,1/23,
trane-symbio-700-odyssey-lontalk-scc,e5,Trane,Symbio™ 700 — Odyssey™ (LonTalk) · SCC 프로파일 (실내 쾌적 제어),Dual Compressor TTA1204*D*,modelNumber,condensingUnit,extracted,SS-PRC028AA-EN_06262022.pdf,24,Table 7. General data — 10-12.5 tons (TTA1204*D*-TTA1504*D*) condensing units — 60 Hz,eer,EER,11.5,
trane-symbio-700-odyssey-lontalk-scc,e5,Trane,Symbio™ 700 — Odyssey™ (LonTalk) · SCC 프로파일 (실내 쾌적 제어),Dual Compressor TTA1204*D*,modelNumber,condensingUnit,extracted,SS-PRC028AA-EN_06262022.pdf,24,Table 7. General data — 10-12.5 tons (TTA1204*D*-TTA1504*D*) condensing units — 60 Hz,fanMotorRpm,팬 회전수,"1,125",RPM
trane-symbio-700-odyssey-lontalk-scc,e5,Trane,Symbio™ 700 — Odyssey™ (LonTalk) · SCC 프로파일 (실내 쾌적 제어),Dual Compressor TTA1204*D*,modelNumber,condensingUnit,extracted,SS-PRC028AA-EN_06262022.pdf,24,Table 7. General data — 10-12.5 tons (TTA1204*D*-TTA1504*D*) condensing units — 60 Hz,grossCoolingCapacity,냉방능력,"120,000",Btu/h
trane-symbio-700-odyssey-lontalk-scc,e5,Trane,Symbio™ 700 — Odyssey™ (LonTalk) · SCC 프로파일 (실내 쾌적 제어),Dual Compressor TTA1204*D*,modelNumber,condensingUnit,extracted,SS-PRC028AA-EN_06262022.pdf,24,Table 7. General data — 10-12.5 tons (TTA1204*D*-TTA1504*D*) condensing units — 60 Hz,matchedAirHandler,조합 공조기,TWE1204*B*,
trane-symbio-700-odyssey-lontalk-scc,e5,Trane,Symbio™ 700 — Odyssey™ (LonTalk) · SCC 프로파일 (실내 쾌적 제어),Dual Compressor TTA1204*D*,modelNumber,condensingUnit,extracted,SS-PRC028AA-EN_06262022.pdf,24,Table 7. General data — 10-12.5 tons (TTA1204*D*-TTA1504*D*) condensing units — 60 Hz,ratedAirflow,정격 풍량,"4,000(a)",CFM
trane-symbio-700-odyssey-lontalk-scc,e5,Trane,Symbio™ 700 — Odyssey™ (LonTalk) · SCC 프로파일 (실내 쾌적 제어),Dual Compressor TTA1204*D*,modelNumber,condensingUnit,extracted,SS-PRC028AA-EN_06262022.pdf,24,Table 7. General data — 10-12.5 tons (TTA1204*D*-TTA1504*D*) condensing units — 60 Hz,refrigerantCharge,냉매 충전량,8.2 / 8.4,lbs
trane-symbio-700-odyssey-lontalk-scc,e5,Trane,Symbio™ 700 — Odyssey™ (LonTalk) · SCC 프로파일 (실내 쾌적 제어),Manifolded Compressor TTA1204*C*,modelNumber,condensingUnit,extracted,SS-PRC028AA-EN_06262022.pdf,24,Table 7. General data — 10-12.5 tons (TTA1204*D*-TTA1504*D*) condensing units — 60 Hz,ahriNetCoolingCapacity,AHRI 냉방능력,"122,000(b)",Btu/h
trane-symbio-700-odyssey-lontalk-scc,e5,Trane,Symbio™ 700 — Odyssey™ (LonTalk) · SCC 프로파일 (실내 쾌적 제어),Manifolded Compressor TTA1204*C*,modelNumber,condensingUnit,extracted,SS-PRC028AA-EN_06262022.pdf,24,Table 7. General data — 10-12.5 tons (TTA1204*D*-TTA1504*D*) condensing units — 60 Hz,capacityClass,용량대,10 Tons,
trane-symbio-700-odyssey-lontalk-scc,e5,Trane,Symbio™ 700 — Odyssey™ (LonTalk) · SCC 프로파일 (실내 쾌적 제어),Manifolded Compressor TTA1204*C*,modelNumber,condensingUnit,extracted,SS-PRC028AA-EN_06262022.pdf,24,Table 7. General data — 10-12.5 tons (TTA1204*D*-TTA1504*D*) condensing units — 60 Hz,coilFaceArea,코일 면적,23.8,sq ft
trane-symbio-700-odyssey-lontalk-scc,e5,Trane,Symbio™ 700 — Odyssey™ (LonTalk) · SCC 프로파일 (실내 쾌적 제어),Manifolded Compressor TTA1204*C*,modelNumber,condensingUnit,extracted,SS-PRC028AA-EN_06262022.pdf,24,Table 7. General data — 10-12.5 tons (TTA1204*D*-TTA1504*D*) condensing units — 60 Hz,coilRowsFpi,코일 열수/FPI,1/23,
trane-symbio-700-odyssey-lontalk-scc,e5,Trane,Symbio™ 700 — Odyssey™ (LonTalk) · SCC 프로파일 (실내 쾌적 제어),Manifolded Compressor TTA1204*C*,modelNumber,condensingUnit,extracted,SS-PRC028AA-EN_06262022.pdf,24,Table 7. General data — 10-12.5 tons (TTA1204*D*-TTA1504*D*) condensing units — 60 Hz,eer,EER,11.5,
trane-symbio-700-odyssey-lontalk-scc,e5,Trane,Symbio™ 700 — Odyssey™ (LonTalk) · SCC 프로파일 (실내 쾌적 제어),Manifolded Compressor TTA1204*C*,modelNumber,condensingUnit,extracted,SS-PRC028AA-EN_06262022.pdf,24,Table 7. General data — 10-12.5 tons (TTA1204*D*-TTA1504*D*) condensing units — 60 Hz,fanMotorRpm,팬 회전수,"1,125",RPM
trane-symbio-700-odyssey-lontalk-scc,e5,Trane,Symbio™ 700 — Odyssey™ (LonTalk) · SCC 프로파일 (실내 쾌적 제어),Manifolded Compressor TTA1204*C*,modelNumber,condensingUnit,extracted,SS-PRC028AA-EN_06262022.pdf,24,Table 7. General data — 10-12.5 tons (TTA1204*D*-TTA1504*D*) condensing units — 60 Hz,grossCoolingCapacity,냉방능력,"126,000",Btu/h
trane-symbio-700-odyssey-lontalk-scc,e5,Trane,Symbio™ 700 — Odyssey™ (LonTalk) · SCC 프로파일 (실내 쾌적 제어),Manifolded Compressor TTA1204*C*,modelNumber,condensingUnit,extracted,SS-PRC028AA-EN_06262022.pdf,24,Table 7. General data — 10-12.5 tons (TTA1204*D*-TTA1504*D*) condensing units — 60 Hz,matchedAirHandler,조합 공조기,TWE1204*A*,
trane-symbio-700-odyssey-lontalk-scc,e5,Trane,Symbio™ 700 — Odyssey™ (LonTalk) · SCC 프로파일 (실내 쾌적 제어),Manifolded Compressor TTA1204*C*,modelNumber,condensingUnit,extracted,SS-PRC028AA-EN_06262022.pdf,24,Table 7. General data — 10-12.5 tons (TTA1204*D*-TTA1504*D*) condensing units — 60 Hz,ratedAirflow,정격 풍량,"4,000(a)",CFM
trane-symbio-700-odyssey-lontalk-scc,e5,Trane,Symbio™ 700 — Odyssey™ (LonTalk) · SCC 프로파일 (실내 쾌적 제어),Manifolded Compressor TTA1204*C*,modelNumber,condensingUnit,extracted,SS-PRC028AA-EN_06262022.pdf,24,Table 7. General data — 10-12.5 tons (TTA1204*D*-TTA1504*D*) condensing units — 60 Hz,refrigerantCharge,냉매 충전량,13.1,lbs
trane-symbio-700-odyssey-lontalk-scc,e5,Trane,Symbio™ 700 — Odyssey™ (LonTalk) · SCC 프로파일 (실내 쾌적 제어),Dual Compressor TTA1504*D*,modelNumber,condensingUnit,extracted,SS-PRC028AA-EN_06262022.pdf,24,Table 7. General data — 10-12.5 tons (TTA1204*D*-TTA1504*D*) condensing units — 60 Hz,ahriNetCoolingCapacity,AHRI 냉방능력,"155,000",Btu/h
trane-symbio-700-odyssey-lontalk-scc,e5,Trane,Symbio™ 700 — Odyssey™ (LonTalk) · SCC 프로파일 (실내 쾌적 제어),Dual Compressor TTA1504*D*,modelNumber,condensingUnit,extracted,SS-PRC028AA-EN_06262022.pdf,24,Table 7. General data — 10-12.5 tons (TTA1204*D*-TTA1504*D*) condensing units — 60 Hz,capacityClass,용량대,12.5 Tons,
trane-symbio-700-odyssey-lontalk-scc,e5,Trane,Symbio™ 700 — Odyssey™ (LonTalk) · SCC 프로파일 (실내 쾌적 제어),Dual Compressor TTA1504*D*,modelNumber,condensingUnit,extracted,SS-PRC028AA-EN_06262022.pdf,24,Table 7. General data — 10-12.5 tons (TTA1204*D*-TTA1504*D*) condensing units — 60 Hz,coilFaceArea,코일 면적,27.0,sq ft
trane-symbio-700-odyssey-lontalk-scc,e5,Trane,Symbio™ 700 — Odyssey™ (LonTalk) · SCC 프로파일 (실내 쾌적 제어),Dual Compressor TTA1504*D*,modelNumber,condensingUnit,extracted,SS-PRC028AA-EN_06262022.pdf,24,Table 7. General data — 10-12.5 tons (TTA1204*D*-TTA1504*D*) condensing units — 60 Hz,coilRowsFpi,코일 열수/FPI,1/23,
trane-symbio-700-odyssey-lontalk-scc,e5,Trane,Symbio™ 700 — Odyssey™ (LonTalk) · SCC 프로파일 (실내 쾌적 제어),Dual Compressor TTA1504*D*,modelNumber,condensingUnit,extracted,SS-PRC028AA-EN_06262022.pdf,24,Table 7. General data — 10-12.5 tons (TTA1204*D*-TTA1504*D*) condensing units — 60 Hz,eer,EER,11.2,
trane-symbio-700-odyssey-lontalk-scc,e5,Trane,Symbio™ 700 — Odyssey™ (LonTalk) · SCC 프로파일 (실내 쾌적 제어),Dual Compressor TTA1504*D*,modelNumber,condensingUnit,extracted,SS-PRC028AA-EN_06262022.pdf,24,Table 7. General data — 10-12.5 tons (TTA1204*D*-TTA1504*D*) condensing units — 60 Hz,fanMotorRpm,팬 회전수,"1,125",RPM
trane-symbio-700-odyssey-lontalk-scc,e5,Trane,Symbio™ 700 — Odyssey™ (LonTalk) · SCC 프로파일 (실내 쾌적 제어),Dual Compressor TTA1504*D*,modelNumber,condensingUnit,extracted,SS-PRC028AA-EN_06262022.pdf,24,Table 7. General data — 10-12.5 tons (TTA1204*D*-TTA1504*D*) condensing units — 60 Hz,grossCoolingCapacity,냉방능력,"159,000",Btu/h
trane-symbio-700-odyssey-lontalk-scc,e5,Trane,Symbio™ 700 — Odyssey™ (LonTalk) · SCC 프로파일 (실내 쾌적 제어),Dual Compressor TTA1504*D*,modelNumber,condensingUnit,extracted,SS-PRC028AA-EN_06262022.pdf,24,Table 7. General data — 10-12.5 tons (TTA1204*D*-TTA1504*D*) condensing units — 60 Hz,matchedAirHandler,조합 공조기,TWE1504*B*,
trane-symbio-700-odyssey-lontalk-scc,e5,Trane,Symbio™ 700 — Odyssey™ (LonTalk) · SCC 프로파일 (실내 쾌적 제어),Dual Compressor TTA1504*D*,modelNumber,condensingUnit,extracted,SS-PRC028AA-EN_06262022.pdf,24,Table 7. General data — 10-12.5 tons (TTA1204*D*-TTA1504*D*) condensing units — 60 Hz,ratedAirflow,정격 풍량,"5,000",CFM
trane-symbio-700-odyssey-lontalk-scc,e5,Trane,Symbio™ 700 — Odyssey™ (LonTalk) · SCC 프로파일 (실내 쾌적 제어),Dual Compressor TTA1504*D*,modelNumber,condensingUnit,extracted,SS-PRC028AA-EN_06262022.pdf,24,Table 7. General data — 10-12.5 tons (TTA1204*D*-TTA1504*D*) condensing units — 60 Hz,refrigerantCharge,냉매 충전량,10.4/10.4,lbs
trane-symbio-700-odyssey-lontalk-scc,e5,Trane,Symbio™ 700 — Odyssey™ (LonTalk) · SCC 프로파일 (실내 쾌적 제어),Dual Compressor TTA1804*D*,modelNumber,condensingUnit,extracted,SS-PRC028AA-EN_06262022.pdf,25,Table 8. General data — 15-25 tons (TTA1804*D*-TTA3004*C*) condensing units — 60 Hz,ahriNetCoolingCapacity,AHRI 냉방능력,"193,000",Btu/h
trane-symbio-700-odyssey-lontalk-scc,e5,Trane,Symbio™ 700 — Odyssey™ (LonTalk) · SCC 프로파일 (실내 쾌적 제어),Dual Compressor TTA1804*D*,modelNumber,condensingUnit,extracted,SS-PRC028AA-EN_06262022.pdf,25,Table 8. General data — 15-25 tons (TTA1804*D*-TTA3004*C*) condensing units — 60 Hz,capacityClass,용량대,15 Tons,
trane-symbio-700-odyssey-lontalk-scc,e5,Trane,Symbio™ 700 — Odyssey™ (LonTalk) · SCC 프로파일 (실내 쾌적 제어),Dual Compressor TTA1804*D*,modelNumber,condensingUnit,extracted,SS-PRC028AA-EN_06262022.pdf,25,Table 8. General data — 15-25 tons (TTA1804*D*-TTA3004*C*) condensing units — 60 Hz,coilFaceArea,코일 면적,44.3,sq ft
trane-symbio-700-odyssey-lontalk-scc,e5,Trane,Symbio™ 700 — Odyssey™ (LonTalk) · SCC 프로파일 (실내 쾌적 제어),Dual Compressor TTA1804*D*,modelNumber,condensingUnit,extracted,SS-PRC028AA-EN_06262022.pdf,25,Table 8. General data — 15-25 tons (TTA1804*D*-TTA3004*C*) condensing units — 60 Hz,coilRowsFpi,코일 열수/FPI,1/23,
trane-symbio-700-odyssey-lontalk-scc,e5,Trane,Symbio™ 700 — Odyssey™ (LonTalk) · SCC 프로파일 (실내 쾌적 제어),Dual Compressor TTA1804*D*,modelNumber,condensingUnit,extracted,SS-PRC028AA-EN_06262022.pdf,25,Table 8. General data — 15-25 tons (TTA1804*D*-TTA3004*C*) condensing units — 60 Hz,eer,EER,11.2,
trane-symbio-700-odyssey-lontalk-scc,e5,Trane,Symbio™ 700 — Odyssey™ (LonTalk) · SCC 프로파일 (실내 쾌적 제어),Dual Compressor TTA1804*D*,modelNumber,condensingUnit,extracted,SS-PRC028AA-EN_06262022.pdf,25,Table 8. General data — 15-25 tons (TTA1804*D*-TTA3004*C*) condensing units — 60 Hz,fanMotorRpm,팬 회전수,"1,125",RPM
trane-symbio-700-odyssey-lontalk-scc,e5,Trane,Symbio™ 700 — Odyssey™ (LonTalk) · SCC 프로파일 (실내 쾌적 제어),Dual Compressor TTA1804*D*,modelNumber,condensingUnit,extracted,SS-PRC028AA-EN_06262022.pdf,25,Table 8. General data — 15-25 tons (TTA1804*D*-TTA3004*C*) condensing units — 60 Hz,grossCoolingCapacity,냉방능력,"198,000",Btu/h
trane-symbio-700-odyssey-lontalk-scc,e5,Trane,Symbio™ 700 — Odyssey™ (LonTalk) · SCC 프로파일 (실내 쾌적 제어),Dual Compressor TTA1804*D*,modelNumber,condensingUnit,extracted,SS-PRC028AA-EN_06262022.pdf,25,Table 8. General data — 15-25 tons (TTA1804*D*-TTA3004*C*) condensing units — 60 Hz,matchedAirHandler,조합 공조기,TWE1804*B*,
trane-symbio-700-odyssey-lontalk-scc,e5,Trane,Symbio™ 700 — Odyssey™ (LonTalk) · SCC 프로파일 (실내 쾌적 제어),Dual Compressor TTA1804*D*,modelNumber,condensingUnit,extracted,SS-PRC028AA-EN_06262022.pdf,25,Table 8. General data — 15-25 tons (TTA1804*D*-TTA3004*C*) condensing units — 60 Hz,ratedAirflow,정격 풍량,"6,000",CFM
trane-symbio-700-odyssey-lontalk-scc,e5,Trane,Symbio™ 700 — Odyssey™ (LonTalk) · SCC 프로파일 (실내 쾌적 제어),Dual Compressor TTA1804*D*,modelNumber,condensingUnit,extracted,SS-PRC028AA-EN_06262022.pdf,25,Table 8. General data — 15-25 tons (TTA1804*D*-TTA3004*C*) condensing units — 60 Hz,refrigerantCharge,냉매 충전량,11.5 / 11.5,lbs
trane-symbio-700-odyssey-lontalk-scc,e5,Trane,Symbio™ 700 — Odyssey™ (LonTalk) · SCC 프로파일 (실내 쾌적 제어),Manifolded Compressor TTA1804*C*,modelNumber,condensingUnit,extracted,SS-PRC028AA-EN_06262022.pdf,25,Table 8. General data — 15-25 tons (TTA1804*D*-TTA3004*C*) condensing units — 60 Hz,ahriNetCoolingCapacity,AHRI 냉방능력,"188,000",Btu/h
trane-symbio-700-odyssey-lontalk-scc,e5,Trane,Symbio™ 700 — Odyssey™ (LonTalk) · SCC 프로파일 (실내 쾌적 제어),Manifolded Compressor TTA1804*C*,modelNumber,condensingUnit,extracted,SS-PRC028AA-EN_06262022.pdf,25,Table 8. General data — 15-25 tons (TTA1804*D*-TTA3004*C*) condensing units — 60 Hz,capacityClass,용량대,15 Tons,
trane-symbio-700-odyssey-lontalk-scc,e5,Trane,Symbio™ 700 — Odyssey™ (LonTalk) · SCC 프로파일 (실내 쾌적 제어),Manifolded Compressor TTA1804*C*,modelNumber,condensingUnit,extracted,SS-PRC028AA-EN_06262022.pdf,25,Table 8. General data — 15-25 tons (TTA1804*D*-TTA3004*C*) condensing units — 60 Hz,coilFaceArea,코일 면적,44.3,sq ft
trane-symbio-700-odyssey-lontalk-scc,e5,Trane,Symbio™ 700 — Odyssey™ (LonTalk) · SCC 프로파일 (실내 쾌적 제어),Manifolded Compressor TTA1804*C*,modelNumber,condensingUnit,extracted,SS-PRC028AA-EN_06262022.pdf,25,Table 8. General data — 15-25 tons (TTA1804*D*-TTA3004*C*) condensing units — 60 Hz,coilRowsFpi,코일 열수/FPI,1/23,
trane-symbio-700-odyssey-lontalk-scc,e5,Trane,Symbio™ 700 — Odyssey™ (LonTalk) · SCC 프로파일 (실내 쾌적 제어),Manifolded Compressor TTA1804*C*,modelNumber,condensingUnit,extracted,SS-PRC028AA-EN_06262022.pdf,25,Table 8. General data — 15-25 tons (TTA1804*D*-TTA3004*C*) condensing units — 60 Hz,eer,EER,11.2,
trane-symbio-700-odyssey-lontalk-scc,e5,Trane,Symbio™ 700 — Odyssey™ (LonTalk) · SCC 프로파일 (실내 쾌적 제어),Manifolded Compressor TTA1804*C*,modelNumber,condensingUnit,extracted,SS-PRC028AA-EN_06262022.pdf,25,Table 8. General data — 15-25 tons (TTA1804*D*-TTA3004*C*) condensing units — 60 Hz,fanMotorRpm,팬 회전수,"1,125",RPM
trane-symbio-700-odyssey-lontalk-scc,e5,Trane,Symbio™ 700 — Odyssey™ (LonTalk) · SCC 프로파일 (실내 쾌적 제어),Manifolded Compressor TTA1804*C*,modelNumber,condensingUnit,extracted,SS-PRC028AA-EN_06262022.pdf,25,Table 8. General data — 15-25 tons (TTA1804*D*-TTA3004*C*) condensing units — 60 Hz,grossCoolingCapacity,냉방능력,"194,000",Btu/h
trane-symbio-700-odyssey-lontalk-scc,e5,Trane,Symbio™ 700 — Odyssey™ (LonTalk) · SCC 프로파일 (실내 쾌적 제어),Manifolded Compressor TTA1804*C*,modelNumber,condensingUnit,extracted,SS-PRC028AA-EN_06262022.pdf,25,Table 8. General data — 15-25 tons (TTA1804*D*-TTA3004*C*) condensing units — 60 Hz,matchedAirHandler,조합 공조기,TWE1804*B*,
trane-symbio-700-odyssey-lontalk-scc,e5,Trane,Symbio™ 700 — Odyssey™ (LonTalk) · SCC 프로파일 (실내 쾌적 제어),Manifolded Compressor TTA1804*C*,modelNumber,condensingUnit,extracted,SS-PRC028AA-EN_06262022.pdf,25,Table 8. General data — 15-25 tons (TTA1804*D*-TTA3004*C*) condensing units — 60 Hz,ratedAirflow,정격 풍량,"6,000",CFM
trane-symbio-700-odyssey-lontalk-scc,e5,Trane,Symbio™ 700 — Odyssey™ (LonTalk) · SCC 프로파일 (실내 쾌적 제어),Manifolded Compressor TTA1804*C*,modelNumber,condensingUnit,extracted,SS-PRC028AA-EN_06262022.pdf,25,Table 8. General data — 15-25 tons (TTA1804*D*-TTA3004*C*) condensing units — 60 Hz,refrigerantCharge,냉매 충전량,22.5,lbs
trane-symbio-700-odyssey-lontalk-scc,e5,Trane,Symbio™ 700 — Odyssey™ (LonTalk) · SCC 프로파일 (실내 쾌적 제어),Dual Compressor TTA2404*D*,modelNumber,condensingUnit,extracted,SS-PRC028AA-EN_06262022.pdf,25,Table 8. General data — 15-25 tons (TTA1804*D*-TTA3004*C*) condensing units — 60 Hz,ahriNetCoolingCapacity,AHRI 냉방능력,"246,000",Btu/h
trane-symbio-700-odyssey-lontalk-scc,e5,Trane,Symbio™ 700 — Odyssey™ (LonTalk) · SCC 프로파일 (실내 쾌적 제어),Dual Compressor TTA2404*D*,modelNumber,condensingUnit,extracted,SS-PRC028AA-EN_06262022.pdf,25,Table 8. General data — 15-25 tons (TTA1804*D*-TTA3004*C*) condensing units — 60 Hz,capacityClass,용량대,20 Tons,
trane-symbio-700-odyssey-lontalk-scc,e5,Trane,Symbio™ 700 — Odyssey™ (LonTalk) · SCC 프로파일 (실내 쾌적 제어),Dual Compressor TTA2404*D*,modelNumber,condensingUnit,extracted,SS-PRC028AA-EN_06262022.pdf,25,Table 8. General data — 15-25 tons (TTA1804*D*-TTA3004*C*) condensing units — 60 Hz,coilFaceArea,코일 면적,44.3,sq ft
trane-symbio-700-odyssey-lontalk-scc,e5,Trane,Symbio™ 700 — Odyssey™ (LonTalk) · SCC 프로파일 (실내 쾌적 제어),Dual Compressor TTA2404*D*,modelNumber,condensingUnit,extracted,SS-PRC028AA-EN_06262022.pdf,25,Table 8. General data — 15-25 tons (TTA1804*D*-TTA3004*C*) condensing units — 60 Hz,coilRowsFpi,코일 열수/FPI,1/23,
trane-symbio-700-odyssey-lontalk-scc,e5,Trane,Symbio™ 700 — Odyssey™ (LonTalk) · SCC 프로파일 (실내 쾌적 제어),Dual Compressor TTA2404*D*,modelNumber,condensingUnit,extracted,SS-PRC028AA-EN_06262022.pdf,25,Table 8. General data — 15-25 tons (TTA1804*D*-TTA3004*C*) condensing units — 60 Hz,eer,EER,10.2,
trane-symbio-700-odyssey-lontalk-scc,e5,Trane,Symbio™ 700 — Odyssey™ (LonTalk) · SCC 프로파일 (실내 쾌적 제어),Dual Compressor TTA2404*D*,modelNumber,condensingUnit,extracted,SS-PRC028AA-EN_06262022.pdf,25,Table 8. General data — 15-25 tons (TTA1804*D*-TTA3004*C*) condensing units — 60 Hz,fanMotorRpm,팬 회전수,"1,125",RPM
trane-symbio-700-odyssey-lontalk-scc,e5,Trane,Symbio™ 700 — Odyssey™ (LonTalk) · SCC 프로파일 (실내 쾌적 제어),Dual Compressor TTA2404*D*,modelNumber,condensingUnit,extracted,SS-PRC028AA-EN_06262022.pdf,25,Table 8. General data — 15-25 tons (TTA1804*D*-TTA3004*C*) condensing units — 60 Hz,grossCoolingCapacity,냉방능력,"254,000",Btu/h
trane-symbio-700-odyssey-lontalk-scc,e5,Trane,Symbio™ 700 — Odyssey™ (LonTalk) · SCC 프로파일 (실내 쾌적 제어),Dual Compressor TTA2404*D*,modelNumber,condensingUnit,extracted,SS-PRC028AA-EN_06262022.pdf,25,Table 8. General data — 15-25 tons (TTA1804*D*-TTA3004*C*) condensing units — 60 Hz,matchedAirHandler,조합 공조기,TWE2404*B*,
trane-symbio-700-odyssey-lontalk-scc,e5,Trane,Symbio™ 700 — Odyssey™ (LonTalk) · SCC 프로파일 (실내 쾌적 제어),Dual Compressor TTA2404*D*,modelNumber,condensingUnit,extracted,SS-PRC028AA-EN_06262022.pdf,25,Table 8. General data — 15-25 tons (TTA1804*D*-TTA3004*C*) condensing units — 60 Hz,ratedAirflow,정격 풍량,"8,000",CFM
trane-symbio-700-odyssey-lontalk-scc,e5,Trane,Symbio™ 700 — Odyssey™ (LonTalk) · SCC 프로파일 (실내 쾌적 제어),Dual Compressor TTA2404*D*,modelNumber,condensingUnit,extracted,SS-PRC028AA-EN_06262022.pdf,25,Table 8. General data — 15-25 tons (TTA1804*D*-TTA3004*C*) condensing units — 60 Hz,refrigerantCharge,냉매 충전량,11.2 / 11.2,lbs
trane-symbio-700-odyssey-lontalk-scc,e5,Trane,Symbio™ 700 — Odyssey™ (LonTalk) · SCC 프로파일 (실내 쾌적 제어),Manifolded Compressor TTA2404*C*,modelNumber,condensingUnit,extracted,SS-PRC028AA-EN_06262022.pdf,25,Table 8. General data — 15-25 tons (TTA1804*D*-TTA3004*C*) condensing units — 60 Hz,ahriNetCoolingCapacity,AHRI 냉방능력,"250,000",Btu/h
trane-symbio-700-odyssey-lontalk-scc,e5,Trane,Symbio™ 700 — Odyssey™ (LonTalk) · SCC 프로파일 (실내 쾌적 제어),Manifolded Compressor TTA2404*C*,modelNumber,condensingUnit,extracted,SS-PRC028AA-EN_06262022.pdf,25,Table 8. General data — 15-25 tons (TTA1804*D*-TTA3004*C*) condensing units — 60 Hz,capacityClass,용량대,20 Tons,
trane-symbio-700-odyssey-lontalk-scc,e5,Trane,Symbio™ 700 — Odyssey™ (LonTalk) · SCC 프로파일 (실내 쾌적 제어),Manifolded Compressor TTA2404*C*,modelNumber,condensingUnit,extracted,SS-PRC028AA-EN_06262022.pdf,25,Table 8. General data — 15-25 tons (TTA1804*D*-TTA3004*C*) condensing units — 60 Hz,coilFaceArea,코일 면적,44.3,sq ft
trane-symbio-700-odyssey-lontalk-scc,e5,Trane,Symbio™ 700 — Odyssey™ (LonTalk) · SCC 프로파일 (실내 쾌적 제어),Manifolded Compressor TTA2404*C*,modelNumber,condensingUnit,extracted,SS-PRC028AA-EN_06262022.pdf,25,Table 8. General data — 15-25 tons (TTA1804*D*-TTA3004*C*) condensing units — 60 Hz,coilRowsFpi,코일 열수/FPI,1/23,
trane-symbio-700-odyssey-lontalk-scc,e5,Trane,Symbio™ 700 — Odyssey™ (LonTalk) · SCC 프로파일 (실내 쾌적 제어),Manifolded Compressor TTA2404*C*,modelNumber,condensingUnit,extracted,SS-PRC028AA-EN_06262022.pdf,25,Table 8. General data — 15-25 tons (TTA1804*D*-TTA3004*C*) condensing units — 60 Hz,eer,EER,10.2,
trane-symbio-700-odyssey-lontalk-scc,e5,Trane,Symbio™ 700 — Odyssey™ (LonTalk) · SCC 프로파일 (실내 쾌적 제어),Manifolded Compressor TTA2404*C*,modelNumber,condensingUnit,extracted,SS-PRC028AA-EN_06262022.pdf,25,Table 8. General data — 15-25 tons (TTA1804*D*-TTA3004*C*) condensing units — 60 Hz,fanMotorRpm,팬 회전수,"1,125",RPM
trane-symbio-700-odyssey-lontalk-scc,e5,Trane,Symbio™ 700 — Odyssey™ (LonTalk) · SCC 프로파일 (실내 쾌적 제어),Manifolded Compressor TTA2404*C*,modelNumber,condensingUnit,extracted,SS-PRC028AA-EN_06262022.pdf,25,Table 8. General data — 15-25 tons (TTA1804*D*-TTA3004*C*) condensing units — 60 Hz,grossCoolingCapacity,냉방능력,"258,000",Btu/h
trane-symbio-700-odyssey-lontalk-scc,e5,Trane,Symbio™ 700 — Odyssey™ (LonTalk) · SCC 프로파일 (실내 쾌적 제어),Manifolded Compressor TTA2404*C*,modelNumber,condensingUnit,extracted,SS-PRC028AA-EN_06262022.pdf,25,Table 8. General data — 15-25 tons (TTA1804*D*-TTA3004*C*) condensing units — 60 Hz,matchedAirHandler,조합 공조기,TWE2404*B*,
trane-symbio-700-odyssey-lontalk-scc,e5,Trane,Symbio™ 700 — Odyssey™ (LonTalk) · SCC 프로파일 (실내 쾌적 제어),Manifolded Compressor TTA2404*C*,modelNumber,condensingUnit,extracted,SS-PRC028AA-EN_06262022.pdf,25,Table 8. General data — 15-25 tons (TTA1804*D*-TTA3004*C*) condensing units — 60 Hz,ratedAirflow,정격 풍량,"8,000",CFM
trane-symbio-700-odyssey-lontalk-scc,e5,Trane,Symbio™ 700 — Odyssey™ (LonTalk) · SCC 프로파일 (실내 쾌적 제어),Manifolded Compressor TTA2404*C*,modelNumber,condensingUnit,extracted,SS-PRC028AA-EN_06262022.pdf,25,Table 8. General data — 15-25 tons (TTA1804*D*-TTA3004*C*) condensing units — 60 Hz,refrigerantCharge,냉매 충전량,23.8,lbs
trane-symbio-700-odyssey-lontalk-scc,e5,Trane,Symbio™ 700 — Odyssey™ (LonTalk) · SCC 프로파일 (실내 쾌적 제어),Manifolded Compressor TTA3004*C*,modelNumber,condensingUnit,extracted,SS-PRC028AA-EN_06262022.pdf,25,Table 8. General data — 15-25 tons (TTA1804*D*-TTA3004*C*) condensing units — 60 Hz,ahriNetCoolingCapacity,AHRI 냉방능력,"297,000",Btu/h
trane-symbio-700-odyssey-lontalk-scc,e5,Trane,Symbio™ 700 — Odyssey™ (LonTalk) · SCC 프로파일 (실내 쾌적 제어),Manifolded Compressor TTA3004*C*,modelNumber,condensingUnit,extracted,SS-PRC028AA-EN_06262022.pdf,25,Table 8. General data — 15-25 tons (TTA1804*D*-TTA3004*C*) condensing units — 60 Hz,capacityClass,용량대,25 Tons,
trane-symbio-700-odyssey-lontalk-scc,e5,Trane,Symbio™ 700 — Odyssey™ (LonTalk) · SCC 프로파일 (실내 쾌적 제어),Manifolded Compressor TTA3004*C*,modelNumber,condensingUnit,extracted,SS-PRC028AA-EN_06262022.pdf,25,Table 8. General data — 15-25 tons (TTA1804*D*-TTA3004*C*) condensing units — 60 Hz,coilFaceArea,코일 면적,51.3,sq ft
trane-symbio-700-odyssey-lontalk-scc,e5,Trane,Symbio™ 700 — Odyssey™ (LonTalk) · SCC 프로파일 (실내 쾌적 제어),Manifolded Compressor TTA3004*C*,modelNumber,condensingUnit,extracted,SS-PRC028AA-EN_06262022.pdf,25,Table 8. General data — 15-25 tons (TTA1804*D*-TTA3004*C*) condensing units — 60 Hz,coilRowsFpi,코일 열수/FPI,1/23,
trane-symbio-700-odyssey-lontalk-scc,e5,Trane,Symbio™ 700 — Odyssey™ (LonTalk) · SCC 프로파일 (실내 쾌적 제어),Manifolded Compressor TTA3004*C*,modelNumber,condensingUnit,extracted,SS-PRC028AA-EN_06262022.pdf,25,Table 8. General data — 15-25 tons (TTA1804*D*-TTA3004*C*) condensing units — 60 Hz,eer,EER,10.1,
trane-symbio-700-odyssey-lontalk-scc,e5,Trane,Symbio™ 700 — Odyssey™ (LonTalk) · SCC 프로파일 (실내 쾌적 제어),Manifolded Compressor TTA3004*C*,modelNumber,condensingUnit,extracted,SS-PRC028AA-EN_06262022.pdf,25,Table 8. General data — 15-25 tons (TTA1804*D*-TTA3004*C*) condensing units — 60 Hz,fanMotorRpm,팬 회전수,"1,125",RPM
trane-symbio-700-odyssey-lontalk-scc,e5,Trane,Symbio™ 700 — Odyssey™ (LonTalk) · SCC 프로파일 (실내 쾌적 제어),Manifolded Compressor TTA3004*C*,modelNumber,condensingUnit,extracted,SS-PRC028AA-EN_06262022.pdf,25,Table 8. General data — 15-25 tons (TTA1804*D*-TTA3004*C*) condensing units — 60 Hz,grossCoolingCapacity,냉방능력,"308,000",Btu/h
trane-symbio-700-odyssey-lontalk-scc,e5,Trane,Symbio™ 700 — Odyssey™ (LonTalk) · SCC 프로파일 (실내 쾌적 제어),Manifolded Compressor TTA3004*C*,modelNumber,condensingUnit,extracted,SS-PRC028AA-EN_06262022.pdf,25,Table 8. General data — 15-25 tons (TTA1804*D*-TTA3004*C*) condensing units — 60 Hz,matchedAirHandler,조합 공조기,TWE3004*B*,
trane-symbio-700-odyssey-lontalk-scc,e5,Trane,Symbio™ 700 — Odyssey™ (LonTalk) · SCC 프로파일 (실내 쾌적 제어),Manifolded Compressor TTA3004*C*,modelNumber,condensingUnit,extracted,SS-PRC028AA-EN_06262022.pdf,25,Table 8. General data — 15-25 tons (TTA1804*D*-TTA3004*C*) condensing units — 60 Hz,ratedAirflow,정격 풍량,"8,750",CFM
trane-symbio-700-odyssey-lontalk-scc,e5,Trane,Symbio™ 700 — Odyssey™ (LonTalk) · SCC 프로파일 (실내 쾌적 제어),Manifolded Compressor TTA3004*C*,modelNumber,condensingUnit,extracted,SS-PRC028AA-EN_06262022.pdf,25,Table 8. General data — 15-25 tons (TTA1804*D*-TTA3004*C*) condensing units — 60 Hz,refrigerantCharge,냉매 충전량,29.8,lbs
trane-symbio-700-odyssey-lontalk-scc,e5,Trane,Symbio™ 700 — Odyssey™ (LonTalk) · SCC 프로파일 (실내 쾌적 제어),"Dual Circuit TWE07243B*, 4B*, WB*",modelNumber,airHandler,extracted,SS-PRC028AA-EN_06262022.pdf,26,Table 9. General data - 6-10 tons (TWE0724*B* - TWE1204*B*) SZVAV and 2-speed VFD air hand,capacityClass,용량대,6 Tons,
trane-symbio-700-odyssey-lontalk-scc,e5,Trane,Symbio™ 700 — Odyssey™ (LonTalk) · SCC 프로파일 (실내 쾌적 제어),"Dual Circuit TWE07243B*, 4B*, WB*",modelNumber,airHandler,extracted,SS-PRC028AA-EN_06262022.pdf,26,Table 9. General data - 6-10 tons (TWE0724*B* - TWE1204*B*) SZVAV and 2-speed VFD air hand,coilFaceArea,코일 면적,8.1,sq ft
trane-symbio-700-odyssey-lontalk-scc,e5,Trane,Symbio™ 700 — Odyssey™ (LonTalk) · SCC 프로파일 (실내 쾌적 제어),"Dual Circuit TWE07243B*, 4B*, WB*",modelNumber,airHandler,extracted,SS-PRC028AA-EN_06262022.pdf,26,Table 9. General data - 6-10 tons (TWE0724*B* - TWE1204*B*) SZVAV and 2-speed VFD air hand,coilRowsFpi,코일 열수/FPI,4/14,
trane-symbio-700-odyssey-lontalk-scc,e5,Trane,Symbio™ 700 — Odyssey™ (LonTalk) · SCC 프로파일 (실내 쾌적 제어),"Dual Circuit TWE07243B*, 4B*, WB*",modelNumber,airHandler,extracted,SS-PRC028AA-EN_06262022.pdf,26,Table 9. General data - 6-10 tons (TWE0724*B* - TWE1204*B*) SZVAV and 2-speed VFD air hand,fanMotorHp,팬 모터,2.0/3.0,HP
trane-symbio-700-odyssey-lontalk-scc,e5,Trane,Symbio™ 700 — Odyssey™ (LonTalk) · SCC 프로파일 (실내 쾌적 제어),"Dual Circuit TWE07243B*, 4B*, WB*",modelNumber,airHandler,extracted,SS-PRC028AA-EN_06262022.pdf,26,Table 9. General data - 6-10 tons (TWE0724*B* - TWE1204*B*) SZVAV and 2-speed VFD air hand,fanMotorRpm,팬 회전수,1725,RPM
trane-symbio-700-odyssey-lontalk-scc,e5,Trane,Symbio™ 700 — Odyssey™ (LonTalk) · SCC 프로파일 (실내 쾌적 제어),"Dual Circuit TWE07243B*, 4B*, WB*",modelNumber,airHandler,extracted,SS-PRC028AA-EN_06262022.pdf,26,Table 9. General data - 6-10 tons (TWE0724*B* - TWE1204*B*) SZVAV and 2-speed VFD air hand,ratedAirflow,정격 풍량,2400,CFM
trane-symbio-700-odyssey-lontalk-scc,e5,Trane,Symbio™ 700 — Odyssey™ (LonTalk) · SCC 프로파일 (실내 쾌적 제어),"Dual Circuit TWE07243B*, 4B*, WB*",modelNumber,airHandler,extracted,SS-PRC028AA-EN_06262022.pdf,26,Table 9. General data - 6-10 tons (TWE0724*B* - TWE1204*B*) SZVAV and 2-speed VFD air hand,refrigerantControl,팽창 장치,Expansion Valve,
trane-symbio-700-odyssey-lontalk-scc,e5,Trane,Symbio™ 700 — Odyssey™ (LonTalk) · SCC 프로파일 (실내 쾌적 제어),"Single Circuit TWE09043A*, 4A*, WA*",modelNumber,airHandler,extracted,SS-PRC028AA-EN_06262022.pdf,26,Table 9. General data - 6-10 tons (TWE0724*B* - TWE1204*B*) SZVAV and 2-speed VFD air hand,capacityClass,용량대,7.5 Tons,
trane-symbio-700-odyssey-lontalk-scc,e5,Trane,Symbio™ 700 — Odyssey™ (LonTalk) · SCC 프로파일 (실내 쾌적 제어),"Single Circuit TWE09043A*, 4A*, WA*",modelNumber,airHandler,extracted,SS-PRC028AA-EN_06262022.pdf,26,Table 9. General data - 6-10 tons (TWE0724*B* - TWE1204*B*) SZVAV and 2-speed VFD air hand,coilFaceArea,코일 면적,8.1,sq ft
trane-symbio-700-odyssey-lontalk-scc,e5,Trane,Symbio™ 700 — Odyssey™ (LonTalk) · SCC 프로파일 (실내 쾌적 제어),"Single Circuit TWE09043A*, 4A*, WA*",modelNumber,airHandler,extracted,SS-PRC028AA-EN_06262022.pdf,26,Table 9. General data - 6-10 tons (TWE0724*B* - TWE1204*B*) SZVAV and 2-speed VFD air hand,coilRowsFpi,코일 열수/FPI,4/14,
trane-symbio-700-odyssey-lontalk-scc,e5,Trane,Symbio™ 700 — Odyssey™ (LonTalk) · SCC 프로파일 (실내 쾌적 제어),"Single Circuit TWE09043A*, 4A*, WA*",modelNumber,airHandler,extracted,SS-PRC028AA-EN_06262022.pdf,26,Table 9. General data - 6-10 tons (TWE0724*B* - TWE1204*B*) SZVAV and 2-speed VFD air hand,fanMotorHp,팬 모터,2.0/3.0,HP
trane-symbio-700-odyssey-lontalk-scc,e5,Trane,Symbio™ 700 — Odyssey™ (LonTalk) · SCC 프로파일 (실내 쾌적 제어),"Single Circuit TWE09043A*, 4A*, WA*",modelNumber,airHandler,extracted,SS-PRC028AA-EN_06262022.pdf,26,Table 9. General data - 6-10 tons (TWE0724*B* - TWE1204*B*) SZVAV and 2-speed VFD air hand,fanMotorRpm,팬 회전수,1725,RPM
trane-symbio-700-odyssey-lontalk-scc,e5,Trane,Symbio™ 700 — Odyssey™ (LonTalk) · SCC 프로파일 (실내 쾌적 제어),"Single Circuit TWE09043A*, 4A*, WA*",modelNumber,airHandler,extracted,SS-PRC028AA-EN_06262022.pdf,26,Table 9. General data - 6-10 tons (TWE0724*B* - TWE1204*B*) SZVAV and 2-speed VFD air hand,ratedAirflow,정격 풍량,3000,CFM
trane-symbio-700-odyssey-lontalk-scc,e5,Trane,Symbio™ 700 — Odyssey™ (LonTalk) · SCC 프로파일 (실내 쾌적 제어),"Single Circuit TWE09043A*, 4A*, WA*",modelNumber,airHandler,extracted,SS-PRC028AA-EN_06262022.pdf,26,Table 9. General data - 6-10 tons (TWE0724*B* - TWE1204*B*) SZVAV and 2-speed VFD air hand,refrigerantControl,팽창 장치,Expansion Valve,
trane-symbio-700-odyssey-lontalk-scc,e5,Trane,Symbio™ 700 — Odyssey™ (LonTalk) · SCC 프로파일 (실내 쾌적 제어),"Dual Circuit TWE09043B*, 4B*, WB*",modelNumber,airHandler,extracted,SS-PRC028AA-EN_06262022.pdf,26,Table 9. General data - 6-10 tons (TWE0724*B* - TWE1204*B*) SZVAV and 2-speed VFD air hand,capacityClass,용량대,7.5 Tons,
trane-symbio-700-odyssey-lontalk-scc,e5,Trane,Symbio™ 700 — Odyssey™ (LonTalk) · SCC 프로파일 (실내 쾌적 제어),"Dual Circuit TWE09043B*, 4B*, WB*",modelNumber,airHandler,extracted,SS-PRC028AA-EN_06262022.pdf,26,Table 9. General data - 6-10 tons (TWE0724*B* - TWE1204*B*) SZVAV and 2-speed VFD air hand,coilFaceArea,코일 면적,8.1,sq ft
trane-symbio-700-odyssey-lontalk-scc,e5,Trane,Symbio™ 700 — Odyssey™ (LonTalk) · SCC 프로파일 (실내 쾌적 제어),"Dual Circuit TWE09043B*, 4B*, WB*",modelNumber,airHandler,extracted,SS-PRC028AA-EN_06262022.pdf,26,Table 9. General data - 6-10 tons (TWE0724*B* - TWE1204*B*) SZVAV and 2-speed VFD air hand,coilRowsFpi,코일 열수/FPI,4/14,
trane-symbio-700-odyssey-lontalk-scc,e5,Trane,Symbio™ 700 — Odyssey™ (LonTalk) · SCC 프로파일 (실내 쾌적 제어),"Dual Circuit TWE09043B*, 4B*, WB*",modelNumber,airHandler,extracted,SS-PRC028AA-EN_06262022.pdf,26,Table 9. General data - 6-10 tons (TWE0724*B* - TWE1204*B*) SZVAV and 2-speed VFD air hand,fanMotorHp,팬 모터,2.0/3.0,HP
trane-symbio-700-odyssey-lontalk-scc,e5,Trane,Symbio™ 700 — Odyssey™ (LonTalk) · SCC 프로파일 (실내 쾌적 제어),"Dual Circuit TWE09043B*, 4B*, WB*",modelNumber,airHandler,extracted,SS-PRC028AA-EN_06262022.pdf,26,Table 9. General data - 6-10 tons (TWE0724*B* - TWE1204*B*) SZVAV and 2-speed VFD air hand,fanMotorRpm,팬 회전수,1725,RPM
trane-symbio-700-odyssey-lontalk-scc,e5,Trane,Symbio™ 700 — Odyssey™ (LonTalk) · SCC 프로파일 (실내 쾌적 제어),"Dual Circuit TWE09043B*, 4B*, WB*",modelNumber,airHandler,extracted,SS-PRC028AA-EN_06262022.pdf,26,Table 9. General data - 6-10 tons (TWE0724*B* - TWE1204*B*) SZVAV and 2-speed VFD air hand,ratedAirflow,정격 풍량,3000,CFM
trane-symbio-700-odyssey-lontalk-scc,e5,Trane,Symbio™ 700 — Odyssey™ (LonTalk) · SCC 프로파일 (실내 쾌적 제어),"Dual Circuit TWE09043B*, 4B*, WB*",modelNumber,airHandler,extracted,SS-PRC028AA-EN_06262022.pdf,26,Table 9. General data - 6-10 tons (TWE0724*B* - TWE1204*B*) SZVAV and 2-speed VFD air hand,refrigerantControl,팽창 장치,Expansion Valve,
trane-symbio-700-odyssey-lontalk-scc,e5,Trane,Symbio™ 700 — Odyssey™ (LonTalk) · SCC 프로파일 (실내 쾌적 제어),"Single Circuit TWE12043A*, 4A*, WA*",modelNumber,airHandler,extracted,SS-PRC028AA-EN_06262022.pdf,26,Table 9. General data - 6-10 tons (TWE0724*B* - TWE1204*B*) SZVAV and 2-speed VFD air hand,capacityClass,용량대,10 Tons,
trane-symbio-700-odyssey-lontalk-scc,e5,Trane,Symbio™ 700 — Odyssey™ (LonTalk) · SCC 프로파일 (실내 쾌적 제어),"Single Circuit TWE12043A*, 4A*, WA*",modelNumber,airHandler,extracted,SS-PRC028AA-EN_06262022.pdf,26,Table 9. General data - 6-10 tons (TWE0724*B* - TWE1204*B*) SZVAV and 2-speed VFD air hand,coilFaceArea,코일 면적,11.2,sq ft
trane-symbio-700-odyssey-lontalk-scc,e5,Trane,Symbio™ 700 — Odyssey™ (LonTalk) · SCC 프로파일 (실내 쾌적 제어),"Single Circuit TWE12043A*, 4A*, WA*",modelNumber,airHandler,extracted,SS-PRC028AA-EN_06262022.pdf,26,Table 9. General data - 6-10 tons (TWE0724*B* - TWE1204*B*) SZVAV and 2-speed VFD air hand,coilRowsFpi,코일 열수/FPI,4/14,
trane-symbio-700-odyssey-lontalk-scc,e5,Trane,Symbio™ 700 — Odyssey™ (LonTalk) · SCC 프로파일 (실내 쾌적 제어),"Single Circuit TWE12043A*, 4A*, WA*",modelNumber,airHandler,extracted,SS-PRC028AA-EN_06262022.pdf,26,Table 9. General data - 6-10 tons (TWE0724*B* - TWE1204*B*) SZVAV and 2-speed VFD air hand,fanMotorHp,팬 모터,2.0/3.0,HP
trane-symbio-700-odyssey-lontalk-scc,e5,Trane,Symbio™ 700 — Odyssey™ (LonTalk) · SCC 프로파일 (실내 쾌적 제어),"Single Circuit TWE12043A*, 4A*, WA*",modelNumber,airHandler,extracted,SS-PRC028AA-EN_06262022.pdf,26,Table 9. General data - 6-10 tons (TWE0724*B* - TWE1204*B*) SZVAV and 2-speed VFD air hand,fanMotorRpm,팬 회전수,1725,RPM
trane-symbio-700-odyssey-lontalk-scc,e5,Trane,Symbio™ 700 — Odyssey™ (LonTalk) · SCC 프로파일 (실내 쾌적 제어),"Single Circuit TWE12043A*, 4A*, WA*",modelNumber,airHandler,extracted,SS-PRC028AA-EN_06262022.pdf,26,Table 9. General data - 6-10 tons (TWE0724*B* - TWE1204*B*) SZVAV and 2-speed VFD air hand,ratedAirflow,정격 풍량,4000,CFM
trane-symbio-700-odyssey-lontalk-scc,e5,Trane,Symbio™ 700 — Odyssey™ (LonTalk) · SCC 프로파일 (실내 쾌적 제어),"Single Circuit TWE12043A*, 4A*, WA*",modelNumber,airHandler,extracted,SS-PRC028AA-EN_06262022.pdf,26,Table 9. General data - 6-10 tons (TWE0724*B* - TWE1204*B*) SZVAV and 2-speed VFD air hand,refrigerantControl,팽창 장치,Expansion Valve,
trane-symbio-700-odyssey-lontalk-scc,e5,Trane,Symbio™ 700 — Odyssey™ (LonTalk) · SCC 프로파일 (실내 쾌적 제어),"Dual Circuit TWE12043B*, 4B*, WB*",modelNumber,airHandler,extracted,SS-PRC028AA-EN_06262022.pdf,26,Table 9. General data - 6-10 tons (TWE0724*B* - TWE1204*B*) SZVAV and 2-speed VFD air hand,capacityClass,용량대,10 Tons,
trane-symbio-700-odyssey-lontalk-scc,e5,Trane,Symbio™ 700 — Odyssey™ (LonTalk) · SCC 프로파일 (실내 쾌적 제어),"Dual Circuit TWE12043B*, 4B*, WB*",modelNumber,airHandler,extracted,SS-PRC028AA-EN_06262022.pdf,26,Table 9. General data - 6-10 tons (TWE0724*B* - TWE1204*B*) SZVAV and 2-speed VFD air hand,coilFaceArea,코일 면적,11.2,sq ft
trane-symbio-700-odyssey-lontalk-scc,e5,Trane,Symbio™ 700 — Odyssey™ (LonTalk) · SCC 프로파일 (실내 쾌적 제어),"Dual Circuit TWE12043B*, 4B*, WB*",modelNumber,airHandler,extracted,SS-PRC028AA-EN_06262022.pdf,26,Table 9. General data - 6-10 tons (TWE0724*B* - TWE1204*B*) SZVAV and 2-speed VFD air hand,coilRowsFpi,코일 열수/FPI,4/14,
trane-symbio-700-odyssey-lontalk-scc,e5,Trane,Symbio™ 700 — Odyssey™ (LonTalk) · SCC 프로파일 (실내 쾌적 제어),"Dual Circuit TWE12043B*, 4B*, WB*",modelNumber,airHandler,extracted,SS-PRC028AA-EN_06262022.pdf,26,Table 9. General data - 6-10 tons (TWE0724*B* - TWE1204*B*) SZVAV and 2-speed VFD air hand,fanMotorHp,팬 모터,2.0/3.0,HP
trane-symbio-700-odyssey-lontalk-scc,e5,Trane,Symbio™ 700 — Odyssey™ (LonTalk) · SCC 프로파일 (실내 쾌적 제어),"Dual Circuit TWE12043B*, 4B*, WB*",modelNumber,airHandler,extracted,SS-PRC028AA-EN_06262022.pdf,26,Table 9. General data - 6-10 tons (TWE0724*B* - TWE1204*B*) SZVAV and 2-speed VFD air hand,fanMotorRpm,팬 회전수,1725,RPM
trane-symbio-700-odyssey-lontalk-scc,e5,Trane,Symbio™ 700 — Odyssey™ (LonTalk) · SCC 프로파일 (실내 쾌적 제어),"Dual Circuit TWE12043B*, 4B*, WB*",modelNumber,airHandler,extracted,SS-PRC028AA-EN_06262022.pdf,26,Table 9. General data - 6-10 tons (TWE0724*B* - TWE1204*B*) SZVAV and 2-speed VFD air hand,ratedAirflow,정격 풍량,4000,CFM
trane-symbio-700-odyssey-lontalk-scc,e5,Trane,Symbio™ 700 — Odyssey™ (LonTalk) · SCC 프로파일 (실내 쾌적 제어),"Dual Circuit TWE12043B*, 4B*, WB*",modelNumber,airHandler,extracted,SS-PRC028AA-EN_06262022.pdf,26,Table 9. General data - 6-10 tons (TWE0724*B* - TWE1204*B*) SZVAV and 2-speed VFD air hand,refrigerantControl,팽창 장치,Expansion Valve,
trane-symbio-700-precedent-and-axiom-rooftop-wshp-lontalk-dac,e5,Trane,Symbio™ 700 — Precedent® and Axiom™ Rooftop WSHP (LonTalk) · DAC 프로파일 (급기 제어),"T/YSC036G3,4,W",modelNumber,packagedUnit,extracted,RT-PRC023AY-EN_12202022.pdf,29,Table 5. General data — 3 to 5 tons — standard efficiency,ahriNetCoolingCapacity,AHRI 냉방능력,"36,000",Btu/h
trane-symbio-700-precedent-and-axiom-rooftop-wshp-lontalk-dac,e5,Trane,Symbio™ 700 — Precedent® and Axiom™ Rooftop WSHP (LonTalk) · DAC 프로파일 (급기 제어),"T/YSC036G3,4,W",modelNumber,packagedUnit,extracted,RT-PRC023AY-EN_12202022.pdf,29,Table 5. General data — 3 to 5 tons — standard efficiency,capacityClass,용량대,3 Tons,
trane-symbio-700-precedent-and-axiom-rooftop-wshp-lontalk-dac,e5,Trane,Symbio™ 700 — Precedent® and Axiom™ Rooftop WSHP (LonTalk) · DAC 프로파일 (급기 제어),"T/YSC036G3,4,W",modelNumber,packagedUnit,extracted,RT-PRC023AY-EN_12202022.pdf,29,Table 5. General data — 3 to 5 tons — standard efficiency,coilFaceArea,코일 면적,10.50,sq ft
trane-symbio-700-precedent-and-axiom-rooftop-wshp-lontalk-dac,e5,Trane,Symbio™ 700 — Precedent® and Axiom™ Rooftop WSHP (LonTalk) · DAC 프로파일 (급기 제어),"T/YSC036G3,4,W",modelNumber,packagedUnit,extracted,RT-PRC023AY-EN_12202022.pdf,29,Table 5. General data — 3 to 5 tons — standard efficiency,coilRowsFpi,코일 열수/FPI,1/23,
trane-symbio-700-precedent-and-axiom-rooftop-wshp-lontalk-dac,e5,Trane,Symbio™ 700 — Precedent® and Axiom™ Rooftop WSHP (LonTalk) · DAC 프로파일 (급기 제어),"T/YSC036G3,4,W",modelNumber,packagedUnit,extracted,RT-PRC023AY-EN_12202022.pdf,29,Table 5. General data — 3 to 5 tons — standard efficiency,eer,EER,12.0/14.0,
trane-symbio-700-precedent-and-axiom-rooftop-wshp-lontalk-dac,e5,Trane,Symbio™ 700 — Precedent® and Axiom™ Rooftop WSHP (LonTalk) · DAC 프로파일 (급기 제어),"T/YSC036G3,4,W",modelNumber,packagedUnit,extracted,RT-PRC023AY-EN_12202022.pdf,29,Table 5. General data — 3 to 5 tons — standard efficiency,fanMotorHp,팬 모터,0.25,HP
trane-symbio-700-precedent-and-axiom-rooftop-wshp-lontalk-dac,e5,Trane,Symbio™ 700 — Precedent® and Axiom™ Rooftop WSHP (LonTalk) · DAC 프로파일 (급기 제어),"T/YSC036G3,4,W",modelNumber,packagedUnit,extracted,RT-PRC023AY-EN_12202022.pdf,29,Table 5. General data — 3 to 5 tons — standard efficiency,fanMotorRpm,팬 회전수,"1,100",RPM
trane-symbio-700-precedent-and-axiom-rooftop-wshp-lontalk-dac,e5,Trane,Symbio™ 700 — Precedent® and Axiom™ Rooftop WSHP (LonTalk) · DAC 프로파일 (급기 제어),"T/YSC036G3,4,W",modelNumber,packagedUnit,extracted,RT-PRC023AY-EN_12202022.pdf,29,Table 5. General data — 3 to 5 tons — standard efficiency,grossCoolingCapacity,냉방능력,"37,000",Btu/h
trane-symbio-700-precedent-and-axiom-rooftop-wshp-lontalk-dac,e5,Trane,Symbio™ 700 — Precedent® and Axiom™ Rooftop WSHP (LonTalk) · DAC 프로파일 (급기 제어),"T/YSC036G3,4,W",modelNumber,packagedUnit,extracted,RT-PRC023AY-EN_12202022.pdf,29,Table 5. General data — 3 to 5 tons — standard efficiency,ratedAirflow,정격 풍량,"1,200/1,200",CFM
trane-symbio-700-precedent-and-axiom-rooftop-wshp-lontalk-dac,e5,Trane,Symbio™ 700 — Precedent® and Axiom™ Rooftop WSHP (LonTalk) · DAC 프로파일 (급기 제어),"T/YSC036G3,4,W",modelNumber,packagedUnit,extracted,RT-PRC023AY-EN_12202022.pdf,29,Table 5. General data — 3 to 5 tons — standard efficiency,refrigerantCharge,냉매 충전량,3.2,lbs
trane-symbio-700-precedent-and-axiom-rooftop-wshp-lontalk-dac,e5,Trane,Symbio™ 700 — Precedent® and Axiom™ Rooftop WSHP (LonTalk) · DAC 프로파일 (급기 제어),"T/YSC036G3,4,W",modelNumber,packagedUnit,extracted,RT-PRC023AY-EN_12202022.pdf,29,Table 5. General data — 3 to 5 tons — standard efficiency,refrigerantControl,팽창 장치,Thermal Expansion Valve,
trane-symbio-700-precedent-and-axiom-rooftop-wshp-lontalk-dac,e5,Trane,Symbio™ 700 — Precedent® and Axiom™ Rooftop WSHP (LonTalk) · DAC 프로파일 (급기 제어),"T/YSC036G3,4,W",modelNumber,packagedUnit,extracted,RT-PRC023AY-EN_12202022.pdf,29,Table 5. General data — 3 to 5 tons — standard efficiency,soundRating,소음 정격,79,dB
trane-symbio-700-precedent-and-axiom-rooftop-wshp-lontalk-dac,e5,Trane,Symbio™ 700 — Precedent® and Axiom™ Rooftop WSHP (LonTalk) · DAC 프로파일 (급기 제어),"T/YSC036G3,4,W",modelNumber,packagedUnit,extracted,RT-PRC023AY-EN_12202022.pdf,29,Table 5. General data — 3 to 5 tons — standard efficiency,systemPower,시스템 소비전력,3.00,kW
trane-symbio-700-precedent-and-axiom-rooftop-wshp-lontalk-dac,e5,Trane,Symbio™ 700 — Precedent® and Axiom™ Rooftop WSHP (LonTalk) · DAC 프로파일 (급기 제어),"T/YSC048G3,4,W",modelNumber,packagedUnit,extracted,RT-PRC023AY-EN_12202022.pdf,29,Table 5. General data — 3 to 5 tons — standard efficiency,ahriNetCoolingCapacity,AHRI 냉방능력,"48,000",Btu/h
trane-symbio-700-precedent-and-axiom-rooftop-wshp-lontalk-dac,e5,Trane,Symbio™ 700 — Precedent® and Axiom™ Rooftop WSHP (LonTalk) · DAC 프로파일 (급기 제어),"T/YSC048G3,4,W",modelNumber,packagedUnit,extracted,RT-PRC023AY-EN_12202022.pdf,29,Table 5. General data — 3 to 5 tons — standard efficiency,capacityClass,용량대,4 Tons,
trane-symbio-700-precedent-and-axiom-rooftop-wshp-lontalk-dac,e5,Trane,Symbio™ 700 — Precedent® and Axiom™ Rooftop WSHP (LonTalk) · DAC 프로파일 (급기 제어),"T/YSC048G3,4,W",modelNumber,packagedUnit,extracted,RT-PRC023AY-EN_12202022.pdf,29,Table 5. General data — 3 to 5 tons — standard efficiency,coilFaceArea,코일 면적,10.50,sq ft
trane-symbio-700-precedent-and-axiom-rooftop-wshp-lontalk-dac,e5,Trane,Symbio™ 700 — Precedent® and Axiom™ Rooftop WSHP (LonTalk) · DAC 프로파일 (급기 제어),"T/YSC048G3,4,W",modelNumber,packagedUnit,extracted,RT-PRC023AY-EN_12202022.pdf,29,Table 5. General data — 3 to 5 tons — standard efficiency,coilRowsFpi,코일 열수/FPI,1/23,
trane-symbio-700-precedent-and-axiom-rooftop-wshp-lontalk-dac,e5,Trane,Symbio™ 700 — Precedent® and Axiom™ Rooftop WSHP (LonTalk) · DAC 프로파일 (급기 제어),"T/YSC048G3,4,W",modelNumber,packagedUnit,extracted,RT-PRC023AY-EN_12202022.pdf,29,Table 5. General data — 3 to 5 tons — standard efficiency,eer,EER,12.0/14.0,
trane-symbio-700-precedent-and-axiom-rooftop-wshp-lontalk-dac,e5,Trane,Symbio™ 700 — Precedent® and Axiom™ Rooftop WSHP (LonTalk) · DAC 프로파일 (급기 제어),"T/YSC048G3,4,W",modelNumber,packagedUnit,extracted,RT-PRC023AY-EN_12202022.pdf,29,Table 5. General data — 3 to 5 tons — standard efficiency,fanMotorHp,팬 모터,0.33,HP
trane-symbio-700-precedent-and-axiom-rooftop-wshp-lontalk-dac,e5,Trane,Symbio™ 700 — Precedent® and Axiom™ Rooftop WSHP (LonTalk) · DAC 프로파일 (급기 제어),"T/YSC048G3,4,W",modelNumber,packagedUnit,extracted,RT-PRC023AY-EN_12202022.pdf,29,Table 5. General data — 3 to 5 tons — standard efficiency,fanMotorRpm,팬 회전수,"1,100",RPM
trane-symbio-700-precedent-and-axiom-rooftop-wshp-lontalk-dac,e5,Trane,Symbio™ 700 — Precedent® and Axiom™ Rooftop WSHP (LonTalk) · DAC 프로파일 (급기 제어),"T/YSC048G3,4,W",modelNumber,packagedUnit,extracted,RT-PRC023AY-EN_12202022.pdf,29,Table 5. General data — 3 to 5 tons — standard efficiency,grossCoolingCapacity,냉방능력,"49,000",Btu/h
trane-symbio-700-precedent-and-axiom-rooftop-wshp-lontalk-dac,e5,Trane,Symbio™ 700 — Precedent® and Axiom™ Rooftop WSHP (LonTalk) · DAC 프로파일 (급기 제어),"T/YSC048G3,4,W",modelNumber,packagedUnit,extracted,RT-PRC023AY-EN_12202022.pdf,29,Table 5. General data — 3 to 5 tons — standard efficiency,ratedAirflow,정격 풍량,"1,600/1,600",CFM
trane-symbio-700-precedent-and-axiom-rooftop-wshp-lontalk-dac,e5,Trane,Symbio™ 700 — Precedent® and Axiom™ Rooftop WSHP (LonTalk) · DAC 프로파일 (급기 제어),"T/YSC048G3,4,W",modelNumber,packagedUnit,extracted,RT-PRC023AY-EN_12202022.pdf,29,Table 5. General data — 3 to 5 tons — standard efficiency,refrigerantCharge,냉매 충전량,3.5,lbs
trane-symbio-700-precedent-and-axiom-rooftop-wshp-lontalk-dac,e5,Trane,Symbio™ 700 — Precedent® and Axiom™ Rooftop WSHP (LonTalk) · DAC 프로파일 (급기 제어),"T/YSC048G3,4,W",modelNumber,packagedUnit,extracted,RT-PRC023AY-EN_12202022.pdf,29,Table 5. General data — 3 to 5 tons — standard efficiency,refrigerantControl,팽창 장치,Thermal Expansion Valve,
trane-symbio-700-precedent-and-axiom-rooftop-wshp-lontalk-dac,e5,Trane,Symbio™ 700 — Precedent® and Axiom™ Rooftop WSHP (LonTalk) · DAC 프로파일 (급기 제어),"T/YSC048G3,4,W",modelNumber,packagedUnit,extracted,RT-PRC023AY-EN_12202022.pdf,29,Table 5. General data — 3 to 5 tons — standard efficiency,soundRating,소음 정격,80,dB
trane-symbio-700-precedent-and-axiom-rooftop-wshp-lontalk-dac,e5,Trane,Symbio™ 700 — Precedent® and Axiom™ Rooftop WSHP (LonTalk) · DAC 프로파일 (급기 제어),"T/YSC048G3,4,W",modelNumber,packagedUnit,extracted,RT-PRC023AY-EN_12202022.pdf,29,Table 5. General data — 3 to 5 tons — standard efficiency,systemPower,시스템 소비전력,4.00,kW
trane-symbio-700-precedent-and-axiom-rooftop-wshp-lontalk-dac,e5,Trane,Symbio™ 700 — Precedent® and Axiom™ Rooftop WSHP (LonTalk) · DAC 프로파일 (급기 제어),"T/YSC060G3,4,W",modelNumber,packagedUnit,extracted,RT-PRC023AY-EN_12202022.pdf,29,Table 5. General data — 3 to 5 tons — standard efficiency,ahriNetCoolingCapacity,AHRI 냉방능력,"58,500",Btu/h
trane-symbio-700-precedent-and-axiom-rooftop-wshp-lontalk-dac,e5,Trane,Symbio™ 700 — Precedent® and Axiom™ Rooftop WSHP (LonTalk) · DAC 프로파일 (급기 제어),"T/YSC060G3,4,W",modelNumber,packagedUnit,extracted,RT-PRC023AY-EN_12202022.pdf,29,Table 5. General data — 3 to 5 tons — standard efficiency,capacityClass,용량대,5 Tons,
trane-symbio-700-precedent-and-axiom-rooftop-wshp-lontalk-dac,e5,Trane,Symbio™ 700 — Precedent® and Axiom™ Rooftop WSHP (LonTalk) · DAC 프로파일 (급기 제어),"T/YSC060G3,4,W",modelNumber,packagedUnit,extracted,RT-PRC023AY-EN_12202022.pdf,29,Table 5. General data — 3 to 5 tons — standard efficiency,coilFaceArea,코일 면적,11.90,sq ft
trane-symbio-700-precedent-and-axiom-rooftop-wshp-lontalk-dac,e5,Trane,Symbio™ 700 — Precedent® and Axiom™ Rooftop WSHP (LonTalk) · DAC 프로파일 (급기 제어),"T/YSC060G3,4,W",modelNumber,packagedUnit,extracted,RT-PRC023AY-EN_12202022.pdf,29,Table 5. General data — 3 to 5 tons — standard efficiency,coilRowsFpi,코일 열수/FPI,1/23,
trane-symbio-700-precedent-and-axiom-rooftop-wshp-lontalk-dac,e5,Trane,Symbio™ 700 — Precedent® and Axiom™ Rooftop WSHP (LonTalk) · DAC 프로파일 (급기 제어),"T/YSC060G3,4,W",modelNumber,packagedUnit,extracted,RT-PRC023AY-EN_12202022.pdf,29,Table 5. General data — 3 to 5 tons — standard efficiency,eer,EER,12.0/14.0,
trane-symbio-700-precedent-and-axiom-rooftop-wshp-lontalk-dac,e5,Trane,Symbio™ 700 — Precedent® and Axiom™ Rooftop WSHP (LonTalk) · DAC 프로파일 (급기 제어),"T/YSC060G3,4,W",modelNumber,packagedUnit,extracted,RT-PRC023AY-EN_12202022.pdf,29,Table 5. General data — 3 to 5 tons — standard efficiency,fanMotorHp,팬 모터,0.40,HP
trane-symbio-700-precedent-and-axiom-rooftop-wshp-lontalk-dac,e5,Trane,Symbio™ 700 — Precedent® and Axiom™ Rooftop WSHP (LonTalk) · DAC 프로파일 (급기 제어),"T/YSC060G3,4,W",modelNumber,packagedUnit,extracted,RT-PRC023AY-EN_12202022.pdf,29,Table 5. General data — 3 to 5 tons — standard efficiency,fanMotorRpm,팬 회전수,1100,RPM
trane-symbio-700-precedent-and-axiom-rooftop-wshp-lontalk-dac,e5,Trane,Symbio™ 700 — Precedent® and Axiom™ Rooftop WSHP (LonTalk) · DAC 프로파일 (급기 제어),"T/YSC060G3,4,W",modelNumber,packagedUnit,extracted,RT-PRC023AY-EN_12202022.pdf,29,Table 5. General data — 3 to 5 tons — standard efficiency,grossCoolingCapacity,냉방능력,"60,000",Btu/h
trane-symbio-700-precedent-and-axiom-rooftop-wshp-lontalk-dac,e5,Trane,Symbio™ 700 — Precedent® and Axiom™ Rooftop WSHP (LonTalk) · DAC 프로파일 (급기 제어),"T/YSC060G3,4,W",modelNumber,packagedUnit,extracted,RT-PRC023AY-EN_12202022.pdf,29,Table 5. General data — 3 to 5 tons — standard efficiency,ratedAirflow,정격 풍량,"2,000/2,000",CFM
trane-symbio-700-precedent-and-axiom-rooftop-wshp-lontalk-dac,e5,Trane,Symbio™ 700 — Precedent® and Axiom™ Rooftop WSHP (LonTalk) · DAC 프로파일 (급기 제어),"T/YSC060G3,4,W",modelNumber,packagedUnit,extracted,RT-PRC023AY-EN_12202022.pdf,29,Table 5. General data — 3 to 5 tons — standard efficiency,refrigerantCharge,냉매 충전량,4.8,lbs
trane-symbio-700-precedent-and-axiom-rooftop-wshp-lontalk-dac,e5,Trane,Symbio™ 700 — Precedent® and Axiom™ Rooftop WSHP (LonTalk) · DAC 프로파일 (급기 제어),"T/YSC060G3,4,W",modelNumber,packagedUnit,extracted,RT-PRC023AY-EN_12202022.pdf,29,Table 5. General data — 3 to 5 tons — standard efficiency,refrigerantControl,팽창 장치,Thermal Expansion Valve,
trane-symbio-700-precedent-and-axiom-rooftop-wshp-lontalk-dac,e5,Trane,Symbio™ 700 — Precedent® and Axiom™ Rooftop WSHP (LonTalk) · DAC 프로파일 (급기 제어),"T/YSC060G3,4,W",modelNumber,packagedUnit,extracted,RT-PRC023AY-EN_12202022.pdf,29,Table 5. General data — 3 to 5 tons — standard efficiency,soundRating,소음 정격,81,dB
trane-symbio-700-precedent-and-axiom-rooftop-wshp-lontalk-dac,e5,Trane,Symbio™ 700 — Precedent® and Axiom™ Rooftop WSHP (LonTalk) · DAC 프로파일 (급기 제어),"T/YSC060G3,4,W",modelNumber,packagedUnit,extracted,RT-PRC023AY-EN_12202022.pdf,29,Table 5. General data — 3 to 5 tons — standard efficiency,systemPower,시스템 소비전력,4.88,kW
trane-symbio-700-precedent-and-axiom-rooftop-wshp-lontalk-dac,e5,Trane,Symbio™ 700 — Precedent® and Axiom™ Rooftop WSHP (LonTalk) · DAC 프로파일 (급기 제어),"T/YSC072H3,4,W",modelNumber,packagedUnit,extracted,RT-PRC023AY-EN_12202022.pdf,31,Table 6. General data — 6 to 10 tons — standard efficiency,ahriNetCoolingCapacity,AHRI 냉방능력,"71,000",Btu/h
trane-symbio-700-precedent-and-axiom-rooftop-wshp-lontalk-dac,e5,Trane,Symbio™ 700 — Precedent® and Axiom™ Rooftop WSHP (LonTalk) · DAC 프로파일 (급기 제어),"T/YSC072H3,4,W",modelNumber,packagedUnit,extracted,RT-PRC023AY-EN_12202022.pdf,31,Table 6. General data — 6 to 10 tons — standard efficiency,capacityClass,용량대,6 Tons,
trane-symbio-700-precedent-and-axiom-rooftop-wshp-lontalk-dac,e5,Trane,Symbio™ 700 — Precedent® and Axiom™ Rooftop WSHP (LonTalk) · DAC 프로파일 (급기 제어),"T/YSC072H3,4,W",modelNumber,packagedUnit,extracted,RT-PRC023AY-EN_12202022.pdf,31,Table 6. General data — 6 to 10 tons — standard efficiency,coilFaceArea,코일 면적,16.91,sq ft
trane-symbio-700-precedent-and-axiom-rooftop-wshp-lontalk-dac,e5,Trane,Symbio™ 700 — Precedent® and Axiom™ Rooftop WSHP (LonTalk) · DAC 프로파일 (급기 제어),"T/YSC072H3,4,W",modelNumber,packagedUnit,extracted,RT-PRC023AY-EN_12202022.pdf,31,Table 6. General data — 6 to 10 tons — standard efficiency,coilRowsFpi,코일 열수/FPI,1/23,
trane-symbio-700-precedent-and-axiom-rooftop-wshp-lontalk-dac,e5,Trane,Symbio™ 700 — Precedent® and Axiom™ Rooftop WSHP (LonTalk) · DAC 프로파일 (급기 제어),"T/YSC072H3,4,W",modelNumber,packagedUnit,extracted,RT-PRC023AY-EN_12202022.pdf,31,Table 6. General data — 6 to 10 tons — standard efficiency,eer,EER,11.2,
trane-symbio-700-precedent-and-axiom-rooftop-wshp-lontalk-dac,e5,Trane,Symbio™ 700 — Precedent® and Axiom™ Rooftop WSHP (LonTalk) · DAC 프로파일 (급기 제어),"T/YSC072H3,4,W",modelNumber,packagedUnit,extracted,RT-PRC023AY-EN_12202022.pdf,31,Table 6. General data — 6 to 10 tons — standard efficiency,fanMotorHp,팬 모터,0.70,HP
trane-symbio-700-precedent-and-axiom-rooftop-wshp-lontalk-dac,e5,Trane,Symbio™ 700 — Precedent® and Axiom™ Rooftop WSHP (LonTalk) · DAC 프로파일 (급기 제어),"T/YSC072H3,4,W",modelNumber,packagedUnit,extracted,RT-PRC023AY-EN_12202022.pdf,31,Table 6. General data — 6 to 10 tons — standard efficiency,fanMotorRpm,팬 회전수,"1,100",RPM
trane-symbio-700-precedent-and-axiom-rooftop-wshp-lontalk-dac,e5,Trane,Symbio™ 700 — Precedent® and Axiom™ Rooftop WSHP (LonTalk) · DAC 프로파일 (급기 제어),"T/YSC072H3,4,W",modelNumber,packagedUnit,extracted,RT-PRC023AY-EN_12202022.pdf,31,Table 6. General data — 6 to 10 tons — standard efficiency,grossCoolingCapacity,냉방능력,"75,000",Btu/h
trane-symbio-700-precedent-and-axiom-rooftop-wshp-lontalk-dac,e5,Trane,Symbio™ 700 — Precedent® and Axiom™ Rooftop WSHP (LonTalk) · DAC 프로파일 (급기 제어),"T/YSC072H3,4,W",modelNumber,packagedUnit,extracted,RT-PRC023AY-EN_12202022.pdf,31,Table 6. General data — 6 to 10 tons — standard efficiency,ieer,IEER,12.9 / 12.7,
trane-symbio-700-precedent-and-axiom-rooftop-wshp-lontalk-dac,e5,Trane,Symbio™ 700 — Precedent® and Axiom™ Rooftop WSHP (LonTalk) · DAC 프로파일 (급기 제어),"T/YSC072H3,4,W",modelNumber,packagedUnit,extracted,RT-PRC023AY-EN_12202022.pdf,31,Table 6. General data — 6 to 10 tons — standard efficiency,ratedAirflow,정격 풍량,"2,400/2,100",CFM
trane-symbio-700-precedent-and-axiom-rooftop-wshp-lontalk-dac,e5,Trane,Symbio™ 700 — Precedent® and Axiom™ Rooftop WSHP (LonTalk) · DAC 프로파일 (급기 제어),"T/YSC072H3,4,W",modelNumber,packagedUnit,extracted,RT-PRC023AY-EN_12202022.pdf,31,Table 6. General data — 6 to 10 tons — standard efficiency,refrigerantCharge,냉매 충전량,5.5,lbs
trane-symbio-700-precedent-and-axiom-rooftop-wshp-lontalk-dac,e5,Trane,Symbio™ 700 — Precedent® and Axiom™ Rooftop WSHP (LonTalk) · DAC 프로파일 (급기 제어),"T/YSC072H3,4,W",modelNumber,packagedUnit,extracted,RT-PRC023AY-EN_12202022.pdf,31,Table 6. General data — 6 to 10 tons — standard efficiency,refrigerantControl,팽창 장치,Thermal Expansion Valve,
trane-symbio-700-precedent-and-axiom-rooftop-wshp-lontalk-dac,e5,Trane,Symbio™ 700 — Precedent® and Axiom™ Rooftop WSHP (LonTalk) · DAC 프로파일 (급기 제어),"T/YSC072H3,4,W",modelNumber,packagedUnit,extracted,RT-PRC023AY-EN_12202022.pdf,31,Table 6. General data — 6 to 10 tons — standard efficiency,soundRating,소음 정격,89,dB
trane-symbio-700-precedent-and-axiom-rooftop-wshp-lontalk-dac,e5,Trane,Symbio™ 700 — Precedent® and Axiom™ Rooftop WSHP (LonTalk) · DAC 프로파일 (급기 제어),"T/YSC072H3,4,W",modelNumber,packagedUnit,extracted,RT-PRC023AY-EN_12202022.pdf,31,Table 6. General data — 6 to 10 tons — standard efficiency,systemPower,시스템 소비전력,6.36,kW
trane-symbio-700-precedent-and-axiom-rooftop-wshp-lontalk-dac,e5,Trane,Symbio™ 700 — Precedent® and Axiom™ Rooftop WSHP (LonTalk) · DAC 프로파일 (급기 제어),"Single Compressor T/YSC090H3,4,W",modelNumber,packagedUnit,extracted,RT-PRC023AY-EN_12202022.pdf,31,Table 6. General data — 6 to 10 tons — standard efficiency,ahriNetCoolingCapacity,AHRI 냉방능력,"87,000",Btu/h
trane-symbio-700-precedent-and-axiom-rooftop-wshp-lontalk-dac,e5,Trane,Symbio™ 700 — Precedent® and Axiom™ Rooftop WSHP (LonTalk) · DAC 프로파일 (급기 제어),"Single Compressor T/YSC090H3,4,W",modelNumber,packagedUnit,extracted,RT-PRC023AY-EN_12202022.pdf,31,Table 6. General data — 6 to 10 tons — standard efficiency,capacityClass,용량대,7.5 Tons,
trane-symbio-700-precedent-and-axiom-rooftop-wshp-lontalk-dac,e5,Trane,Symbio™ 700 — Precedent® and Axiom™ Rooftop WSHP (LonTalk) · DAC 프로파일 (급기 제어),"Single Compressor T/YSC090H3,4,W",modelNumber,packagedUnit,extracted,RT-PRC023AY-EN_12202022.pdf,31,Table 6. General data — 6 to 10 tons — standard efficiency,coilFaceArea,코일 면적,16.91,sq ft
trane-symbio-700-precedent-and-axiom-rooftop-wshp-lontalk-dac,e5,Trane,Symbio™ 700 — Precedent® and Axiom™ Rooftop WSHP (LonTalk) · DAC 프로파일 (급기 제어),"Single Compressor T/YSC090H3,4,W",modelNumber,packagedUnit,extracted,RT-PRC023AY-EN_12202022.pdf,31,Table 6. General data — 6 to 10 tons — standard efficiency,coilRowsFpi,코일 열수/FPI,1/21,
trane-symbio-700-precedent-and-axiom-rooftop-wshp-lontalk-dac,e5,Trane,Symbio™ 700 — Precedent® and Axiom™ Rooftop WSHP (LonTalk) · DAC 프로파일 (급기 제어),"Single Compressor T/YSC090H3,4,W",modelNumber,packagedUnit,extracted,RT-PRC023AY-EN_12202022.pdf,31,Table 6. General data — 6 to 10 tons — standard efficiency,eer,EER,11.2,
trane-symbio-700-precedent-and-axiom-rooftop-wshp-lontalk-dac,e5,Trane,Symbio™ 700 — Precedent® and Axiom™ Rooftop WSHP (LonTalk) · DAC 프로파일 (급기 제어),"Single Compressor T/YSC090H3,4,W",modelNumber,packagedUnit,extracted,RT-PRC023AY-EN_12202022.pdf,31,Table 6. General data — 6 to 10 tons — standard efficiency,fanMotorHp,팬 모터,0.70,HP
trane-symbio-700-precedent-and-axiom-rooftop-wshp-lontalk-dac,e5,Trane,Symbio™ 700 — Precedent® and Axiom™ Rooftop WSHP (LonTalk) · DAC 프로파일 (급기 제어),"Single Compressor T/YSC090H3,4,W",modelNumber,packagedUnit,extracted,RT-PRC023AY-EN_12202022.pdf,31,Table 6. General data — 6 to 10 tons — standard efficiency,fanMotorRpm,팬 회전수,"1,100",RPM
trane-symbio-700-precedent-and-axiom-rooftop-wshp-lontalk-dac,e5,Trane,Symbio™ 700 — Precedent® and Axiom™ Rooftop WSHP (LonTalk) · DAC 프로파일 (급기 제어),"Single Compressor T/YSC090H3,4,W",modelNumber,packagedUnit,extracted,RT-PRC023AY-EN_12202022.pdf,31,Table 6. General data — 6 to 10 tons — standard efficiency,grossCoolingCapacity,냉방능력,"92,500",Btu/h
trane-symbio-700-precedent-and-axiom-rooftop-wshp-lontalk-dac,e5,Trane,Symbio™ 700 — Precedent® and Axiom™ Rooftop WSHP (LonTalk) · DAC 프로파일 (급기 제어),"Single Compressor T/YSC090H3,4,W",modelNumber,packagedUnit,extracted,RT-PRC023AY-EN_12202022.pdf,31,Table 6. General data — 6 to 10 tons — standard efficiency,ieer,IEER,12.9 / 12.7,
trane-symbio-700-precedent-and-axiom-rooftop-wshp-lontalk-dac,e5,Trane,Symbio™ 700 — Precedent® and Axiom™ Rooftop WSHP (LonTalk) · DAC 프로파일 (급기 제어),"Single Compressor T/YSC090H3,4,W",modelNumber,packagedUnit,extracted,RT-PRC023AY-EN_12202022.pdf,31,Table 6. General data — 6 to 10 tons — standard efficiency,ratedAirflow,정격 풍량,"3,000/2,400",CFM
trane-symbio-700-precedent-and-axiom-rooftop-wshp-lontalk-dac,e5,Trane,Symbio™ 700 — Precedent® and Axiom™ Rooftop WSHP (LonTalk) · DAC 프로파일 (급기 제어),"Single Compressor T/YSC090H3,4,W",modelNumber,packagedUnit,extracted,RT-PRC023AY-EN_12202022.pdf,31,Table 6. General data — 6 to 10 tons — standard efficiency,refrigerantCharge,냉매 충전량,7.5,lbs
trane-symbio-700-precedent-and-axiom-rooftop-wshp-lontalk-dac,e5,Trane,Symbio™ 700 — Precedent® and Axiom™ Rooftop WSHP (LonTalk) · DAC 프로파일 (급기 제어),"Single Compressor T/YSC090H3,4,W",modelNumber,packagedUnit,extracted,RT-PRC023AY-EN_12202022.pdf,31,Table 6. General data — 6 to 10 tons — standard efficiency,refrigerantControl,팽창 장치,Thermal Expansion Valve,
trane-symbio-700-precedent-and-axiom-rooftop-wshp-lontalk-dac,e5,Trane,Symbio™ 700 — Precedent® and Axiom™ Rooftop WSHP (LonTalk) · DAC 프로파일 (급기 제어),"Single Compressor T/YSC090H3,4,W",modelNumber,packagedUnit,extracted,RT-PRC023AY-EN_12202022.pdf,31,Table 6. General data — 6 to 10 tons — standard efficiency,soundRating,소음 정격,89,dB
trane-symbio-700-precedent-and-axiom-rooftop-wshp-lontalk-dac,e5,Trane,Symbio™ 700 — Precedent® and Axiom™ Rooftop WSHP (LonTalk) · DAC 프로파일 (급기 제어),"Single Compressor T/YSC090H3,4,W",modelNumber,packagedUnit,extracted,RT-PRC023AY-EN_12202022.pdf,31,Table 6. General data — 6 to 10 tons — standard efficiency,systemPower,시스템 소비전력,7.77,kW
trane-symbio-700-precedent-and-axiom-rooftop-wshp-lontalk-dac,e5,Trane,Symbio™ 700 — Precedent® and Axiom™ Rooftop WSHP (LonTalk) · DAC 프로파일 (급기 제어),"Dual Compressor T/YSC092H3,4,W",modelNumber,packagedUnit,extracted,RT-PRC023AY-EN_12202022.pdf,31,Table 6. General data — 6 to 10 tons — standard efficiency,ahriNetCoolingCapacity,AHRI 냉방능력,"90,000",Btu/h
trane-symbio-700-precedent-and-axiom-rooftop-wshp-lontalk-dac,e5,Trane,Symbio™ 700 — Precedent® and Axiom™ Rooftop WSHP (LonTalk) · DAC 프로파일 (급기 제어),"Dual Compressor T/YSC092H3,4,W",modelNumber,packagedUnit,extracted,RT-PRC023AY-EN_12202022.pdf,31,Table 6. General data — 6 to 10 tons — standard efficiency,capacityClass,용량대,7.5 Tons,
trane-symbio-700-precedent-and-axiom-rooftop-wshp-lontalk-dac,e5,Trane,Symbio™ 700 — Precedent® and Axiom™ Rooftop WSHP (LonTalk) · DAC 프로파일 (급기 제어),"Dual Compressor T/YSC092H3,4,W",modelNumber,packagedUnit,extracted,RT-PRC023AY-EN_12202022.pdf,31,Table 6. General data — 6 to 10 tons — standard efficiency,coilFaceArea,코일 면적,17.31,sq ft
trane-symbio-700-precedent-and-axiom-rooftop-wshp-lontalk-dac,e5,Trane,Symbio™ 700 — Precedent® and Axiom™ Rooftop WSHP (LonTalk) · DAC 프로파일 (급기 제어),"Dual Compressor T/YSC092H3,4,W",modelNumber,packagedUnit,extracted,RT-PRC023AY-EN_12202022.pdf,31,Table 6. General data — 6 to 10 tons — standard efficiency,coilRowsFpi,코일 열수/FPI,1/23,
trane-symbio-700-precedent-and-axiom-rooftop-wshp-lontalk-dac,e5,Trane,Symbio™ 700 — Precedent® and Axiom™ Rooftop WSHP (LonTalk) · DAC 프로파일 (급기 제어),"Dual Compressor T/YSC092H3,4,W",modelNumber,packagedUnit,extracted,RT-PRC023AY-EN_12202022.pdf,31,Table 6. General data — 6 to 10 tons — standard efficiency,eer,EER,11.2,
trane-symbio-700-precedent-and-axiom-rooftop-wshp-lontalk-dac,e5,Trane,Symbio™ 700 — Precedent® and Axiom™ Rooftop WSHP (LonTalk) · DAC 프로파일 (급기 제어),"Dual Compressor T/YSC092H3,4,W",modelNumber,packagedUnit,extracted,RT-PRC023AY-EN_12202022.pdf,31,Table 6. General data — 6 to 10 tons — standard efficiency,fanMotorHp,팬 모터,0.70,HP
trane-symbio-700-precedent-and-axiom-rooftop-wshp-lontalk-dac,e5,Trane,Symbio™ 700 — Precedent® and Axiom™ Rooftop WSHP (LonTalk) · DAC 프로파일 (급기 제어),"Dual Compressor T/YSC092H3,4,W",modelNumber,packagedUnit,extracted,RT-PRC023AY-EN_12202022.pdf,31,Table 6. General data — 6 to 10 tons — standard efficiency,fanMotorRpm,팬 회전수,"1,100",RPM
trane-symbio-700-precedent-and-axiom-rooftop-wshp-lontalk-dac,e5,Trane,Symbio™ 700 — Precedent® and Axiom™ Rooftop WSHP (LonTalk) · DAC 프로파일 (급기 제어),"Dual Compressor T/YSC092H3,4,W",modelNumber,packagedUnit,extracted,RT-PRC023AY-EN_12202022.pdf,31,Table 6. General data — 6 to 10 tons — standard efficiency,grossCoolingCapacity,냉방능력,"94,800",Btu/h
trane-symbio-700-precedent-and-axiom-rooftop-wshp-lontalk-dac,e5,Trane,Symbio™ 700 — Precedent® and Axiom™ Rooftop WSHP (LonTalk) · DAC 프로파일 (급기 제어),"Dual Compressor T/YSC092H3,4,W",modelNumber,packagedUnit,extracted,RT-PRC023AY-EN_12202022.pdf,31,Table 6. General data — 6 to 10 tons — standard efficiency,ieer,IEER,12.9/12.7(d),
trane-symbio-700-precedent-and-axiom-rooftop-wshp-lontalk-dac,e5,Trane,Symbio™ 700 — Precedent® and Axiom™ Rooftop WSHP (LonTalk) · DAC 프로파일 (급기 제어),"Dual Compressor T/YSC092H3,4,W",modelNumber,packagedUnit,extracted,RT-PRC023AY-EN_12202022.pdf,31,Table 6. General data — 6 to 10 tons — standard efficiency,ratedAirflow,정격 풍량,"3,000/2,325",CFM
trane-symbio-700-precedent-and-axiom-rooftop-wshp-lontalk-dac,e5,Trane,Symbio™ 700 — Precedent® and Axiom™ Rooftop WSHP (LonTalk) · DAC 프로파일 (급기 제어),"Dual Compressor T/YSC092H3,4,W",modelNumber,packagedUnit,extracted,RT-PRC023AY-EN_12202022.pdf,31,Table 6. General data — 6 to 10 tons — standard efficiency,refrigerantCharge,냉매 충전량,3.8/3.6,lbs
trane-symbio-700-precedent-and-axiom-rooftop-wshp-lontalk-dac,e5,Trane,Symbio™ 700 — Precedent® and Axiom™ Rooftop WSHP (LonTalk) · DAC 프로파일 (급기 제어),"Dual Compressor T/YSC092H3,4,W",modelNumber,packagedUnit,extracted,RT-PRC023AY-EN_12202022.pdf,31,Table 6. General data — 6 to 10 tons — standard efficiency,refrigerantControl,팽창 장치,Thermal Expansion Valve,
trane-symbio-700-precedent-and-axiom-rooftop-wshp-lontalk-dac,e5,Trane,Symbio™ 700 — Precedent® and Axiom™ Rooftop WSHP (LonTalk) · DAC 프로파일 (급기 제어),"Dual Compressor T/YSC092H3,4,W",modelNumber,packagedUnit,extracted,RT-PRC023AY-EN_12202022.pdf,31,Table 6. General data — 6 to 10 tons — standard efficiency,soundRating,소음 정격,91,dB
trane-symbio-700-precedent-and-axiom-rooftop-wshp-lontalk-dac,e5,Trane,Symbio™ 700 — Precedent® and Axiom™ Rooftop WSHP (LonTalk) · DAC 프로파일 (급기 제어),"Dual Compressor T/YSC092H3,4,W",modelNumber,packagedUnit,extracted,RT-PRC023AY-EN_12202022.pdf,31,Table 6. General data — 6 to 10 tons — standard efficiency,systemPower,시스템 소비전력,8.04,kW
trane-symbio-700-precedent-and-axiom-rooftop-wshp-lontalk-dac,e5,Trane,Symbio™ 700 — Precedent® and Axiom™ Rooftop WSHP (LonTalk) · DAC 프로파일 (급기 제어),"T/YSC102H3,4,W",modelNumber,packagedUnit,extracted,RT-PRC023AY-EN_12202022.pdf,31,Table 6. General data — 6 to 10 tons — standard efficiency,ahriNetCoolingCapacity,AHRI 냉방능력,"102,000",Btu/h
trane-symbio-700-precedent-and-axiom-rooftop-wshp-lontalk-dac,e5,Trane,Symbio™ 700 — Precedent® and Axiom™ Rooftop WSHP (LonTalk) · DAC 프로파일 (급기 제어),"T/YSC102H3,4,W",modelNumber,packagedUnit,extracted,RT-PRC023AY-EN_12202022.pdf,31,Table 6. General data — 6 to 10 tons — standard efficiency,capacityClass,용량대,8.5 Tons,
trane-symbio-700-precedent-and-axiom-rooftop-wshp-lontalk-dac,e5,Trane,Symbio™ 700 — Precedent® and Axiom™ Rooftop WSHP (LonTalk) · DAC 프로파일 (급기 제어),"T/YSC102H3,4,W",modelNumber,packagedUnit,extracted,RT-PRC023AY-EN_12202022.pdf,31,Table 6. General data — 6 to 10 tons — standard efficiency,coilFaceArea,코일 면적,20.77,sq ft
trane-symbio-700-precedent-and-axiom-rooftop-wshp-lontalk-dac,e5,Trane,Symbio™ 700 — Precedent® and Axiom™ Rooftop WSHP (LonTalk) · DAC 프로파일 (급기 제어),"T/YSC102H3,4,W",modelNumber,packagedUnit,extracted,RT-PRC023AY-EN_12202022.pdf,31,Table 6. General data — 6 to 10 tons — standard efficiency,coilRowsFpi,코일 열수/FPI,1/21,
trane-symbio-700-precedent-and-axiom-rooftop-wshp-lontalk-dac,e5,Trane,Symbio™ 700 — Precedent® and Axiom™ Rooftop WSHP (LonTalk) · DAC 프로파일 (급기 제어),"T/YSC102H3,4,W",modelNumber,packagedUnit,extracted,RT-PRC023AY-EN_12202022.pdf,31,Table 6. General data — 6 to 10 tons — standard efficiency,eer,EER,11.2,
trane-symbio-700-precedent-and-axiom-rooftop-wshp-lontalk-dac,e5,Trane,Symbio™ 700 — Precedent® and Axiom™ Rooftop WSHP (LonTalk) · DAC 프로파일 (급기 제어),"T/YSC102H3,4,W",modelNumber,packagedUnit,extracted,RT-PRC023AY-EN_12202022.pdf,31,Table 6. General data — 6 to 10 tons — standard efficiency,fanMotorHp,팬 모터,0.70,HP
trane-symbio-700-precedent-and-axiom-rooftop-wshp-lontalk-dac,e5,Trane,Symbio™ 700 — Precedent® and Axiom™ Rooftop WSHP (LonTalk) · DAC 프로파일 (급기 제어),"T/YSC102H3,4,W",modelNumber,packagedUnit,extracted,RT-PRC023AY-EN_12202022.pdf,31,Table 6. General data — 6 to 10 tons — standard efficiency,fanMotorRpm,팬 회전수,"1,100",RPM
trane-symbio-700-precedent-and-axiom-rooftop-wshp-lontalk-dac,e5,Trane,Symbio™ 700 — Precedent® and Axiom™ Rooftop WSHP (LonTalk) · DAC 프로파일 (급기 제어),"T/YSC102H3,4,W",modelNumber,packagedUnit,extracted,RT-PRC023AY-EN_12202022.pdf,31,Table 6. General data — 6 to 10 tons — standard efficiency,grossCoolingCapacity,냉방능력,"107,200",Btu/h
trane-symbio-700-precedent-and-axiom-rooftop-wshp-lontalk-dac,e5,Trane,Symbio™ 700 — Precedent® and Axiom™ Rooftop WSHP (LonTalk) · DAC 프로파일 (급기 제어),"T/YSC102H3,4,W",modelNumber,packagedUnit,extracted,RT-PRC023AY-EN_12202022.pdf,31,Table 6. General data — 6 to 10 tons — standard efficiency,ieer,IEER,12.9 / 12.7(e),
trane-symbio-700-precedent-and-axiom-rooftop-wshp-lontalk-dac,e5,Trane,Symbio™ 700 — Precedent® and Axiom™ Rooftop WSHP (LonTalk) · DAC 프로파일 (급기 제어),"T/YSC102H3,4,W",modelNumber,packagedUnit,extracted,RT-PRC023AY-EN_12202022.pdf,31,Table 6. General data — 6 to 10 tons — standard efficiency,ratedAirflow,정격 풍량,"3,400/2,720",CFM
trane-symbio-700-precedent-and-axiom-rooftop-wshp-lontalk-dac,e5,Trane,Symbio™ 700 — Precedent® and Axiom™ Rooftop WSHP (LonTalk) · DAC 프로파일 (급기 제어),"T/YSC102H3,4,W",modelNumber,packagedUnit,extracted,RT-PRC023AY-EN_12202022.pdf,31,Table 6. General data — 6 to 10 tons — standard efficiency,refrigerantCharge,냉매 충전량,5.9/4.0,lbs
trane-symbio-700-precedent-and-axiom-rooftop-wshp-lontalk-dac,e5,Trane,Symbio™ 700 — Precedent® and Axiom™ Rooftop WSHP (LonTalk) · DAC 프로파일 (급기 제어),"T/YSC102H3,4,W",modelNumber,packagedUnit,extracted,RT-PRC023AY-EN_12202022.pdf,31,Table 6. General data — 6 to 10 tons — standard efficiency,refrigerantControl,팽창 장치,Thermal Expansion Valve,
trane-symbio-700-precedent-and-axiom-rooftop-wshp-lontalk-dac,e5,Trane,Symbio™ 700 — Precedent® and Axiom™ Rooftop WSHP (LonTalk) · DAC 프로파일 (급기 제어),"T/YSC102H3,4,W",modelNumber,packagedUnit,extracted,RT-PRC023AY-EN_12202022.pdf,31,Table 6. General data — 6 to 10 tons — standard efficiency,soundRating,소음 정격,88,dB
trane-symbio-700-precedent-and-axiom-rooftop-wshp-lontalk-dac,e5,Trane,Symbio™ 700 — Precedent® and Axiom™ Rooftop WSHP (LonTalk) · DAC 프로파일 (급기 제어),"T/YSC102H3,4,W",modelNumber,packagedUnit,extracted,RT-PRC023AY-EN_12202022.pdf,31,Table 6. General data — 6 to 10 tons — standard efficiency,systemPower,시스템 소비전력,9.11,kW
trane-symbio-700-precedent-and-axiom-rooftop-wshp-lontalk-dac,e5,Trane,Symbio™ 700 — Precedent® and Axiom™ Rooftop WSHP (LonTalk) · DAC 프로파일 (급기 제어),"T/YSC120H3,4,W",modelNumber,packagedUnit,extracted,RT-PRC023AY-EN_12202022.pdf,31,Table 6. General data — 6 to 10 tons — standard efficiency,ahriNetCoolingCapacity,AHRI 냉방능력,"113,000",Btu/h
trane-symbio-700-precedent-and-axiom-rooftop-wshp-lontalk-dac,e5,Trane,Symbio™ 700 — Precedent® and Axiom™ Rooftop WSHP (LonTalk) · DAC 프로파일 (급기 제어),"T/YSC120H3,4,W",modelNumber,packagedUnit,extracted,RT-PRC023AY-EN_12202022.pdf,31,Table 6. General data — 6 to 10 tons — standard efficiency,capacityClass,용량대,10 Tons,
trane-symbio-700-precedent-and-axiom-rooftop-wshp-lontalk-dac,e5,Trane,Symbio™ 700 — Precedent® and Axiom™ Rooftop WSHP (LonTalk) · DAC 프로파일 (급기 제어),"T/YSC120H3,4,W",modelNumber,packagedUnit,extracted,RT-PRC023AY-EN_12202022.pdf,31,Table 6. General data — 6 to 10 tons — standard efficiency,coilFaceArea,코일 면적,20.77,sq ft
trane-symbio-700-precedent-and-axiom-rooftop-wshp-lontalk-dac,e5,Trane,Symbio™ 700 — Precedent® and Axiom™ Rooftop WSHP (LonTalk) · DAC 프로파일 (급기 제어),"T/YSC120H3,4,W",modelNumber,packagedUnit,extracted,RT-PRC023AY-EN_12202022.pdf,31,Table 6. General data — 6 to 10 tons — standard efficiency,coilRowsFpi,코일 열수/FPI,1/20,
trane-symbio-700-precedent-and-axiom-rooftop-wshp-lontalk-dac,e5,Trane,Symbio™ 700 — Precedent® and Axiom™ Rooftop WSHP (LonTalk) · DAC 프로파일 (급기 제어),"T/YSC120H3,4,W",modelNumber,packagedUnit,extracted,RT-PRC023AY-EN_12202022.pdf,31,Table 6. General data — 6 to 10 tons — standard efficiency,eer,EER,11.2,
trane-symbio-700-precedent-and-axiom-rooftop-wshp-lontalk-dac,e5,Trane,Symbio™ 700 — Precedent® and Axiom™ Rooftop WSHP (LonTalk) · DAC 프로파일 (급기 제어),"T/YSC120H3,4,W",modelNumber,packagedUnit,extracted,RT-PRC023AY-EN_12202022.pdf,31,Table 6. General data — 6 to 10 tons — standard efficiency,fanMotorHp,팬 모터,0.70,HP
trane-symbio-700-precedent-and-axiom-rooftop-wshp-lontalk-dac,e5,Trane,Symbio™ 700 — Precedent® and Axiom™ Rooftop WSHP (LonTalk) · DAC 프로파일 (급기 제어),"T/YSC120H3,4,W",modelNumber,packagedUnit,extracted,RT-PRC023AY-EN_12202022.pdf,31,Table 6. General data — 6 to 10 tons — standard efficiency,fanMotorRpm,팬 회전수,"1,100",RPM
trane-symbio-700-precedent-and-axiom-rooftop-wshp-lontalk-dac,e5,Trane,Symbio™ 700 — Precedent® and Axiom™ Rooftop WSHP (LonTalk) · DAC 프로파일 (급기 제어),"T/YSC120H3,4,W",modelNumber,packagedUnit,extracted,RT-PRC023AY-EN_12202022.pdf,31,Table 6. General data — 6 to 10 tons — standard efficiency,grossCoolingCapacity,냉방능력,"116,000",Btu/h
trane-symbio-700-precedent-and-axiom-rooftop-wshp-lontalk-dac,e5,Trane,Symbio™ 700 — Precedent® and Axiom™ Rooftop WSHP (LonTalk) · DAC 프로파일 (급기 제어),"T/YSC120H3,4,W",modelNumber,packagedUnit,extracted,RT-PRC023AY-EN_12202022.pdf,31,Table 6. General data — 6 to 10 tons — standard efficiency,ieer,IEER,12.9/12.7,
trane-symbio-700-precedent-and-axiom-rooftop-wshp-lontalk-dac,e5,Trane,Symbio™ 700 — Precedent® and Axiom™ Rooftop WSHP (LonTalk) · DAC 프로파일 (급기 제어),"T/YSC120H3,4,W",modelNumber,packagedUnit,extracted,RT-PRC023AY-EN_12202022.pdf,31,Table 6. General data — 6 to 10 tons — standard efficiency,ratedAirflow,정격 풍량,"4,000/4,000",CFM
trane-symbio-700-precedent-and-axiom-rooftop-wshp-lontalk-dac,e5,Trane,Symbio™ 700 — Precedent® and Axiom™ Rooftop WSHP (LonTalk) · DAC 프로파일 (급기 제어),"T/YSC120H3,4,W",modelNumber,packagedUnit,extracted,RT-PRC023AY-EN_12202022.pdf,31,Table 6. General data — 6 to 10 tons — standard efficiency,refrigerantCharge,냉매 충전량,5.6/4.4,lbs
trane-symbio-700-precedent-and-axiom-rooftop-wshp-lontalk-dac,e5,Trane,Symbio™ 700 — Precedent® and Axiom™ Rooftop WSHP (LonTalk) · DAC 프로파일 (급기 제어),"T/YSC120H3,4,W",modelNumber,packagedUnit,extracted,RT-PRC023AY-EN_12202022.pdf,31,Table 6. General data — 6 to 10 tons — standard efficiency,refrigerantControl,팽창 장치,Thermal Expansion Valve,
trane-symbio-700-precedent-and-axiom-rooftop-wshp-lontalk-dac,e5,Trane,Symbio™ 700 — Precedent® and Axiom™ Rooftop WSHP (LonTalk) · DAC 프로파일 (급기 제어),"T/YSC120H3,4,W",modelNumber,packagedUnit,extracted,RT-PRC023AY-EN_12202022.pdf,31,Table 6. General data — 6 to 10 tons — standard efficiency,soundRating,소음 정격,88,dB
trane-symbio-700-precedent-and-axiom-rooftop-wshp-lontalk-dac,e5,Trane,Symbio™ 700 — Precedent® and Axiom™ Rooftop WSHP (LonTalk) · DAC 프로파일 (급기 제어),"T/YSC120H3,4,W",modelNumber,packagedUnit,extracted,RT-PRC023AY-EN_12202022.pdf,31,Table 6. General data — 6 to 10 tons — standard efficiency,systemPower,시스템 소비전력,10.09,kW
trane-symbio-700-precedent-and-axiom-rooftop-wshp-lontalk-dac,e5,Trane,Symbio™ 700 — Precedent® and Axiom™ Rooftop WSHP (LonTalk) · DAC 프로파일 (급기 제어),"T/YHC036E3,4,W",modelNumber,packagedUnit,extracted,RT-PRC023AY-EN_12202022.pdf,33,Table 7. General data — 3 to 5 tons — high efficiency,ahriNetCoolingCapacity,AHRI 냉방능력,"37,000",Btu/h
trane-symbio-700-precedent-and-axiom-rooftop-wshp-lontalk-dac,e5,Trane,Symbio™ 700 — Precedent® and Axiom™ Rooftop WSHP (LonTalk) · DAC 프로파일 (급기 제어),"T/YHC036E3,4,W",modelNumber,packagedUnit,extracted,RT-PRC023AY-EN_12202022.pdf,33,Table 7. General data — 3 to 5 tons — high efficiency,capacityClass,용량대,3 Tons,
trane-symbio-700-precedent-and-axiom-rooftop-wshp-lontalk-dac,e5,Trane,Symbio™ 700 — Precedent® and Axiom™ Rooftop WSHP (LonTalk) · DAC 프로파일 (급기 제어),"T/YHC036E3,4,W",modelNumber,packagedUnit,extracted,RT-PRC023AY-EN_12202022.pdf,33,Table 7. General data — 3 to 5 tons — high efficiency,coilFaceArea,코일 면적,10.96,sq ft
trane-symbio-700-precedent-and-axiom-rooftop-wshp-lontalk-dac,e5,Trane,Symbio™ 700 — Precedent® and Axiom™ Rooftop WSHP (LonTalk) · DAC 프로파일 (급기 제어),"T/YHC036E3,4,W",modelNumber,packagedUnit,extracted,RT-PRC023AY-EN_12202022.pdf,33,Table 7. General data — 3 to 5 tons — high efficiency,coilRowsFpi,코일 열수/FPI,2/16,
trane-symbio-700-precedent-and-axiom-rooftop-wshp-lontalk-dac,e5,Trane,Symbio™ 700 — Precedent® and Axiom™ Rooftop WSHP (LonTalk) · DAC 프로파일 (급기 제어),"T/YHC036E3,4,W",modelNumber,packagedUnit,extracted,RT-PRC023AY-EN_12202022.pdf,33,Table 7. General data — 3 to 5 tons — high efficiency,eer,EER,"E3,4= 12.7/15.0 EW=12.0/14.4",
trane-symbio-700-precedent-and-axiom-rooftop-wshp-lontalk-dac,e5,Trane,Symbio™ 700 — Precedent® and Axiom™ Rooftop WSHP (LonTalk) · DAC 프로파일 (급기 제어),"T/YHC036E3,4,W",modelNumber,packagedUnit,extracted,RT-PRC023AY-EN_12202022.pdf,33,Table 7. General data — 3 to 5 tons — high efficiency,fanMotorHp,팬 모터,0.20,HP
trane-symbio-700-precedent-and-axiom-rooftop-wshp-lontalk-dac,e5,Trane,Symbio™ 700 — Precedent® and Axiom™ Rooftop WSHP (LonTalk) · DAC 프로파일 (급기 제어),"T/YHC036E3,4,W",modelNumber,packagedUnit,extracted,RT-PRC023AY-EN_12202022.pdf,33,Table 7. General data — 3 to 5 tons — high efficiency,fanMotorRpm,팬 회전수,"1,075",RPM
trane-symbio-700-precedent-and-axiom-rooftop-wshp-lontalk-dac,e5,Trane,Symbio™ 700 — Precedent® and Axiom™ Rooftop WSHP (LonTalk) · DAC 프로파일 (급기 제어),"T/YHC036E3,4,W",modelNumber,packagedUnit,extracted,RT-PRC023AY-EN_12202022.pdf,33,Table 7. General data — 3 to 5 tons — high efficiency,grossCoolingCapacity,냉방능력,"37,600",Btu/h
trane-symbio-700-precedent-and-axiom-rooftop-wshp-lontalk-dac,e5,Trane,Symbio™ 700 — Precedent® and Axiom™ Rooftop WSHP (LonTalk) · DAC 프로파일 (급기 제어),"T/YHC036E3,4,W",modelNumber,packagedUnit,extracted,RT-PRC023AY-EN_12202022.pdf,33,Table 7. General data — 3 to 5 tons — high efficiency,ratedAirflow,정격 풍량,"1,200/1,200",CFM
trane-symbio-700-precedent-and-axiom-rooftop-wshp-lontalk-dac,e5,Trane,Symbio™ 700 — Precedent® and Axiom™ Rooftop WSHP (LonTalk) · DAC 프로파일 (급기 제어),"T/YHC036E3,4,W",modelNumber,packagedUnit,extracted,RT-PRC023AY-EN_12202022.pdf,33,Table 7. General data — 3 to 5 tons — high efficiency,refrigerantControl,팽창 장치,Thermal Expansion Valve,
trane-symbio-700-precedent-and-axiom-rooftop-wshp-lontalk-dac,e5,Trane,Symbio™ 700 — Precedent® and Axiom™ Rooftop WSHP (LonTalk) · DAC 프로파일 (급기 제어),"T/YHC036E3,4,W",modelNumber,packagedUnit,extracted,RT-PRC023AY-EN_12202022.pdf,33,Table 7. General data — 3 to 5 tons — high efficiency,soundRating,소음 정격,81,dB
trane-symbio-700-precedent-and-axiom-rooftop-wshp-lontalk-dac,e5,Trane,Symbio™ 700 — Precedent® and Axiom™ Rooftop WSHP (LonTalk) · DAC 프로파일 (급기 제어),"T/YHC036E3,4,W",modelNumber,packagedUnit,extracted,RT-PRC023AY-EN_12202022.pdf,33,Table 7. General data — 3 to 5 tons — high efficiency,systemPower,시스템 소비전력,2.99,kW
trane-symbio-700-precedent-and-axiom-rooftop-wshp-lontalk-dac,e5,Trane,Symbio™ 700 — Precedent® and Axiom™ Rooftop WSHP (LonTalk) · DAC 프로파일 (급기 제어),"T/YHC048E3,4,W",modelNumber,packagedUnit,extracted,RT-PRC023AY-EN_12202022.pdf,33,Table 7. General data — 3 to 5 tons — high efficiency,ahriNetCoolingCapacity,AHRI 냉방능력,"49,000",Btu/h
trane-symbio-700-precedent-and-axiom-rooftop-wshp-lontalk-dac,e5,Trane,Symbio™ 700 — Precedent® and Axiom™ Rooftop WSHP (LonTalk) · DAC 프로파일 (급기 제어),"T/YHC048E3,4,W",modelNumber,packagedUnit,extracted,RT-PRC023AY-EN_12202022.pdf,33,Table 7. General data — 3 to 5 tons — high efficiency,capacityClass,용량대,4 Tons,
trane-symbio-700-precedent-and-axiom-rooftop-wshp-lontalk-dac,e5,Trane,Symbio™ 700 — Precedent® and Axiom™ Rooftop WSHP (LonTalk) · DAC 프로파일 (급기 제어),"T/YHC048E3,4,W",modelNumber,packagedUnit,extracted,RT-PRC023AY-EN_12202022.pdf,33,Table 7. General data — 3 to 5 tons — high efficiency,coilFaceArea,코일 면적,17.00,sq ft
trane-symbio-700-precedent-and-axiom-rooftop-wshp-lontalk-dac,e5,Trane,Symbio™ 700 — Precedent® and Axiom™ Rooftop WSHP (LonTalk) · DAC 프로파일 (급기 제어),"T/YHC048E3,4,W",modelNumber,packagedUnit,extracted,RT-PRC023AY-EN_12202022.pdf,33,Table 7. General data — 3 to 5 tons — high efficiency,coilRowsFpi,코일 열수/FPI,3/16,
trane-symbio-700-precedent-and-axiom-rooftop-wshp-lontalk-dac,e5,Trane,Symbio™ 700 — Precedent® and Axiom™ Rooftop WSHP (LonTalk) · DAC 프로파일 (급기 제어),"T/YHC048E3,4,W",modelNumber,packagedUnit,extracted,RT-PRC023AY-EN_12202022.pdf,33,Table 7. General data — 3 to 5 tons — high efficiency,eer,EER,14.2,
trane-symbio-700-precedent-and-axiom-rooftop-wshp-lontalk-dac,e5,Trane,Symbio™ 700 — Precedent® and Axiom™ Rooftop WSHP (LonTalk) · DAC 프로파일 (급기 제어),"T/YHC048E3,4,W",modelNumber,packagedUnit,extracted,RT-PRC023AY-EN_12202022.pdf,33,Table 7. General data — 3 to 5 tons — high efficiency,fanMotorHp,팬 모터,0.40,HP
trane-symbio-700-precedent-and-axiom-rooftop-wshp-lontalk-dac,e5,Trane,Symbio™ 700 — Precedent® and Axiom™ Rooftop WSHP (LonTalk) · DAC 프로파일 (급기 제어),"T/YHC048E3,4,W",modelNumber,packagedUnit,extracted,RT-PRC023AY-EN_12202022.pdf,33,Table 7. General data — 3 to 5 tons — high efficiency,fanMotorRpm,팬 회전수,"1,075",RPM
trane-symbio-700-precedent-and-axiom-rooftop-wshp-lontalk-dac,e5,Trane,Symbio™ 700 — Precedent® and Axiom™ Rooftop WSHP (LonTalk) · DAC 프로파일 (급기 제어),"T/YHC048E3,4,W",modelNumber,packagedUnit,extracted,RT-PRC023AY-EN_12202022.pdf,33,Table 7. General data — 3 to 5 tons — high efficiency,grossCoolingCapacity,냉방능력,"49,930",Btu/h
trane-symbio-700-precedent-and-axiom-rooftop-wshp-lontalk-dac,e5,Trane,Symbio™ 700 — Precedent® and Axiom™ Rooftop WSHP (LonTalk) · DAC 프로파일 (급기 제어),"T/YHC048E3,4,W",modelNumber,packagedUnit,extracted,RT-PRC023AY-EN_12202022.pdf,33,Table 7. General data — 3 to 5 tons — high efficiency,ratedAirflow,정격 풍량,"1,600/1,600",CFM
trane-symbio-700-precedent-and-axiom-rooftop-wshp-lontalk-dac,e5,Trane,Symbio™ 700 — Precedent® and Axiom™ Rooftop WSHP (LonTalk) · DAC 프로파일 (급기 제어),"T/YHC048E3,4,W",modelNumber,packagedUnit,extracted,RT-PRC023AY-EN_12202022.pdf,33,Table 7. General data — 3 to 5 tons — high efficiency,refrigerantControl,팽창 장치,Thermal Expansion Valve,
trane-symbio-700-precedent-and-axiom-rooftop-wshp-lontalk-dac,e5,Trane,Symbio™ 700 — Precedent® and Axiom™ Rooftop WSHP (LonTalk) · DAC 프로파일 (급기 제어),"T/YHC048E3,4,W",modelNumber,packagedUnit,extracted,RT-PRC023AY-EN_12202022.pdf,33,Table 7. General data — 3 to 5 tons — high efficiency,soundRating,소음 정격,87,dB
trane-symbio-700-precedent-and-axiom-rooftop-wshp-lontalk-dac,e5,Trane,Symbio™ 700 — Precedent® and Axiom™ Rooftop WSHP (LonTalk) · DAC 프로파일 (급기 제어),"T/YHC048E3,4,W",modelNumber,packagedUnit,extracted,RT-PRC023AY-EN_12202022.pdf,33,Table 7. General data — 3 to 5 tons — high efficiency,systemPower,시스템 소비전력,3.67,kW
trane-symbio-700-precedent-and-axiom-rooftop-wshp-lontalk-dac,e5,Trane,Symbio™ 700 — Precedent® and Axiom™ Rooftop WSHP (LonTalk) · DAC 프로파일 (급기 제어),"T/YHC048F3,4,W",modelNumber,packagedUnit,extracted,RT-PRC023AY-EN_12202022.pdf,33,Table 7. General data — 3 to 5 tons — high efficiency,ahriNetCoolingCapacity,AHRI 냉방능력,"49,000",Btu/h
trane-symbio-700-precedent-and-axiom-rooftop-wshp-lontalk-dac,e5,Trane,Symbio™ 700 — Precedent® and Axiom™ Rooftop WSHP (LonTalk) · DAC 프로파일 (급기 제어),"T/YHC048F3,4,W",modelNumber,packagedUnit,extracted,RT-PRC023AY-EN_12202022.pdf,33,Table 7. General data — 3 to 5 tons — high efficiency,capacityClass,용량대,4 Tons,
trane-symbio-700-precedent-and-axiom-rooftop-wshp-lontalk-dac,e5,Trane,Symbio™ 700 — Precedent® and Axiom™ Rooftop WSHP (LonTalk) · DAC 프로파일 (급기 제어),"T/YHC048F3,4,W",modelNumber,packagedUnit,extracted,RT-PRC023AY-EN_12202022.pdf,33,Table 7. General data — 3 to 5 tons — high efficiency,coilFaceArea,코일 면적,16.91,sq ft
trane-symbio-700-precedent-and-axiom-rooftop-wshp-lontalk-dac,e5,Trane,Symbio™ 700 — Precedent® and Axiom™ Rooftop WSHP (LonTalk) · DAC 프로파일 (급기 제어),"T/YHC048F3,4,W",modelNumber,packagedUnit,extracted,RT-PRC023AY-EN_12202022.pdf,33,Table 7. General data — 3 to 5 tons — high efficiency,coilRowsFpi,코일 열수/FPI,1/23,
trane-symbio-700-precedent-and-axiom-rooftop-wshp-lontalk-dac,e5,Trane,Symbio™ 700 — Precedent® and Axiom™ Rooftop WSHP (LonTalk) · DAC 프로파일 (급기 제어),"T/YHC048F3,4,W",modelNumber,packagedUnit,extracted,RT-PRC023AY-EN_12202022.pdf,33,Table 7. General data — 3 to 5 tons — high efficiency,eer,EER,13.2/15.0,
trane-symbio-700-precedent-and-axiom-rooftop-wshp-lontalk-dac,e5,Trane,Symbio™ 700 — Precedent® and Axiom™ Rooftop WSHP (LonTalk) · DAC 프로파일 (급기 제어),"T/YHC048F3,4,W",modelNumber,packagedUnit,extracted,RT-PRC023AY-EN_12202022.pdf,33,Table 7. General data — 3 to 5 tons — high efficiency,fanMotorHp,팬 모터,0.40,HP
trane-symbio-700-precedent-and-axiom-rooftop-wshp-lontalk-dac,e5,Trane,Symbio™ 700 — Precedent® and Axiom™ Rooftop WSHP (LonTalk) · DAC 프로파일 (급기 제어),"T/YHC048F3,4,W",modelNumber,packagedUnit,extracted,RT-PRC023AY-EN_12202022.pdf,33,Table 7. General data — 3 to 5 tons — high efficiency,fanMotorRpm,팬 회전수,"1,075",RPM
trane-symbio-700-precedent-and-axiom-rooftop-wshp-lontalk-dac,e5,Trane,Symbio™ 700 — Precedent® and Axiom™ Rooftop WSHP (LonTalk) · DAC 프로파일 (급기 제어),"T/YHC048F3,4,W",modelNumber,packagedUnit,extracted,RT-PRC023AY-EN_12202022.pdf,33,Table 7. General data — 3 to 5 tons — high efficiency,grossCoolingCapacity,냉방능력,"49,930",Btu/h
trane-symbio-700-precedent-and-axiom-rooftop-wshp-lontalk-dac,e5,Trane,Symbio™ 700 — Precedent® and Axiom™ Rooftop WSHP (LonTalk) · DAC 프로파일 (급기 제어),"T/YHC048F3,4,W",modelNumber,packagedUnit,extracted,RT-PRC023AY-EN_12202022.pdf,33,Table 7. General data — 3 to 5 tons — high efficiency,ratedAirflow,정격 풍량,"1,600/1,600",CFM
trane-symbio-700-precedent-and-axiom-rooftop-wshp-lontalk-dac,e5,Trane,Symbio™ 700 — Precedent® and Axiom™ Rooftop WSHP (LonTalk) · DAC 프로파일 (급기 제어),"T/YHC048F3,4,W",modelNumber,packagedUnit,extracted,RT-PRC023AY-EN_12202022.pdf,33,Table 7. General data — 3 to 5 tons — high efficiency,refrigerantControl,팽창 장치,Thermal Expansion Valve,
trane-symbio-700-precedent-and-axiom-rooftop-wshp-lontalk-dac,e5,Trane,Symbio™ 700 — Precedent® and Axiom™ Rooftop WSHP (LonTalk) · DAC 프로파일 (급기 제어),"T/YHC048F3,4,W",modelNumber,packagedUnit,extracted,RT-PRC023AY-EN_12202022.pdf,33,Table 7. General data — 3 to 5 tons — high efficiency,soundRating,소음 정격,87,dB
trane-symbio-700-precedent-and-axiom-rooftop-wshp-lontalk-dac,e5,Trane,Symbio™ 700 — Precedent® and Axiom™ Rooftop WSHP (LonTalk) · DAC 프로파일 (급기 제어),"T/YHC048F3,4,W",modelNumber,packagedUnit,extracted,RT-PRC023AY-EN_12202022.pdf,33,Table 7. General data — 3 to 5 tons — high efficiency,systemPower,시스템 소비전력,3.67,kW
trane-symbio-700-precedent-and-axiom-rooftop-wshp-lontalk-dac,e5,Trane,Symbio™ 700 — Precedent® and Axiom™ Rooftop WSHP (LonTalk) · DAC 프로파일 (급기 제어),"T/YHC060E3,4,W",modelNumber,packagedUnit,extracted,RT-PRC023AY-EN_12202022.pdf,33,Table 7. General data — 3 to 5 tons — high efficiency,ahriNetCoolingCapacity,AHRI 냉방능력,"60,000",Btu/h
trane-symbio-700-precedent-and-axiom-rooftop-wshp-lontalk-dac,e5,Trane,Symbio™ 700 — Precedent® and Axiom™ Rooftop WSHP (LonTalk) · DAC 프로파일 (급기 제어),"T/YHC060E3,4,W",modelNumber,packagedUnit,extracted,RT-PRC023AY-EN_12202022.pdf,33,Table 7. General data — 3 to 5 tons — high efficiency,capacityClass,용량대,5 Tons,
trane-symbio-700-precedent-and-axiom-rooftop-wshp-lontalk-dac,e5,Trane,Symbio™ 700 — Precedent® and Axiom™ Rooftop WSHP (LonTalk) · DAC 프로파일 (급기 제어),"T/YHC060E3,4,W",modelNumber,packagedUnit,extracted,RT-PRC023AY-EN_12202022.pdf,33,Table 7. General data — 3 to 5 tons — high efficiency,coilFaceArea,코일 면적,17,sq ft
trane-symbio-700-precedent-and-axiom-rooftop-wshp-lontalk-dac,e5,Trane,Symbio™ 700 — Precedent® and Axiom™ Rooftop WSHP (LonTalk) · DAC 프로파일 (급기 제어),"T/YHC060E3,4,W",modelNumber,packagedUnit,extracted,RT-PRC023AY-EN_12202022.pdf,33,Table 7. General data — 3 to 5 tons — high efficiency,coilRowsFpi,코일 열수/FPI,3/16,
trane-symbio-700-precedent-and-axiom-rooftop-wshp-lontalk-dac,e5,Trane,Symbio™ 700 — Precedent® and Axiom™ Rooftop WSHP (LonTalk) · DAC 프로파일 (급기 제어),"T/YHC060E3,4,W",modelNumber,packagedUnit,extracted,RT-PRC023AY-EN_12202022.pdf,33,Table 7. General data — 3 to 5 tons — high efficiency,eer,EER,14.2,
trane-symbio-700-precedent-and-axiom-rooftop-wshp-lontalk-dac,e5,Trane,Symbio™ 700 — Precedent® and Axiom™ Rooftop WSHP (LonTalk) · DAC 프로파일 (급기 제어),"T/YHC060E3,4,W",modelNumber,packagedUnit,extracted,RT-PRC023AY-EN_12202022.pdf,33,Table 7. General data — 3 to 5 tons — high efficiency,fanMotorHp,팬 모터,0.40,HP
trane-symbio-700-precedent-and-axiom-rooftop-wshp-lontalk-dac,e5,Trane,Symbio™ 700 — Precedent® and Axiom™ Rooftop WSHP (LonTalk) · DAC 프로파일 (급기 제어),"T/YHC060E3,4,W",modelNumber,packagedUnit,extracted,RT-PRC023AY-EN_12202022.pdf,33,Table 7. General data — 3 to 5 tons — high efficiency,fanMotorRpm,팬 회전수,"1,075",RPM
trane-symbio-700-precedent-and-axiom-rooftop-wshp-lontalk-dac,e5,Trane,Symbio™ 700 — Precedent® and Axiom™ Rooftop WSHP (LonTalk) · DAC 프로파일 (급기 제어),"T/YHC060E3,4,W",modelNumber,packagedUnit,extracted,RT-PRC023AY-EN_12202022.pdf,33,Table 7. General data — 3 to 5 tons — high efficiency,grossCoolingCapacity,냉방능력,"61,000",Btu/h
trane-symbio-700-precedent-and-axiom-rooftop-wshp-lontalk-dac,e5,Trane,Symbio™ 700 — Precedent® and Axiom™ Rooftop WSHP (LonTalk) · DAC 프로파일 (급기 제어),"T/YHC060E3,4,W",modelNumber,packagedUnit,extracted,RT-PRC023AY-EN_12202022.pdf,33,Table 7. General data — 3 to 5 tons — high efficiency,ratedAirflow,정격 풍량,"2,000/2,000",CFM
trane-symbio-700-precedent-and-axiom-rooftop-wshp-lontalk-dac,e5,Trane,Symbio™ 700 — Precedent® and Axiom™ Rooftop WSHP (LonTalk) · DAC 프로파일 (급기 제어),"T/YHC060E3,4,W",modelNumber,packagedUnit,extracted,RT-PRC023AY-EN_12202022.pdf,33,Table 7. General data — 3 to 5 tons — high efficiency,refrigerantControl,팽창 장치,Thermal Expansion Valve,
trane-symbio-700-precedent-and-axiom-rooftop-wshp-lontalk-dac,e5,Trane,Symbio™ 700 — Precedent® and Axiom™ Rooftop WSHP (LonTalk) · DAC 프로파일 (급기 제어),"T/YHC060E3,4,W",modelNumber,packagedUnit,extracted,RT-PRC023AY-EN_12202022.pdf,33,Table 7. General data — 3 to 5 tons — high efficiency,soundRating,소음 정격,87,dB
trane-symbio-700-precedent-and-axiom-rooftop-wshp-lontalk-dac,e5,Trane,Symbio™ 700 — Precedent® and Axiom™ Rooftop WSHP (LonTalk) · DAC 프로파일 (급기 제어),"T/YHC060E3,4,W",modelNumber,packagedUnit,extracted,RT-PRC023AY-EN_12202022.pdf,33,Table 7. General data — 3 to 5 tons — high efficiency,systemPower,시스템 소비전력,4.67,kW
trane-symbio-700-precedent-and-axiom-rooftop-wshp-lontalk-dac,e5,Trane,Symbio™ 700 — Precedent® and Axiom™ Rooftop WSHP (LonTalk) · DAC 프로파일 (급기 제어),"T/YHC060F3,4,W",modelNumber,packagedUnit,extracted,RT-PRC023AY-EN_12202022.pdf,33,Table 7. General data — 3 to 5 tons — high efficiency,ahriNetCoolingCapacity,AHRI 냉방능력,"60,000",Btu/h
trane-symbio-700-precedent-and-axiom-rooftop-wshp-lontalk-dac,e5,Trane,Symbio™ 700 — Precedent® and Axiom™ Rooftop WSHP (LonTalk) · DAC 프로파일 (급기 제어),"T/YHC060F3,4,W",modelNumber,packagedUnit,extracted,RT-PRC023AY-EN_12202022.pdf,33,Table 7. General data — 3 to 5 tons — high efficiency,capacityClass,용량대,5 Tons,
trane-symbio-700-precedent-and-axiom-rooftop-wshp-lontalk-dac,e5,Trane,Symbio™ 700 — Precedent® and Axiom™ Rooftop WSHP (LonTalk) · DAC 프로파일 (급기 제어),"T/YHC060F3,4,W",modelNumber,packagedUnit,extracted,RT-PRC023AY-EN_12202022.pdf,33,Table 7. General data — 3 to 5 tons — high efficiency,coilFaceArea,코일 면적,16.91,sq ft
trane-symbio-700-precedent-and-axiom-rooftop-wshp-lontalk-dac,e5,Trane,Symbio™ 700 — Precedent® and Axiom™ Rooftop WSHP (LonTalk) · DAC 프로파일 (급기 제어),"T/YHC060F3,4,W",modelNumber,packagedUnit,extracted,RT-PRC023AY-EN_12202022.pdf,33,Table 7. General data — 3 to 5 tons — high efficiency,coilRowsFpi,코일 열수/FPI,1/23,
trane-symbio-700-precedent-and-axiom-rooftop-wshp-lontalk-dac,e5,Trane,Symbio™ 700 — Precedent® and Axiom™ Rooftop WSHP (LonTalk) · DAC 프로파일 (급기 제어),"T/YHC060F3,4,W",modelNumber,packagedUnit,extracted,RT-PRC023AY-EN_12202022.pdf,33,Table 7. General data — 3 to 5 tons — high efficiency,eer,EER,12.85/15.0,
trane-symbio-700-precedent-and-axiom-rooftop-wshp-lontalk-dac,e5,Trane,Symbio™ 700 — Precedent® and Axiom™ Rooftop WSHP (LonTalk) · DAC 프로파일 (급기 제어),"T/YHC060F3,4,W",modelNumber,packagedUnit,extracted,RT-PRC023AY-EN_12202022.pdf,33,Table 7. General data — 3 to 5 tons — high efficiency,fanMotorHp,팬 모터,0.40,HP
trane-symbio-700-precedent-and-axiom-rooftop-wshp-lontalk-dac,e5,Trane,Symbio™ 700 — Precedent® and Axiom™ Rooftop WSHP (LonTalk) · DAC 프로파일 (급기 제어),"T/YHC060F3,4,W",modelNumber,packagedUnit,extracted,RT-PRC023AY-EN_12202022.pdf,33,Table 7. General data — 3 to 5 tons — high efficiency,fanMotorRpm,팬 회전수,"1,075",RPM
trane-symbio-700-precedent-and-axiom-rooftop-wshp-lontalk-dac,e5,Trane,Symbio™ 700 — Precedent® and Axiom™ Rooftop WSHP (LonTalk) · DAC 프로파일 (급기 제어),"T/YHC060F3,4,W",modelNumber,packagedUnit,extracted,RT-PRC023AY-EN_12202022.pdf,33,Table 7. General data — 3 to 5 tons — high efficiency,grossCoolingCapacity,냉방능력,"61,000",Btu/h
trane-symbio-700-precedent-and-axiom-rooftop-wshp-lontalk-dac,e5,Trane,Symbio™ 700 — Precedent® and Axiom™ Rooftop WSHP (LonTalk) · DAC 프로파일 (급기 제어),"T/YHC060F3,4,W",modelNumber,packagedUnit,extracted,RT-PRC023AY-EN_12202022.pdf,33,Table 7. General data — 3 to 5 tons — high efficiency,ratedAirflow,정격 풍량,"2,000/2,000",CFM
trane-symbio-700-precedent-and-axiom-rooftop-wshp-lontalk-dac,e5,Trane,Symbio™ 700 — Precedent® and Axiom™ Rooftop WSHP (LonTalk) · DAC 프로파일 (급기 제어),"T/YHC060F3,4,W",modelNumber,packagedUnit,extracted,RT-PRC023AY-EN_12202022.pdf,33,Table 7. General data — 3 to 5 tons — high efficiency,refrigerantControl,팽창 장치,Thermal Expansion Valve,
trane-symbio-700-precedent-and-axiom-rooftop-wshp-lontalk-dac,e5,Trane,Symbio™ 700 — Precedent® and Axiom™ Rooftop WSHP (LonTalk) · DAC 프로파일 (급기 제어),"T/YHC060F3,4,W",modelNumber,packagedUnit,extracted,RT-PRC023AY-EN_12202022.pdf,33,Table 7. General data — 3 to 5 tons — high efficiency,soundRating,소음 정격,87,dB
trane-symbio-700-precedent-and-axiom-rooftop-wshp-lontalk-dac,e5,Trane,Symbio™ 700 — Precedent® and Axiom™ Rooftop WSHP (LonTalk) · DAC 프로파일 (급기 제어),"T/YHC060F3,4,W",modelNumber,packagedUnit,extracted,RT-PRC023AY-EN_12202022.pdf,33,Table 7. General data — 3 to 5 tons — high efficiency,systemPower,시스템 소비전력,4.67,kW
trane-symbio-700-precedent-and-axiom-rooftop-wshp-lontalk-dac,e5,Trane,Symbio™ 700 — Precedent® and Axiom™ Rooftop WSHP (LonTalk) · DAC 프로파일 (급기 제어),"Single Compressor T/YHC072E/F3,4,W",modelNumber,packagedUnit,extracted,RT-PRC023AY-EN_12202022.pdf,35,Table 8. General data — 6 to 7.5 tons — high efficiency,ahriNetCoolingCapacity,AHRI 냉방능력,"68,000",Btu/h
trane-symbio-700-precedent-and-axiom-rooftop-wshp-lontalk-dac,e5,Trane,Symbio™ 700 — Precedent® and Axiom™ Rooftop WSHP (LonTalk) · DAC 프로파일 (급기 제어),"Single Compressor T/YHC072E/F3,4,W",modelNumber,packagedUnit,extracted,RT-PRC023AY-EN_12202022.pdf,35,Table 8. General data — 6 to 7.5 tons — high efficiency,capacityClass,용량대,6 Tons,
trane-symbio-700-precedent-and-axiom-rooftop-wshp-lontalk-dac,e5,Trane,Symbio™ 700 — Precedent® and Axiom™ Rooftop WSHP (LonTalk) · DAC 프로파일 (급기 제어),"Single Compressor T/YHC072E/F3,4,W",modelNumber,packagedUnit,extracted,RT-PRC023AY-EN_12202022.pdf,35,Table 8. General data — 6 to 7.5 tons — high efficiency,coilFaceArea,코일 면적,20.77,sq ft
trane-symbio-700-precedent-and-axiom-rooftop-wshp-lontalk-dac,e5,Trane,Symbio™ 700 — Precedent® and Axiom™ Rooftop WSHP (LonTalk) · DAC 프로파일 (급기 제어),"Single Compressor T/YHC072E/F3,4,W",modelNumber,packagedUnit,extracted,RT-PRC023AY-EN_12202022.pdf,35,Table 8. General data — 6 to 7.5 tons — high efficiency,coilRowsFpi,코일 열수/FPI,1/23,
trane-symbio-700-precedent-and-axiom-rooftop-wshp-lontalk-dac,e5,Trane,Symbio™ 700 — Precedent® and Axiom™ Rooftop WSHP (LonTalk) · DAC 프로파일 (급기 제어),"Single Compressor T/YHC072E/F3,4,W",modelNumber,packagedUnit,extracted,RT-PRC023AY-EN_12202022.pdf,35,Table 8. General data — 6 to 7.5 tons — high efficiency,eer,EER,12.6,
trane-symbio-700-precedent-and-axiom-rooftop-wshp-lontalk-dac,e5,Trane,Symbio™ 700 — Precedent® and Axiom™ Rooftop WSHP (LonTalk) · DAC 프로파일 (급기 제어),"Single Compressor T/YHC072E/F3,4,W",modelNumber,packagedUnit,extracted,RT-PRC023AY-EN_12202022.pdf,35,Table 8. General data — 6 to 7.5 tons — high efficiency,fanMotorHp,팬 모터,0.7,HP
trane-symbio-700-precedent-and-axiom-rooftop-wshp-lontalk-dac,e5,Trane,Symbio™ 700 — Precedent® and Axiom™ Rooftop WSHP (LonTalk) · DAC 프로파일 (급기 제어),"Single Compressor T/YHC072E/F3,4,W",modelNumber,packagedUnit,extracted,RT-PRC023AY-EN_12202022.pdf,35,Table 8. General data — 6 to 7.5 tons — high efficiency,fanMotorRpm,팬 회전수,1100,RPM
trane-symbio-700-precedent-and-axiom-rooftop-wshp-lontalk-dac,e5,Trane,Symbio™ 700 — Precedent® and Axiom™ Rooftop WSHP (LonTalk) · DAC 프로파일 (급기 제어),"Single Compressor T/YHC072E/F3,4,W",modelNumber,packagedUnit,extracted,RT-PRC023AY-EN_12202022.pdf,35,Table 8. General data — 6 to 7.5 tons — high efficiency,grossCoolingCapacity,냉방능력,"72,000",Btu/h
trane-symbio-700-precedent-and-axiom-rooftop-wshp-lontalk-dac,e5,Trane,Symbio™ 700 — Precedent® and Axiom™ Rooftop WSHP (LonTalk) · DAC 프로파일 (급기 제어),"Single Compressor T/YHC072E/F3,4,W",modelNumber,packagedUnit,extracted,RT-PRC023AY-EN_12202022.pdf,35,Table 8. General data — 6 to 7.5 tons — high efficiency,ieer,IEER,14.5,
trane-symbio-700-precedent-and-axiom-rooftop-wshp-lontalk-dac,e5,Trane,Symbio™ 700 — Precedent® and Axiom™ Rooftop WSHP (LonTalk) · DAC 프로파일 (급기 제어),"Single Compressor T/YHC072E/F3,4,W",modelNumber,packagedUnit,extracted,RT-PRC023AY-EN_12202022.pdf,35,Table 8. General data — 6 to 7.5 tons — high efficiency,ratedAirflow,정격 풍량,"2,400/2,100",CFM
trane-symbio-700-precedent-and-axiom-rooftop-wshp-lontalk-dac,e5,Trane,Symbio™ 700 — Precedent® and Axiom™ Rooftop WSHP (LonTalk) · DAC 프로파일 (급기 제어),"Single Compressor T/YHC072E/F3,4,W",modelNumber,packagedUnit,extracted,RT-PRC023AY-EN_12202022.pdf,35,Table 8. General data — 6 to 7.5 tons — high efficiency,refrigerantControl,팽창 장치,Thermal Expansion Valve,
trane-symbio-700-precedent-and-axiom-rooftop-wshp-lontalk-dac,e5,Trane,Symbio™ 700 — Precedent® and Axiom™ Rooftop WSHP (LonTalk) · DAC 프로파일 (급기 제어),"Single Compressor T/YHC072E/F3,4,W",modelNumber,packagedUnit,extracted,RT-PRC023AY-EN_12202022.pdf,35,Table 8. General data — 6 to 7.5 tons — high efficiency,soundRating,소음 정격,89,dB
trane-symbio-700-precedent-and-axiom-rooftop-wshp-lontalk-dac,e5,Trane,Symbio™ 700 — Precedent® and Axiom™ Rooftop WSHP (LonTalk) · DAC 프로파일 (급기 제어),"Single Compressor T/YHC072E/F3,4,W",modelNumber,packagedUnit,extracted,RT-PRC023AY-EN_12202022.pdf,35,Table 8. General data — 6 to 7.5 tons — high efficiency,systemPower,시스템 소비전력,5.37,kW
trane-symbio-700-precedent-and-axiom-rooftop-wshp-lontalk-dac,e5,Trane,Symbio™ 700 — Precedent® and Axiom™ Rooftop WSHP (LonTalk) · DAC 프로파일 (급기 제어),"Dual Compressor T/YHC074F3,4",modelNumber,packagedUnit,extracted,RT-PRC023AY-EN_12202022.pdf,35,Table 8. General data — 6 to 7.5 tons — high efficiency,ahriNetCoolingCapacity,AHRI 냉방능력,"71,000",Btu/h
trane-symbio-700-precedent-and-axiom-rooftop-wshp-lontalk-dac,e5,Trane,Symbio™ 700 — Precedent® and Axiom™ Rooftop WSHP (LonTalk) · DAC 프로파일 (급기 제어),"Dual Compressor T/YHC074F3,4",modelNumber,packagedUnit,extracted,RT-PRC023AY-EN_12202022.pdf,35,Table 8. General data — 6 to 7.5 tons — high efficiency,capacityClass,용량대,6 Tons,
trane-symbio-700-precedent-and-axiom-rooftop-wshp-lontalk-dac,e5,Trane,Symbio™ 700 — Precedent® and Axiom™ Rooftop WSHP (LonTalk) · DAC 프로파일 (급기 제어),"Dual Compressor T/YHC074F3,4",modelNumber,packagedUnit,extracted,RT-PRC023AY-EN_12202022.pdf,35,Table 8. General data — 6 to 7.5 tons — high efficiency,coilFaceArea,코일 면적,20.77,sq ft
trane-symbio-700-precedent-and-axiom-rooftop-wshp-lontalk-dac,e5,Trane,Symbio™ 700 — Precedent® and Axiom™ Rooftop WSHP (LonTalk) · DAC 프로파일 (급기 제어),"Dual Compressor T/YHC074F3,4",modelNumber,packagedUnit,extracted,RT-PRC023AY-EN_12202022.pdf,35,Table 8. General data — 6 to 7.5 tons — high efficiency,coilRowsFpi,코일 열수/FPI,1/20,
trane-symbio-700-precedent-and-axiom-rooftop-wshp-lontalk-dac,e5,Trane,Symbio™ 700 — Precedent® and Axiom™ Rooftop WSHP (LonTalk) · DAC 프로파일 (급기 제어),"Dual Compressor T/YHC074F3,4",modelNumber,packagedUnit,extracted,RT-PRC023AY-EN_12202022.pdf,35,Table 8. General data — 6 to 7.5 tons — high efficiency,eer,EER,13.1,
trane-symbio-700-precedent-and-axiom-rooftop-wshp-lontalk-dac,e5,Trane,Symbio™ 700 — Precedent® and Axiom™ Rooftop WSHP (LonTalk) · DAC 프로파일 (급기 제어),"Dual Compressor T/YHC074F3,4",modelNumber,packagedUnit,extracted,RT-PRC023AY-EN_12202022.pdf,35,Table 8. General data — 6 to 7.5 tons — high efficiency,fanMotorHp,팬 모터,0.7,HP
trane-symbio-700-precedent-and-axiom-rooftop-wshp-lontalk-dac,e5,Trane,Symbio™ 700 — Precedent® and Axiom™ Rooftop WSHP (LonTalk) · DAC 프로파일 (급기 제어),"Dual Compressor T/YHC074F3,4",modelNumber,packagedUnit,extracted,RT-PRC023AY-EN_12202022.pdf,35,Table 8. General data — 6 to 7.5 tons — high efficiency,fanMotorRpm,팬 회전수,1100,RPM
trane-symbio-700-precedent-and-axiom-rooftop-wshp-lontalk-dac,e5,Trane,Symbio™ 700 — Precedent® and Axiom™ Rooftop WSHP (LonTalk) · DAC 프로파일 (급기 제어),"Dual Compressor T/YHC074F3,4",modelNumber,packagedUnit,extracted,RT-PRC023AY-EN_12202022.pdf,35,Table 8. General data — 6 to 7.5 tons — high efficiency,grossCoolingCapacity,냉방능력,"73,000",Btu/h
trane-symbio-700-precedent-and-axiom-rooftop-wshp-lontalk-dac,e5,Trane,Symbio™ 700 — Precedent® and Axiom™ Rooftop WSHP (LonTalk) · DAC 프로파일 (급기 제어),"Dual Compressor T/YHC074F3,4",modelNumber,packagedUnit,extracted,RT-PRC023AY-EN_12202022.pdf,35,Table 8. General data — 6 to 7.5 tons — high efficiency,ieer,IEER,15.5(d),
trane-symbio-700-precedent-and-axiom-rooftop-wshp-lontalk-dac,e5,Trane,Symbio™ 700 — Precedent® and Axiom™ Rooftop WSHP (LonTalk) · DAC 프로파일 (급기 제어),"Dual Compressor T/YHC074F3,4",modelNumber,packagedUnit,extracted,RT-PRC023AY-EN_12202022.pdf,35,Table 8. General data — 6 to 7.5 tons — high efficiency,ratedAirflow,정격 풍량,"2,400/2,100",CFM
trane-symbio-700-precedent-and-axiom-rooftop-wshp-lontalk-dac,e5,Trane,Symbio™ 700 — Precedent® and Axiom™ Rooftop WSHP (LonTalk) · DAC 프로파일 (급기 제어),"Dual Compressor T/YHC074F3,4",modelNumber,packagedUnit,extracted,RT-PRC023AY-EN_12202022.pdf,35,Table 8. General data — 6 to 7.5 tons — high efficiency,refrigerantControl,팽창 장치,Thermal Expansion Valve,
trane-symbio-700-precedent-and-axiom-rooftop-wshp-lontalk-dac,e5,Trane,Symbio™ 700 — Precedent® and Axiom™ Rooftop WSHP (LonTalk) · DAC 프로파일 (급기 제어),"Dual Compressor T/YHC074F3,4",modelNumber,packagedUnit,extracted,RT-PRC023AY-EN_12202022.pdf,35,Table 8. General data — 6 to 7.5 tons — high efficiency,soundRating,소음 정격,89,dB
trane-symbio-700-precedent-and-axiom-rooftop-wshp-lontalk-dac,e5,Trane,Symbio™ 700 — Precedent® and Axiom™ Rooftop WSHP (LonTalk) · DAC 프로파일 (급기 제어),"Dual Compressor T/YHC074F3,4",modelNumber,packagedUnit,extracted,RT-PRC023AY-EN_12202022.pdf,35,Table 8. General data — 6 to 7.5 tons — high efficiency,systemPower,시스템 소비전력,5.42,kW
trane-symbio-700-precedent-and-axiom-rooftop-wshp-lontalk-dac,e5,Trane,Symbio™ 700 — Precedent® and Axiom™ Rooftop WSHP (LonTalk) · DAC 프로파일 (급기 제어),"T/YHC092F3,4,W",modelNumber,packagedUnit,extracted,RT-PRC023AY-EN_12202022.pdf,35,Table 8. General data — 6 to 7.5 tons — high efficiency,ahriNetCoolingCapacity,AHRI 냉방능력,"89,000",Btu/h
trane-symbio-700-precedent-and-axiom-rooftop-wshp-lontalk-dac,e5,Trane,Symbio™ 700 — Precedent® and Axiom™ Rooftop WSHP (LonTalk) · DAC 프로파일 (급기 제어),"T/YHC092F3,4,W",modelNumber,packagedUnit,extracted,RT-PRC023AY-EN_12202022.pdf,35,Table 8. General data — 6 to 7.5 tons — high efficiency,capacityClass,용량대,7.5 Tons,
trane-symbio-700-precedent-and-axiom-rooftop-wshp-lontalk-dac,e5,Trane,Symbio™ 700 — Precedent® and Axiom™ Rooftop WSHP (LonTalk) · DAC 프로파일 (급기 제어),"T/YHC092F3,4,W",modelNumber,packagedUnit,extracted,RT-PRC023AY-EN_12202022.pdf,35,Table 8. General data — 6 to 7.5 tons — high efficiency,coilFaceArea,코일 면적,20.77,sq ft
trane-symbio-700-precedent-and-axiom-rooftop-wshp-lontalk-dac,e5,Trane,Symbio™ 700 — Precedent® and Axiom™ Rooftop WSHP (LonTalk) · DAC 프로파일 (급기 제어),"T/YHC092F3,4,W",modelNumber,packagedUnit,extracted,RT-PRC023AY-EN_12202022.pdf,35,Table 8. General data — 6 to 7.5 tons — high efficiency,coilRowsFpi,코일 열수/FPI,1/20,
trane-symbio-700-precedent-and-axiom-rooftop-wshp-lontalk-dac,e5,Trane,Symbio™ 700 — Precedent® and Axiom™ Rooftop WSHP (LonTalk) · DAC 프로파일 (급기 제어),"T/YHC092F3,4,W",modelNumber,packagedUnit,extracted,RT-PRC023AY-EN_12202022.pdf,35,Table 8. General data — 6 to 7.5 tons — high efficiency,eer,EER,12.6,
trane-symbio-700-precedent-and-axiom-rooftop-wshp-lontalk-dac,e5,Trane,Symbio™ 700 — Precedent® and Axiom™ Rooftop WSHP (LonTalk) · DAC 프로파일 (급기 제어),"T/YHC092F3,4,W",modelNumber,packagedUnit,extracted,RT-PRC023AY-EN_12202022.pdf,35,Table 8. General data — 6 to 7.5 tons — high efficiency,fanMotorHp,팬 모터,0.75,HP
trane-symbio-700-precedent-and-axiom-rooftop-wshp-lontalk-dac,e5,Trane,Symbio™ 700 — Precedent® and Axiom™ Rooftop WSHP (LonTalk) · DAC 프로파일 (급기 제어),"T/YHC092F3,4,W",modelNumber,packagedUnit,extracted,RT-PRC023AY-EN_12202022.pdf,35,Table 8. General data — 6 to 7.5 tons — high efficiency,fanMotorRpm,팬 회전수,1100,RPM
trane-symbio-700-precedent-and-axiom-rooftop-wshp-lontalk-dac,e5,Trane,Symbio™ 700 — Precedent® and Axiom™ Rooftop WSHP (LonTalk) · DAC 프로파일 (급기 제어),"T/YHC092F3,4,W",modelNumber,packagedUnit,extracted,RT-PRC023AY-EN_12202022.pdf,35,Table 8. General data — 6 to 7.5 tons — high efficiency,grossCoolingCapacity,냉방능력,"92,000",Btu/h
trane-symbio-700-precedent-and-axiom-rooftop-wshp-lontalk-dac,e5,Trane,Symbio™ 700 — Precedent® and Axiom™ Rooftop WSHP (LonTalk) · DAC 프로파일 (급기 제어),"T/YHC092F3,4,W",modelNumber,packagedUnit,extracted,RT-PRC023AY-EN_12202022.pdf,35,Table 8. General data — 6 to 7.5 tons — high efficiency,ieer,IEER,14.5(e),
trane-symbio-700-precedent-and-axiom-rooftop-wshp-lontalk-dac,e5,Trane,Symbio™ 700 — Precedent® and Axiom™ Rooftop WSHP (LonTalk) · DAC 프로파일 (급기 제어),"T/YHC092F3,4,W",modelNumber,packagedUnit,extracted,RT-PRC023AY-EN_12202022.pdf,35,Table 8. General data — 6 to 7.5 tons — high efficiency,ratedAirflow,정격 풍량,"3,000/2,625",CFM
trane-symbio-700-precedent-and-axiom-rooftop-wshp-lontalk-dac,e5,Trane,Symbio™ 700 — Precedent® and Axiom™ Rooftop WSHP (LonTalk) · DAC 프로파일 (급기 제어),"T/YHC092F3,4,W",modelNumber,packagedUnit,extracted,RT-PRC023AY-EN_12202022.pdf,35,Table 8. General data — 6 to 7.5 tons — high efficiency,refrigerantControl,팽창 장치,Thermal Expansion Valve,
trane-symbio-700-precedent-and-axiom-rooftop-wshp-lontalk-dac,e5,Trane,Symbio™ 700 — Precedent® and Axiom™ Rooftop WSHP (LonTalk) · DAC 프로파일 (급기 제어),"T/YHC092F3,4,W",modelNumber,packagedUnit,extracted,RT-PRC023AY-EN_12202022.pdf,35,Table 8. General data — 6 to 7.5 tons — high efficiency,soundRating,소음 정격,88,dB
trane-symbio-700-precedent-and-axiom-rooftop-wshp-lontalk-dac,e5,Trane,Symbio™ 700 — Precedent® and Axiom™ Rooftop WSHP (LonTalk) · DAC 프로파일 (급기 제어),"T/YHC092F3,4,W",modelNumber,packagedUnit,extracted,RT-PRC023AY-EN_12202022.pdf,35,Table 8. General data — 6 to 7.5 tons — high efficiency,systemPower,시스템 소비전력,7.06,kW
trane-symbio-700-precedent-and-axiom-rooftop-wshp-lontalk-dac,e5,Trane,Symbio™ 700 — Precedent® and Axiom™ Rooftop WSHP (LonTalk) · DAC 프로파일 (급기 제어),"T/YHC102F3,4,W",modelNumber,packagedUnit,extracted,RT-PRC023AY-EN_12202022.pdf,37,Table 9. General data — 8.5 to 10 tons — high efficiency,ahriNetCoolingCapacity,AHRI 냉방능력,"99,000",Btu/h
trane-symbio-700-precedent-and-axiom-rooftop-wshp-lontalk-dac,e5,Trane,Symbio™ 700 — Precedent® and Axiom™ Rooftop WSHP (LonTalk) · DAC 프로파일 (급기 제어),"T/YHC102F3,4,W",modelNumber,packagedUnit,extracted,RT-PRC023AY-EN_12202022.pdf,37,Table 9. General data — 8.5 to 10 tons — high efficiency,capacityClass,용량대,8.5 Tons,
trane-symbio-700-precedent-and-axiom-rooftop-wshp-lontalk-dac,e5,Trane,Symbio™ 700 — Precedent® and Axiom™ Rooftop WSHP (LonTalk) · DAC 프로파일 (급기 제어),"T/YHC102F3,4,W",modelNumber,packagedUnit,extracted,RT-PRC023AY-EN_12202022.pdf,37,Table 9. General data — 8.5 to 10 tons — high efficiency,coilFaceArea,코일 면적,20.77,sq ft
trane-symbio-700-precedent-and-axiom-rooftop-wshp-lontalk-dac,e5,Trane,Symbio™ 700 — Precedent® and Axiom™ Rooftop WSHP (LonTalk) · DAC 프로파일 (급기 제어),"T/YHC102F3,4,W",modelNumber,packagedUnit,extracted,RT-PRC023AY-EN_12202022.pdf,37,Table 9. General data — 8.5 to 10 tons — high efficiency,coilRowsFpi,코일 열수/FPI,1/20,
trane-symbio-700-precedent-and-axiom-rooftop-wshp-lontalk-dac,e5,Trane,Symbio™ 700 — Precedent® and Axiom™ Rooftop WSHP (LonTalk) · DAC 프로파일 (급기 제어),"T/YHC102F3,4,W",modelNumber,packagedUnit,extracted,RT-PRC023AY-EN_12202022.pdf,37,Table 9. General data — 8.5 to 10 tons — high efficiency,eer,EER,12.5 YHC102FW = 12.4,
trane-symbio-700-precedent-and-axiom-rooftop-wshp-lontalk-dac,e5,Trane,Symbio™ 700 — Precedent® and Axiom™ Rooftop WSHP (LonTalk) · DAC 프로파일 (급기 제어),"T/YHC102F3,4,W",modelNumber,packagedUnit,extracted,RT-PRC023AY-EN_12202022.pdf,37,Table 9. General data — 8.5 to 10 tons — high efficiency,fanMotorHp,팬 모터,0.75,HP
trane-symbio-700-precedent-and-axiom-rooftop-wshp-lontalk-dac,e5,Trane,Symbio™ 700 — Precedent® and Axiom™ Rooftop WSHP (LonTalk) · DAC 프로파일 (급기 제어),"T/YHC102F3,4,W",modelNumber,packagedUnit,extracted,RT-PRC023AY-EN_12202022.pdf,37,Table 9. General data — 8.5 to 10 tons — high efficiency,fanMotorRpm,팬 회전수,"1,100",RPM
trane-symbio-700-precedent-and-axiom-rooftop-wshp-lontalk-dac,e5,Trane,Symbio™ 700 — Precedent® and Axiom™ Rooftop WSHP (LonTalk) · DAC 프로파일 (급기 제어),"T/YHC102F3,4,W",modelNumber,packagedUnit,extracted,RT-PRC023AY-EN_12202022.pdf,37,Table 9. General data — 8.5 to 10 tons — high efficiency,grossCoolingCapacity,냉방능력,"104,000",Btu/h
trane-symbio-700-precedent-and-axiom-rooftop-wshp-lontalk-dac,e5,Trane,Symbio™ 700 — Precedent® and Axiom™ Rooftop WSHP (LonTalk) · DAC 프로파일 (급기 제어),"T/YHC102F3,4,W",modelNumber,packagedUnit,extracted,RT-PRC023AY-EN_12202022.pdf,37,Table 9. General data — 8.5 to 10 tons — high efficiency,ieer,IEER,14.7(d) YHC102FW = 14.5,
trane-symbio-700-precedent-and-axiom-rooftop-wshp-lontalk-dac,e5,Trane,Symbio™ 700 — Precedent® and Axiom™ Rooftop WSHP (LonTalk) · DAC 프로파일 (급기 제어),"T/YHC102F3,4,W",modelNumber,packagedUnit,extracted,RT-PRC023AY-EN_12202022.pdf,37,Table 9. General data — 8.5 to 10 tons — high efficiency,ratedAirflow,정격 풍량,"3,400/2,720",CFM
trane-symbio-700-precedent-and-axiom-rooftop-wshp-lontalk-dac,e5,Trane,Symbio™ 700 — Precedent® and Axiom™ Rooftop WSHP (LonTalk) · DAC 프로파일 (급기 제어),"T/YHC102F3,4,W",modelNumber,packagedUnit,extracted,RT-PRC023AY-EN_12202022.pdf,37,Table 9. General data — 8.5 to 10 tons — high efficiency,refrigerantControl,팽창 장치,Thermal Expansion Valve,
trane-symbio-700-precedent-and-axiom-rooftop-wshp-lontalk-dac,e5,Trane,Symbio™ 700 — Precedent® and Axiom™ Rooftop WSHP (LonTalk) · DAC 프로파일 (급기 제어),"T/YHC102F3,4,W",modelNumber,packagedUnit,extracted,RT-PRC023AY-EN_12202022.pdf,37,Table 9. General data — 8.5 to 10 tons — high efficiency,soundRating,소음 정격,89,dB
trane-symbio-700-precedent-and-axiom-rooftop-wshp-lontalk-dac,e5,Trane,Symbio™ 700 — Precedent® and Axiom™ Rooftop WSHP (LonTalk) · DAC 프로파일 (급기 제어),"T/YHC102F3,4,W",modelNumber,packagedUnit,extracted,RT-PRC023AY-EN_12202022.pdf,37,Table 9. General data — 8.5 to 10 tons — high efficiency,systemPower,시스템 소비전력,7.92,kW
trane-symbio-700-precedent-and-axiom-rooftop-wshp-lontalk-dac,e5,Trane,Symbio™ 700 — Precedent® and Axiom™ Rooftop WSHP (LonTalk) · DAC 프로파일 (급기 제어),"T/YHC120F3,4,W",modelNumber,packagedUnit,extracted,RT-PRC023AY-EN_12202022.pdf,37,Table 9. General data — 8.5 to 10 tons — high efficiency,ahriNetCoolingCapacity,AHRI 냉방능력,"113,000",Btu/h
trane-symbio-700-precedent-and-axiom-rooftop-wshp-lontalk-dac,e5,Trane,Symbio™ 700 — Precedent® and Axiom™ Rooftop WSHP (LonTalk) · DAC 프로파일 (급기 제어),"T/YHC120F3,4,W",modelNumber,packagedUnit,extracted,RT-PRC023AY-EN_12202022.pdf,37,Table 9. General data — 8.5 to 10 tons — high efficiency,capacityClass,용량대,10 Tons,
trane-symbio-700-precedent-and-axiom-rooftop-wshp-lontalk-dac,e5,Trane,Symbio™ 700 — Precedent® and Axiom™ Rooftop WSHP (LonTalk) · DAC 프로파일 (급기 제어),"T/YHC120F3,4,W",modelNumber,packagedUnit,extracted,RT-PRC023AY-EN_12202022.pdf,37,Table 9. General data — 8.5 to 10 tons — high efficiency,coilFaceArea,코일 면적,26.77,sq ft
trane-symbio-700-precedent-and-axiom-rooftop-wshp-lontalk-dac,e5,Trane,Symbio™ 700 — Precedent® and Axiom™ Rooftop WSHP (LonTalk) · DAC 프로파일 (급기 제어),"T/YHC120F3,4,W",modelNumber,packagedUnit,extracted,RT-PRC023AY-EN_12202022.pdf,37,Table 9. General data — 8.5 to 10 tons — high efficiency,coilRowsFpi,코일 열수/FPI,1/23,
trane-symbio-700-precedent-and-axiom-rooftop-wshp-lontalk-dac,e5,Trane,Symbio™ 700 — Precedent® and Axiom™ Rooftop WSHP (LonTalk) · DAC 프로파일 (급기 제어),"T/YHC120F3,4,W",modelNumber,packagedUnit,extracted,RT-PRC023AY-EN_12202022.pdf,37,Table 9. General data — 8.5 to 10 tons — high efficiency,eer,EER,12.4,
trane-symbio-700-precedent-and-axiom-rooftop-wshp-lontalk-dac,e5,Trane,Symbio™ 700 — Precedent® and Axiom™ Rooftop WSHP (LonTalk) · DAC 프로파일 (급기 제어),"T/YHC120F3,4,W",modelNumber,packagedUnit,extracted,RT-PRC023AY-EN_12202022.pdf,37,Table 9. General data — 8.5 to 10 tons — high efficiency,fanMotorHp,팬 모터,0.75,HP
trane-symbio-700-precedent-and-axiom-rooftop-wshp-lontalk-dac,e5,Trane,Symbio™ 700 — Precedent® and Axiom™ Rooftop WSHP (LonTalk) · DAC 프로파일 (급기 제어),"T/YHC120F3,4,W",modelNumber,packagedUnit,extracted,RT-PRC023AY-EN_12202022.pdf,37,Table 9. General data — 8.5 to 10 tons — high efficiency,fanMotorRpm,팬 회전수,"1,100",RPM
trane-symbio-700-precedent-and-axiom-rooftop-wshp-lontalk-dac,e5,Trane,Symbio™ 700 — Precedent® and Axiom™ Rooftop WSHP (LonTalk) · DAC 프로파일 (급기 제어),"T/YHC120F3,4,W",modelNumber,packagedUnit,extracted,RT-PRC023AY-EN_12202022.pdf,37,Table 9. General data — 8.5 to 10 tons — high efficiency,grossCoolingCapacity,냉방능력,"116,000",Btu/h
trane-symbio-700-precedent-and-axiom-rooftop-wshp-lontalk-dac,e5,Trane,Symbio™ 700 — Precedent® and Axiom™ Rooftop WSHP (LonTalk) · DAC 프로파일 (급기 제어),"T/YHC120F3,4,W",modelNumber,packagedUnit,extracted,RT-PRC023AY-EN_12202022.pdf,37,Table 9. General data — 8.5 to 10 tons — high efficiency,ieer,IEER,"14.7 SZVAV, 15.2",
trane-symbio-700-precedent-and-axiom-rooftop-wshp-lontalk-dac,e5,Trane,Symbio™ 700 — Precedent® and Axiom™ Rooftop WSHP (LonTalk) · DAC 프로파일 (급기 제어),"T/YHC120F3,4,W",modelNumber,packagedUnit,extracted,RT-PRC023AY-EN_12202022.pdf,37,Table 9. General data — 8.5 to 10 tons — high efficiency,ratedAirflow,정격 풍량,"4,000/3,800",CFM
trane-symbio-700-precedent-and-axiom-rooftop-wshp-lontalk-dac,e5,Trane,Symbio™ 700 — Precedent® and Axiom™ Rooftop WSHP (LonTalk) · DAC 프로파일 (급기 제어),"T/YHC120F3,4,W",modelNumber,packagedUnit,extracted,RT-PRC023AY-EN_12202022.pdf,37,Table 9. General data — 8.5 to 10 tons — high efficiency,refrigerantControl,팽창 장치,Thermal Expansion Valve,
trane-symbio-700-precedent-and-axiom-rooftop-wshp-lontalk-dac,e5,Trane,Symbio™ 700 — Precedent® and Axiom™ Rooftop WSHP (LonTalk) · DAC 프로파일 (급기 제어),"T/YHC120F3,4,W",modelNumber,packagedUnit,extracted,RT-PRC023AY-EN_12202022.pdf,37,Table 9. General data — 8.5 to 10 tons — high efficiency,soundRating,소음 정격,87,dB
trane-symbio-700-precedent-and-axiom-rooftop-wshp-lontalk-dac,e5,Trane,Symbio™ 700 — Precedent® and Axiom™ Rooftop WSHP (LonTalk) · DAC 프로파일 (급기 제어),"T/YHC120F3,4,W",modelNumber,packagedUnit,extracted,RT-PRC023AY-EN_12202022.pdf,37,Table 9. General data — 8.5 to 10 tons — high efficiency,systemPower,시스템 소비전력,9.11,kW
trane-symbio-700-precedent-and-axiom-rooftop-wshp-lontalk-scc,e5,Trane,Symbio™ 700 — Precedent® and Axiom™ Rooftop WSHP (LonTalk) · SCC 프로파일 (실내 쾌적 제어),"T/YSC036G3,4,W",modelNumber,packagedUnit,extracted,RT-PRC023AY-EN_12202022.pdf,29,Table 5. General data — 3 to 5 tons — standard efficiency,ahriNetCoolingCapacity,AHRI 냉방능력,"36,000",Btu/h
trane-symbio-700-precedent-and-axiom-rooftop-wshp-lontalk-scc,e5,Trane,Symbio™ 700 — Precedent® and Axiom™ Rooftop WSHP (LonTalk) · SCC 프로파일 (실내 쾌적 제어),"T/YSC036G3,4,W",modelNumber,packagedUnit,extracted,RT-PRC023AY-EN_12202022.pdf,29,Table 5. General data — 3 to 5 tons — standard efficiency,capacityClass,용량대,3 Tons,
trane-symbio-700-precedent-and-axiom-rooftop-wshp-lontalk-scc,e5,Trane,Symbio™ 700 — Precedent® and Axiom™ Rooftop WSHP (LonTalk) · SCC 프로파일 (실내 쾌적 제어),"T/YSC036G3,4,W",modelNumber,packagedUnit,extracted,RT-PRC023AY-EN_12202022.pdf,29,Table 5. General data — 3 to 5 tons — standard efficiency,coilFaceArea,코일 면적,10.50,sq ft
trane-symbio-700-precedent-and-axiom-rooftop-wshp-lontalk-scc,e5,Trane,Symbio™ 700 — Precedent® and Axiom™ Rooftop WSHP (LonTalk) · SCC 프로파일 (실내 쾌적 제어),"T/YSC036G3,4,W",modelNumber,packagedUnit,extracted,RT-PRC023AY-EN_12202022.pdf,29,Table 5. General data — 3 to 5 tons — standard efficiency,coilRowsFpi,코일 열수/FPI,1/23,
trane-symbio-700-precedent-and-axiom-rooftop-wshp-lontalk-scc,e5,Trane,Symbio™ 700 — Precedent® and Axiom™ Rooftop WSHP (LonTalk) · SCC 프로파일 (실내 쾌적 제어),"T/YSC036G3,4,W",modelNumber,packagedUnit,extracted,RT-PRC023AY-EN_12202022.pdf,29,Table 5. General data — 3 to 5 tons — standard efficiency,eer,EER,12.0/14.0,
trane-symbio-700-precedent-and-axiom-rooftop-wshp-lontalk-scc,e5,Trane,Symbio™ 700 — Precedent® and Axiom™ Rooftop WSHP (LonTalk) · SCC 프로파일 (실내 쾌적 제어),"T/YSC036G3,4,W",modelNumber,packagedUnit,extracted,RT-PRC023AY-EN_12202022.pdf,29,Table 5. General data — 3 to 5 tons — standard efficiency,fanMotorHp,팬 모터,0.25,HP
trane-symbio-700-precedent-and-axiom-rooftop-wshp-lontalk-scc,e5,Trane,Symbio™ 700 — Precedent® and Axiom™ Rooftop WSHP (LonTalk) · SCC 프로파일 (실내 쾌적 제어),"T/YSC036G3,4,W",modelNumber,packagedUnit,extracted,RT-PRC023AY-EN_12202022.pdf,29,Table 5. General data — 3 to 5 tons — standard efficiency,fanMotorRpm,팬 회전수,"1,100",RPM
trane-symbio-700-precedent-and-axiom-rooftop-wshp-lontalk-scc,e5,Trane,Symbio™ 700 — Precedent® and Axiom™ Rooftop WSHP (LonTalk) · SCC 프로파일 (실내 쾌적 제어),"T/YSC036G3,4,W",modelNumber,packagedUnit,extracted,RT-PRC023AY-EN_12202022.pdf,29,Table 5. General data — 3 to 5 tons — standard efficiency,grossCoolingCapacity,냉방능력,"37,000",Btu/h
trane-symbio-700-precedent-and-axiom-rooftop-wshp-lontalk-scc,e5,Trane,Symbio™ 700 — Precedent® and Axiom™ Rooftop WSHP (LonTalk) · SCC 프로파일 (실내 쾌적 제어),"T/YSC036G3,4,W",modelNumber,packagedUnit,extracted,RT-PRC023AY-EN_12202022.pdf,29,Table 5. General data — 3 to 5 tons — standard efficiency,ratedAirflow,정격 풍량,"1,200/1,200",CFM
trane-symbio-700-precedent-and-axiom-rooftop-wshp-lontalk-scc,e5,Trane,Symbio™ 700 — Precedent® and Axiom™ Rooftop WSHP (LonTalk) · SCC 프로파일 (실내 쾌적 제어),"T/YSC036G3,4,W",modelNumber,packagedUnit,extracted,RT-PRC023AY-EN_12202022.pdf,29,Table 5. General data — 3 to 5 tons — standard efficiency,refrigerantCharge,냉매 충전량,3.2,lbs
trane-symbio-700-precedent-and-axiom-rooftop-wshp-lontalk-scc,e5,Trane,Symbio™ 700 — Precedent® and Axiom™ Rooftop WSHP (LonTalk) · SCC 프로파일 (실내 쾌적 제어),"T/YSC036G3,4,W",modelNumber,packagedUnit,extracted,RT-PRC023AY-EN_12202022.pdf,29,Table 5. General data — 3 to 5 tons — standard efficiency,refrigerantControl,팽창 장치,Thermal Expansion Valve,
trane-symbio-700-precedent-and-axiom-rooftop-wshp-lontalk-scc,e5,Trane,Symbio™ 700 — Precedent® and Axiom™ Rooftop WSHP (LonTalk) · SCC 프로파일 (실내 쾌적 제어),"T/YSC036G3,4,W",modelNumber,packagedUnit,extracted,RT-PRC023AY-EN_12202022.pdf,29,Table 5. General data — 3 to 5 tons — standard efficiency,soundRating,소음 정격,79,dB
trane-symbio-700-precedent-and-axiom-rooftop-wshp-lontalk-scc,e5,Trane,Symbio™ 700 — Precedent® and Axiom™ Rooftop WSHP (LonTalk) · SCC 프로파일 (실내 쾌적 제어),"T/YSC036G3,4,W",modelNumber,packagedUnit,extracted,RT-PRC023AY-EN_12202022.pdf,29,Table 5. General data — 3 to 5 tons — standard efficiency,systemPower,시스템 소비전력,3.00,kW
trane-symbio-700-precedent-and-axiom-rooftop-wshp-lontalk-scc,e5,Trane,Symbio™ 700 — Precedent® and Axiom™ Rooftop WSHP (LonTalk) · SCC 프로파일 (실내 쾌적 제어),"T/YSC048G3,4,W",modelNumber,packagedUnit,extracted,RT-PRC023AY-EN_12202022.pdf,29,Table 5. General data — 3 to 5 tons — standard efficiency,ahriNetCoolingCapacity,AHRI 냉방능력,"48,000",Btu/h
trane-symbio-700-precedent-and-axiom-rooftop-wshp-lontalk-scc,e5,Trane,Symbio™ 700 — Precedent® and Axiom™ Rooftop WSHP (LonTalk) · SCC 프로파일 (실내 쾌적 제어),"T/YSC048G3,4,W",modelNumber,packagedUnit,extracted,RT-PRC023AY-EN_12202022.pdf,29,Table 5. General data — 3 to 5 tons — standard efficiency,capacityClass,용량대,4 Tons,
trane-symbio-700-precedent-and-axiom-rooftop-wshp-lontalk-scc,e5,Trane,Symbio™ 700 — Precedent® and Axiom™ Rooftop WSHP (LonTalk) · SCC 프로파일 (실내 쾌적 제어),"T/YSC048G3,4,W",modelNumber,packagedUnit,extracted,RT-PRC023AY-EN_12202022.pdf,29,Table 5. General data — 3 to 5 tons — standard efficiency,coilFaceArea,코일 면적,10.50,sq ft
trane-symbio-700-precedent-and-axiom-rooftop-wshp-lontalk-scc,e5,Trane,Symbio™ 700 — Precedent® and Axiom™ Rooftop WSHP (LonTalk) · SCC 프로파일 (실내 쾌적 제어),"T/YSC048G3,4,W",modelNumber,packagedUnit,extracted,RT-PRC023AY-EN_12202022.pdf,29,Table 5. General data — 3 to 5 tons — standard efficiency,coilRowsFpi,코일 열수/FPI,1/23,
trane-symbio-700-precedent-and-axiom-rooftop-wshp-lontalk-scc,e5,Trane,Symbio™ 700 — Precedent® and Axiom™ Rooftop WSHP (LonTalk) · SCC 프로파일 (실내 쾌적 제어),"T/YSC048G3,4,W",modelNumber,packagedUnit,extracted,RT-PRC023AY-EN_12202022.pdf,29,Table 5. General data — 3 to 5 tons — standard efficiency,eer,EER,12.0/14.0,
trane-symbio-700-precedent-and-axiom-rooftop-wshp-lontalk-scc,e5,Trane,Symbio™ 700 — Precedent® and Axiom™ Rooftop WSHP (LonTalk) · SCC 프로파일 (실내 쾌적 제어),"T/YSC048G3,4,W",modelNumber,packagedUnit,extracted,RT-PRC023AY-EN_12202022.pdf,29,Table 5. General data — 3 to 5 tons — standard efficiency,fanMotorHp,팬 모터,0.33,HP
trane-symbio-700-precedent-and-axiom-rooftop-wshp-lontalk-scc,e5,Trane,Symbio™ 700 — Precedent® and Axiom™ Rooftop WSHP (LonTalk) · SCC 프로파일 (실내 쾌적 제어),"T/YSC048G3,4,W",modelNumber,packagedUnit,extracted,RT-PRC023AY-EN_12202022.pdf,29,Table 5. General data — 3 to 5 tons — standard efficiency,fanMotorRpm,팬 회전수,"1,100",RPM
trane-symbio-700-precedent-and-axiom-rooftop-wshp-lontalk-scc,e5,Trane,Symbio™ 700 — Precedent® and Axiom™ Rooftop WSHP (LonTalk) · SCC 프로파일 (실내 쾌적 제어),"T/YSC048G3,4,W",modelNumber,packagedUnit,extracted,RT-PRC023AY-EN_12202022.pdf,29,Table 5. General data — 3 to 5 tons — standard efficiency,grossCoolingCapacity,냉방능력,"49,000",Btu/h
trane-symbio-700-precedent-and-axiom-rooftop-wshp-lontalk-scc,e5,Trane,Symbio™ 700 — Precedent® and Axiom™ Rooftop WSHP (LonTalk) · SCC 프로파일 (실내 쾌적 제어),"T/YSC048G3,4,W",modelNumber,packagedUnit,extracted,RT-PRC023AY-EN_12202022.pdf,29,Table 5. General data — 3 to 5 tons — standard efficiency,ratedAirflow,정격 풍량,"1,600/1,600",CFM
trane-symbio-700-precedent-and-axiom-rooftop-wshp-lontalk-scc,e5,Trane,Symbio™ 700 — Precedent® and Axiom™ Rooftop WSHP (LonTalk) · SCC 프로파일 (실내 쾌적 제어),"T/YSC048G3,4,W",modelNumber,packagedUnit,extracted,RT-PRC023AY-EN_12202022.pdf,29,Table 5. General data — 3 to 5 tons — standard efficiency,refrigerantCharge,냉매 충전량,3.5,lbs
trane-symbio-700-precedent-and-axiom-rooftop-wshp-lontalk-scc,e5,Trane,Symbio™ 700 — Precedent® and Axiom™ Rooftop WSHP (LonTalk) · SCC 프로파일 (실내 쾌적 제어),"T/YSC048G3,4,W",modelNumber,packagedUnit,extracted,RT-PRC023AY-EN_12202022.pdf,29,Table 5. General data — 3 to 5 tons — standard efficiency,refrigerantControl,팽창 장치,Thermal Expansion Valve,
trane-symbio-700-precedent-and-axiom-rooftop-wshp-lontalk-scc,e5,Trane,Symbio™ 700 — Precedent® and Axiom™ Rooftop WSHP (LonTalk) · SCC 프로파일 (실내 쾌적 제어),"T/YSC048G3,4,W",modelNumber,packagedUnit,extracted,RT-PRC023AY-EN_12202022.pdf,29,Table 5. General data — 3 to 5 tons — standard efficiency,soundRating,소음 정격,80,dB
trane-symbio-700-precedent-and-axiom-rooftop-wshp-lontalk-scc,e5,Trane,Symbio™ 700 — Precedent® and Axiom™ Rooftop WSHP (LonTalk) · SCC 프로파일 (실내 쾌적 제어),"T/YSC048G3,4,W",modelNumber,packagedUnit,extracted,RT-PRC023AY-EN_12202022.pdf,29,Table 5. General data — 3 to 5 tons — standard efficiency,systemPower,시스템 소비전력,4.00,kW
trane-symbio-700-precedent-and-axiom-rooftop-wshp-lontalk-scc,e5,Trane,Symbio™ 700 — Precedent® and Axiom™ Rooftop WSHP (LonTalk) · SCC 프로파일 (실내 쾌적 제어),"T/YSC060G3,4,W",modelNumber,packagedUnit,extracted,RT-PRC023AY-EN_12202022.pdf,29,Table 5. General data — 3 to 5 tons — standard efficiency,ahriNetCoolingCapacity,AHRI 냉방능력,"58,500",Btu/h
trane-symbio-700-precedent-and-axiom-rooftop-wshp-lontalk-scc,e5,Trane,Symbio™ 700 — Precedent® and Axiom™ Rooftop WSHP (LonTalk) · SCC 프로파일 (실내 쾌적 제어),"T/YSC060G3,4,W",modelNumber,packagedUnit,extracted,RT-PRC023AY-EN_12202022.pdf,29,Table 5. General data — 3 to 5 tons — standard efficiency,capacityClass,용량대,5 Tons,
trane-symbio-700-precedent-and-axiom-rooftop-wshp-lontalk-scc,e5,Trane,Symbio™ 700 — Precedent® and Axiom™ Rooftop WSHP (LonTalk) · SCC 프로파일 (실내 쾌적 제어),"T/YSC060G3,4,W",modelNumber,packagedUnit,extracted,RT-PRC023AY-EN_12202022.pdf,29,Table 5. General data — 3 to 5 tons — standard efficiency,coilFaceArea,코일 면적,11.90,sq ft
trane-symbio-700-precedent-and-axiom-rooftop-wshp-lontalk-scc,e5,Trane,Symbio™ 700 — Precedent® and Axiom™ Rooftop WSHP (LonTalk) · SCC 프로파일 (실내 쾌적 제어),"T/YSC060G3,4,W",modelNumber,packagedUnit,extracted,RT-PRC023AY-EN_12202022.pdf,29,Table 5. General data — 3 to 5 tons — standard efficiency,coilRowsFpi,코일 열수/FPI,1/23,
trane-symbio-700-precedent-and-axiom-rooftop-wshp-lontalk-scc,e5,Trane,Symbio™ 700 — Precedent® and Axiom™ Rooftop WSHP (LonTalk) · SCC 프로파일 (실내 쾌적 제어),"T/YSC060G3,4,W",modelNumber,packagedUnit,extracted,RT-PRC023AY-EN_12202022.pdf,29,Table 5. General data — 3 to 5 tons — standard efficiency,eer,EER,12.0/14.0,
trane-symbio-700-precedent-and-axiom-rooftop-wshp-lontalk-scc,e5,Trane,Symbio™ 700 — Precedent® and Axiom™ Rooftop WSHP (LonTalk) · SCC 프로파일 (실내 쾌적 제어),"T/YSC060G3,4,W",modelNumber,packagedUnit,extracted,RT-PRC023AY-EN_12202022.pdf,29,Table 5. General data — 3 to 5 tons — standard efficiency,fanMotorHp,팬 모터,0.40,HP
trane-symbio-700-precedent-and-axiom-rooftop-wshp-lontalk-scc,e5,Trane,Symbio™ 700 — Precedent® and Axiom™ Rooftop WSHP (LonTalk) · SCC 프로파일 (실내 쾌적 제어),"T/YSC060G3,4,W",modelNumber,packagedUnit,extracted,RT-PRC023AY-EN_12202022.pdf,29,Table 5. General data — 3 to 5 tons — standard efficiency,fanMotorRpm,팬 회전수,1100,RPM
trane-symbio-700-precedent-and-axiom-rooftop-wshp-lontalk-scc,e5,Trane,Symbio™ 700 — Precedent® and Axiom™ Rooftop WSHP (LonTalk) · SCC 프로파일 (실내 쾌적 제어),"T/YSC060G3,4,W",modelNumber,packagedUnit,extracted,RT-PRC023AY-EN_12202022.pdf,29,Table 5. General data — 3 to 5 tons — standard efficiency,grossCoolingCapacity,냉방능력,"60,000",Btu/h
trane-symbio-700-precedent-and-axiom-rooftop-wshp-lontalk-scc,e5,Trane,Symbio™ 700 — Precedent® and Axiom™ Rooftop WSHP (LonTalk) · SCC 프로파일 (실내 쾌적 제어),"T/YSC060G3,4,W",modelNumber,packagedUnit,extracted,RT-PRC023AY-EN_12202022.pdf,29,Table 5. General data — 3 to 5 tons — standard efficiency,ratedAirflow,정격 풍량,"2,000/2,000",CFM
trane-symbio-700-precedent-and-axiom-rooftop-wshp-lontalk-scc,e5,Trane,Symbio™ 700 — Precedent® and Axiom™ Rooftop WSHP (LonTalk) · SCC 프로파일 (실내 쾌적 제어),"T/YSC060G3,4,W",modelNumber,packagedUnit,extracted,RT-PRC023AY-EN_12202022.pdf,29,Table 5. General data — 3 to 5 tons — standard efficiency,refrigerantCharge,냉매 충전량,4.8,lbs
trane-symbio-700-precedent-and-axiom-rooftop-wshp-lontalk-scc,e5,Trane,Symbio™ 700 — Precedent® and Axiom™ Rooftop WSHP (LonTalk) · SCC 프로파일 (실내 쾌적 제어),"T/YSC060G3,4,W",modelNumber,packagedUnit,extracted,RT-PRC023AY-EN_12202022.pdf,29,Table 5. General data — 3 to 5 tons — standard efficiency,refrigerantControl,팽창 장치,Thermal Expansion Valve,
trane-symbio-700-precedent-and-axiom-rooftop-wshp-lontalk-scc,e5,Trane,Symbio™ 700 — Precedent® and Axiom™ Rooftop WSHP (LonTalk) · SCC 프로파일 (실내 쾌적 제어),"T/YSC060G3,4,W",modelNumber,packagedUnit,extracted,RT-PRC023AY-EN_12202022.pdf,29,Table 5. General data — 3 to 5 tons — standard efficiency,soundRating,소음 정격,81,dB
trane-symbio-700-precedent-and-axiom-rooftop-wshp-lontalk-scc,e5,Trane,Symbio™ 700 — Precedent® and Axiom™ Rooftop WSHP (LonTalk) · SCC 프로파일 (실내 쾌적 제어),"T/YSC060G3,4,W",modelNumber,packagedUnit,extracted,RT-PRC023AY-EN_12202022.pdf,29,Table 5. General data — 3 to 5 tons — standard efficiency,systemPower,시스템 소비전력,4.88,kW
trane-symbio-700-precedent-and-axiom-rooftop-wshp-lontalk-scc,e5,Trane,Symbio™ 700 — Precedent® and Axiom™ Rooftop WSHP (LonTalk) · SCC 프로파일 (실내 쾌적 제어),"T/YSC072H3,4,W",modelNumber,packagedUnit,extracted,RT-PRC023AY-EN_12202022.pdf,31,Table 6. General data — 6 to 10 tons — standard efficiency,ahriNetCoolingCapacity,AHRI 냉방능력,"71,000",Btu/h
trane-symbio-700-precedent-and-axiom-rooftop-wshp-lontalk-scc,e5,Trane,Symbio™ 700 — Precedent® and Axiom™ Rooftop WSHP (LonTalk) · SCC 프로파일 (실내 쾌적 제어),"T/YSC072H3,4,W",modelNumber,packagedUnit,extracted,RT-PRC023AY-EN_12202022.pdf,31,Table 6. General data — 6 to 10 tons — standard efficiency,capacityClass,용량대,6 Tons,
trane-symbio-700-precedent-and-axiom-rooftop-wshp-lontalk-scc,e5,Trane,Symbio™ 700 — Precedent® and Axiom™ Rooftop WSHP (LonTalk) · SCC 프로파일 (실내 쾌적 제어),"T/YSC072H3,4,W",modelNumber,packagedUnit,extracted,RT-PRC023AY-EN_12202022.pdf,31,Table 6. General data — 6 to 10 tons — standard efficiency,coilFaceArea,코일 면적,16.91,sq ft
trane-symbio-700-precedent-and-axiom-rooftop-wshp-lontalk-scc,e5,Trane,Symbio™ 700 — Precedent® and Axiom™ Rooftop WSHP (LonTalk) · SCC 프로파일 (실내 쾌적 제어),"T/YSC072H3,4,W",modelNumber,packagedUnit,extracted,RT-PRC023AY-EN_12202022.pdf,31,Table 6. General data — 6 to 10 tons — standard efficiency,coilRowsFpi,코일 열수/FPI,1/23,
trane-symbio-700-precedent-and-axiom-rooftop-wshp-lontalk-scc,e5,Trane,Symbio™ 700 — Precedent® and Axiom™ Rooftop WSHP (LonTalk) · SCC 프로파일 (실내 쾌적 제어),"T/YSC072H3,4,W",modelNumber,packagedUnit,extracted,RT-PRC023AY-EN_12202022.pdf,31,Table 6. General data — 6 to 10 tons — standard efficiency,eer,EER,11.2,
trane-symbio-700-precedent-and-axiom-rooftop-wshp-lontalk-scc,e5,Trane,Symbio™ 700 — Precedent® and Axiom™ Rooftop WSHP (LonTalk) · SCC 프로파일 (실내 쾌적 제어),"T/YSC072H3,4,W",modelNumber,packagedUnit,extracted,RT-PRC023AY-EN_12202022.pdf,31,Table 6. General data — 6 to 10 tons — standard efficiency,fanMotorHp,팬 모터,0.70,HP
trane-symbio-700-precedent-and-axiom-rooftop-wshp-lontalk-scc,e5,Trane,Symbio™ 700 — Precedent® and Axiom™ Rooftop WSHP (LonTalk) · SCC 프로파일 (실내 쾌적 제어),"T/YSC072H3,4,W",modelNumber,packagedUnit,extracted,RT-PRC023AY-EN_12202022.pdf,31,Table 6. General data — 6 to 10 tons — standard efficiency,fanMotorRpm,팬 회전수,"1,100",RPM
trane-symbio-700-precedent-and-axiom-rooftop-wshp-lontalk-scc,e5,Trane,Symbio™ 700 — Precedent® and Axiom™ Rooftop WSHP (LonTalk) · SCC 프로파일 (실내 쾌적 제어),"T/YSC072H3,4,W",modelNumber,packagedUnit,extracted,RT-PRC023AY-EN_12202022.pdf,31,Table 6. General data — 6 to 10 tons — standard efficiency,grossCoolingCapacity,냉방능력,"75,000",Btu/h
trane-symbio-700-precedent-and-axiom-rooftop-wshp-lontalk-scc,e5,Trane,Symbio™ 700 — Precedent® and Axiom™ Rooftop WSHP (LonTalk) · SCC 프로파일 (실내 쾌적 제어),"T/YSC072H3,4,W",modelNumber,packagedUnit,extracted,RT-PRC023AY-EN_12202022.pdf,31,Table 6. General data — 6 to 10 tons — standard efficiency,ieer,IEER,12.9 / 12.7,
trane-symbio-700-precedent-and-axiom-rooftop-wshp-lontalk-scc,e5,Trane,Symbio™ 700 — Precedent® and Axiom™ Rooftop WSHP (LonTalk) · SCC 프로파일 (실내 쾌적 제어),"T/YSC072H3,4,W",modelNumber,packagedUnit,extracted,RT-PRC023AY-EN_12202022.pdf,31,Table 6. General data — 6 to 10 tons — standard efficiency,ratedAirflow,정격 풍량,"2,400/2,100",CFM
trane-symbio-700-precedent-and-axiom-rooftop-wshp-lontalk-scc,e5,Trane,Symbio™ 700 — Precedent® and Axiom™ Rooftop WSHP (LonTalk) · SCC 프로파일 (실내 쾌적 제어),"T/YSC072H3,4,W",modelNumber,packagedUnit,extracted,RT-PRC023AY-EN_12202022.pdf,31,Table 6. General data — 6 to 10 tons — standard efficiency,refrigerantCharge,냉매 충전량,5.5,lbs
trane-symbio-700-precedent-and-axiom-rooftop-wshp-lontalk-scc,e5,Trane,Symbio™ 700 — Precedent® and Axiom™ Rooftop WSHP (LonTalk) · SCC 프로파일 (실내 쾌적 제어),"T/YSC072H3,4,W",modelNumber,packagedUnit,extracted,RT-PRC023AY-EN_12202022.pdf,31,Table 6. General data — 6 to 10 tons — standard efficiency,refrigerantControl,팽창 장치,Thermal Expansion Valve,
trane-symbio-700-precedent-and-axiom-rooftop-wshp-lontalk-scc,e5,Trane,Symbio™ 700 — Precedent® and Axiom™ Rooftop WSHP (LonTalk) · SCC 프로파일 (실내 쾌적 제어),"T/YSC072H3,4,W",modelNumber,packagedUnit,extracted,RT-PRC023AY-EN_12202022.pdf,31,Table 6. General data — 6 to 10 tons — standard efficiency,soundRating,소음 정격,89,dB
trane-symbio-700-precedent-and-axiom-rooftop-wshp-lontalk-scc,e5,Trane,Symbio™ 700 — Precedent® and Axiom™ Rooftop WSHP (LonTalk) · SCC 프로파일 (실내 쾌적 제어),"T/YSC072H3,4,W",modelNumber,packagedUnit,extracted,RT-PRC023AY-EN_12202022.pdf,31,Table 6. General data — 6 to 10 tons — standard efficiency,systemPower,시스템 소비전력,6.36,kW
trane-symbio-700-precedent-and-axiom-rooftop-wshp-lontalk-scc,e5,Trane,Symbio™ 700 — Precedent® and Axiom™ Rooftop WSHP (LonTalk) · SCC 프로파일 (실내 쾌적 제어),"Single Compressor T/YSC090H3,4,W",modelNumber,packagedUnit,extracted,RT-PRC023AY-EN_12202022.pdf,31,Table 6. General data — 6 to 10 tons — standard efficiency,ahriNetCoolingCapacity,AHRI 냉방능력,"87,000",Btu/h
trane-symbio-700-precedent-and-axiom-rooftop-wshp-lontalk-scc,e5,Trane,Symbio™ 700 — Precedent® and Axiom™ Rooftop WSHP (LonTalk) · SCC 프로파일 (실내 쾌적 제어),"Single Compressor T/YSC090H3,4,W",modelNumber,packagedUnit,extracted,RT-PRC023AY-EN_12202022.pdf,31,Table 6. General data — 6 to 10 tons — standard efficiency,capacityClass,용량대,7.5 Tons,
trane-symbio-700-precedent-and-axiom-rooftop-wshp-lontalk-scc,e5,Trane,Symbio™ 700 — Precedent® and Axiom™ Rooftop WSHP (LonTalk) · SCC 프로파일 (실내 쾌적 제어),"Single Compressor T/YSC090H3,4,W",modelNumber,packagedUnit,extracted,RT-PRC023AY-EN_12202022.pdf,31,Table 6. General data — 6 to 10 tons — standard efficiency,coilFaceArea,코일 면적,16.91,sq ft
trane-symbio-700-precedent-and-axiom-rooftop-wshp-lontalk-scc,e5,Trane,Symbio™ 700 — Precedent® and Axiom™ Rooftop WSHP (LonTalk) · SCC 프로파일 (실내 쾌적 제어),"Single Compressor T/YSC090H3,4,W",modelNumber,packagedUnit,extracted,RT-PRC023AY-EN_12202022.pdf,31,Table 6. General data — 6 to 10 tons — standard efficiency,coilRowsFpi,코일 열수/FPI,1/21,
trane-symbio-700-precedent-and-axiom-rooftop-wshp-lontalk-scc,e5,Trane,Symbio™ 700 — Precedent® and Axiom™ Rooftop WSHP (LonTalk) · SCC 프로파일 (실내 쾌적 제어),"Single Compressor T/YSC090H3,4,W",modelNumber,packagedUnit,extracted,RT-PRC023AY-EN_12202022.pdf,31,Table 6. General data — 6 to 10 tons — standard efficiency,eer,EER,11.2,
trane-symbio-700-precedent-and-axiom-rooftop-wshp-lontalk-scc,e5,Trane,Symbio™ 700 — Precedent® and Axiom™ Rooftop WSHP (LonTalk) · SCC 프로파일 (실내 쾌적 제어),"Single Compressor T/YSC090H3,4,W",modelNumber,packagedUnit,extracted,RT-PRC023AY-EN_12202022.pdf,31,Table 6. General data — 6 to 10 tons — standard efficiency,fanMotorHp,팬 모터,0.70,HP
trane-symbio-700-precedent-and-axiom-rooftop-wshp-lontalk-scc,e5,Trane,Symbio™ 700 — Precedent® and Axiom™ Rooftop WSHP (LonTalk) · SCC 프로파일 (실내 쾌적 제어),"Single Compressor T/YSC090H3,4,W",modelNumber,packagedUnit,extracted,RT-PRC023AY-EN_12202022.pdf,31,Table 6. General data — 6 to 10 tons — standard efficiency,fanMotorRpm,팬 회전수,"1,100",RPM
trane-symbio-700-precedent-and-axiom-rooftop-wshp-lontalk-scc,e5,Trane,Symbio™ 700 — Precedent® and Axiom™ Rooftop WSHP (LonTalk) · SCC 프로파일 (실내 쾌적 제어),"Single Compressor T/YSC090H3,4,W",modelNumber,packagedUnit,extracted,RT-PRC023AY-EN_12202022.pdf,31,Table 6. General data — 6 to 10 tons — standard efficiency,grossCoolingCapacity,냉방능력,"92,500",Btu/h
trane-symbio-700-precedent-and-axiom-rooftop-wshp-lontalk-scc,e5,Trane,Symbio™ 700 — Precedent® and Axiom™ Rooftop WSHP (LonTalk) · SCC 프로파일 (실내 쾌적 제어),"Single Compressor T/YSC090H3,4,W",modelNumber,packagedUnit,extracted,RT-PRC023AY-EN_12202022.pdf,31,Table 6. General data — 6 to 10 tons — standard efficiency,ieer,IEER,12.9 / 12.7,
trane-symbio-700-precedent-and-axiom-rooftop-wshp-lontalk-scc,e5,Trane,Symbio™ 700 — Precedent® and Axiom™ Rooftop WSHP (LonTalk) · SCC 프로파일 (실내 쾌적 제어),"Single Compressor T/YSC090H3,4,W",modelNumber,packagedUnit,extracted,RT-PRC023AY-EN_12202022.pdf,31,Table 6. General data — 6 to 10 tons — standard efficiency,ratedAirflow,정격 풍량,"3,000/2,400",CFM
trane-symbio-700-precedent-and-axiom-rooftop-wshp-lontalk-scc,e5,Trane,Symbio™ 700 — Precedent® and Axiom™ Rooftop WSHP (LonTalk) · SCC 프로파일 (실내 쾌적 제어),"Single Compressor T/YSC090H3,4,W",modelNumber,packagedUnit,extracted,RT-PRC023AY-EN_12202022.pdf,31,Table 6. General data — 6 to 10 tons — standard efficiency,refrigerantCharge,냉매 충전량,7.5,lbs
trane-symbio-700-precedent-and-axiom-rooftop-wshp-lontalk-scc,e5,Trane,Symbio™ 700 — Precedent® and Axiom™ Rooftop WSHP (LonTalk) · SCC 프로파일 (실내 쾌적 제어),"Single Compressor T/YSC090H3,4,W",modelNumber,packagedUnit,extracted,RT-PRC023AY-EN_12202022.pdf,31,Table 6. General data — 6 to 10 tons — standard efficiency,refrigerantControl,팽창 장치,Thermal Expansion Valve,
trane-symbio-700-precedent-and-axiom-rooftop-wshp-lontalk-scc,e5,Trane,Symbio™ 700 — Precedent® and Axiom™ Rooftop WSHP (LonTalk) · SCC 프로파일 (실내 쾌적 제어),"Single Compressor T/YSC090H3,4,W",modelNumber,packagedUnit,extracted,RT-PRC023AY-EN_12202022.pdf,31,Table 6. General data — 6 to 10 tons — standard efficiency,soundRating,소음 정격,89,dB
trane-symbio-700-precedent-and-axiom-rooftop-wshp-lontalk-scc,e5,Trane,Symbio™ 700 — Precedent® and Axiom™ Rooftop WSHP (LonTalk) · SCC 프로파일 (실내 쾌적 제어),"Single Compressor T/YSC090H3,4,W",modelNumber,packagedUnit,extracted,RT-PRC023AY-EN_12202022.pdf,31,Table 6. General data — 6 to 10 tons — standard efficiency,systemPower,시스템 소비전력,7.77,kW
trane-symbio-700-precedent-and-axiom-rooftop-wshp-lontalk-scc,e5,Trane,Symbio™ 700 — Precedent® and Axiom™ Rooftop WSHP (LonTalk) · SCC 프로파일 (실내 쾌적 제어),"Dual Compressor T/YSC092H3,4,W",modelNumber,packagedUnit,extracted,RT-PRC023AY-EN_12202022.pdf,31,Table 6. General data — 6 to 10 tons — standard efficiency,ahriNetCoolingCapacity,AHRI 냉방능력,"90,000",Btu/h
trane-symbio-700-precedent-and-axiom-rooftop-wshp-lontalk-scc,e5,Trane,Symbio™ 700 — Precedent® and Axiom™ Rooftop WSHP (LonTalk) · SCC 프로파일 (실내 쾌적 제어),"Dual Compressor T/YSC092H3,4,W",modelNumber,packagedUnit,extracted,RT-PRC023AY-EN_12202022.pdf,31,Table 6. General data — 6 to 10 tons — standard efficiency,capacityClass,용량대,7.5 Tons,
trane-symbio-700-precedent-and-axiom-rooftop-wshp-lontalk-scc,e5,Trane,Symbio™ 700 — Precedent® and Axiom™ Rooftop WSHP (LonTalk) · SCC 프로파일 (실내 쾌적 제어),"Dual Compressor T/YSC092H3,4,W",modelNumber,packagedUnit,extracted,RT-PRC023AY-EN_12202022.pdf,31,Table 6. General data — 6 to 10 tons — standard efficiency,coilFaceArea,코일 면적,17.31,sq ft
trane-symbio-700-precedent-and-axiom-rooftop-wshp-lontalk-scc,e5,Trane,Symbio™ 700 — Precedent® and Axiom™ Rooftop WSHP (LonTalk) · SCC 프로파일 (실내 쾌적 제어),"Dual Compressor T/YSC092H3,4,W",modelNumber,packagedUnit,extracted,RT-PRC023AY-EN_12202022.pdf,31,Table 6. General data — 6 to 10 tons — standard efficiency,coilRowsFpi,코일 열수/FPI,1/23,
trane-symbio-700-precedent-and-axiom-rooftop-wshp-lontalk-scc,e5,Trane,Symbio™ 700 — Precedent® and Axiom™ Rooftop WSHP (LonTalk) · SCC 프로파일 (실내 쾌적 제어),"Dual Compressor T/YSC092H3,4,W",modelNumber,packagedUnit,extracted,RT-PRC023AY-EN_12202022.pdf,31,Table 6. General data — 6 to 10 tons — standard efficiency,eer,EER,11.2,
trane-symbio-700-precedent-and-axiom-rooftop-wshp-lontalk-scc,e5,Trane,Symbio™ 700 — Precedent® and Axiom™ Rooftop WSHP (LonTalk) · SCC 프로파일 (실내 쾌적 제어),"Dual Compressor T/YSC092H3,4,W",modelNumber,packagedUnit,extracted,RT-PRC023AY-EN_12202022.pdf,31,Table 6. General data — 6 to 10 tons — standard efficiency,fanMotorHp,팬 모터,0.70,HP
trane-symbio-700-precedent-and-axiom-rooftop-wshp-lontalk-scc,e5,Trane,Symbio™ 700 — Precedent® and Axiom™ Rooftop WSHP (LonTalk) · SCC 프로파일 (실내 쾌적 제어),"Dual Compressor T/YSC092H3,4,W",modelNumber,packagedUnit,extracted,RT-PRC023AY-EN_12202022.pdf,31,Table 6. General data — 6 to 10 tons — standard efficiency,fanMotorRpm,팬 회전수,"1,100",RPM
trane-symbio-700-precedent-and-axiom-rooftop-wshp-lontalk-scc,e5,Trane,Symbio™ 700 — Precedent® and Axiom™ Rooftop WSHP (LonTalk) · SCC 프로파일 (실내 쾌적 제어),"Dual Compressor T/YSC092H3,4,W",modelNumber,packagedUnit,extracted,RT-PRC023AY-EN_12202022.pdf,31,Table 6. General data — 6 to 10 tons — standard efficiency,grossCoolingCapacity,냉방능력,"94,800",Btu/h
trane-symbio-700-precedent-and-axiom-rooftop-wshp-lontalk-scc,e5,Trane,Symbio™ 700 — Precedent® and Axiom™ Rooftop WSHP (LonTalk) · SCC 프로파일 (실내 쾌적 제어),"Dual Compressor T/YSC092H3,4,W",modelNumber,packagedUnit,extracted,RT-PRC023AY-EN_12202022.pdf,31,Table 6. General data — 6 to 10 tons — standard efficiency,ieer,IEER,12.9/12.7(d),
trane-symbio-700-precedent-and-axiom-rooftop-wshp-lontalk-scc,e5,Trane,Symbio™ 700 — Precedent® and Axiom™ Rooftop WSHP (LonTalk) · SCC 프로파일 (실내 쾌적 제어),"Dual Compressor T/YSC092H3,4,W",modelNumber,packagedUnit,extracted,RT-PRC023AY-EN_12202022.pdf,31,Table 6. General data — 6 to 10 tons — standard efficiency,ratedAirflow,정격 풍량,"3,000/2,325",CFM
trane-symbio-700-precedent-and-axiom-rooftop-wshp-lontalk-scc,e5,Trane,Symbio™ 700 — Precedent® and Axiom™ Rooftop WSHP (LonTalk) · SCC 프로파일 (실내 쾌적 제어),"Dual Compressor T/YSC092H3,4,W",modelNumber,packagedUnit,extracted,RT-PRC023AY-EN_12202022.pdf,31,Table 6. General data — 6 to 10 tons — standard efficiency,refrigerantCharge,냉매 충전량,3.8/3.6,lbs
trane-symbio-700-precedent-and-axiom-rooftop-wshp-lontalk-scc,e5,Trane,Symbio™ 700 — Precedent® and Axiom™ Rooftop WSHP (LonTalk) · SCC 프로파일 (실내 쾌적 제어),"Dual Compressor T/YSC092H3,4,W",modelNumber,packagedUnit,extracted,RT-PRC023AY-EN_12202022.pdf,31,Table 6. General data — 6 to 10 tons — standard efficiency,refrigerantControl,팽창 장치,Thermal Expansion Valve,
trane-symbio-700-precedent-and-axiom-rooftop-wshp-lontalk-scc,e5,Trane,Symbio™ 700 — Precedent® and Axiom™ Rooftop WSHP (LonTalk) · SCC 프로파일 (실내 쾌적 제어),"Dual Compressor T/YSC092H3,4,W",modelNumber,packagedUnit,extracted,RT-PRC023AY-EN_12202022.pdf,31,Table 6. General data — 6 to 10 tons — standard efficiency,soundRating,소음 정격,91,dB
trane-symbio-700-precedent-and-axiom-rooftop-wshp-lontalk-scc,e5,Trane,Symbio™ 700 — Precedent® and Axiom™ Rooftop WSHP (LonTalk) · SCC 프로파일 (실내 쾌적 제어),"Dual Compressor T/YSC092H3,4,W",modelNumber,packagedUnit,extracted,RT-PRC023AY-EN_12202022.pdf,31,Table 6. General data — 6 to 10 tons — standard efficiency,systemPower,시스템 소비전력,8.04,kW
trane-symbio-700-precedent-and-axiom-rooftop-wshp-lontalk-scc,e5,Trane,Symbio™ 700 — Precedent® and Axiom™ Rooftop WSHP (LonTalk) · SCC 프로파일 (실내 쾌적 제어),"T/YSC102H3,4,W",modelNumber,packagedUnit,extracted,RT-PRC023AY-EN_12202022.pdf,31,Table 6. General data — 6 to 10 tons — standard efficiency,ahriNetCoolingCapacity,AHRI 냉방능력,"102,000",Btu/h
trane-symbio-700-precedent-and-axiom-rooftop-wshp-lontalk-scc,e5,Trane,Symbio™ 700 — Precedent® and Axiom™ Rooftop WSHP (LonTalk) · SCC 프로파일 (실내 쾌적 제어),"T/YSC102H3,4,W",modelNumber,packagedUnit,extracted,RT-PRC023AY-EN_12202022.pdf,31,Table 6. General data — 6 to 10 tons — standard efficiency,capacityClass,용량대,8.5 Tons,
trane-symbio-700-precedent-and-axiom-rooftop-wshp-lontalk-scc,e5,Trane,Symbio™ 700 — Precedent® and Axiom™ Rooftop WSHP (LonTalk) · SCC 프로파일 (실내 쾌적 제어),"T/YSC102H3,4,W",modelNumber,packagedUnit,extracted,RT-PRC023AY-EN_12202022.pdf,31,Table 6. General data — 6 to 10 tons — standard efficiency,coilFaceArea,코일 면적,20.77,sq ft
trane-symbio-700-precedent-and-axiom-rooftop-wshp-lontalk-scc,e5,Trane,Symbio™ 700 — Precedent® and Axiom™ Rooftop WSHP (LonTalk) · SCC 프로파일 (실내 쾌적 제어),"T/YSC102H3,4,W",modelNumber,packagedUnit,extracted,RT-PRC023AY-EN_12202022.pdf,31,Table 6. General data — 6 to 10 tons — standard efficiency,coilRowsFpi,코일 열수/FPI,1/21,
trane-symbio-700-precedent-and-axiom-rooftop-wshp-lontalk-scc,e5,Trane,Symbio™ 700 — Precedent® and Axiom™ Rooftop WSHP (LonTalk) · SCC 프로파일 (실내 쾌적 제어),"T/YSC102H3,4,W",modelNumber,packagedUnit,extracted,RT-PRC023AY-EN_12202022.pdf,31,Table 6. General data — 6 to 10 tons — standard efficiency,eer,EER,11.2,
trane-symbio-700-precedent-and-axiom-rooftop-wshp-lontalk-scc,e5,Trane,Symbio™ 700 — Precedent® and Axiom™ Rooftop WSHP (LonTalk) · SCC 프로파일 (실내 쾌적 제어),"T/YSC102H3,4,W",modelNumber,packagedUnit,extracted,RT-PRC023AY-EN_12202022.pdf,31,Table 6. General data — 6 to 10 tons — standard efficiency,fanMotorHp,팬 모터,0.70,HP
trane-symbio-700-precedent-and-axiom-rooftop-wshp-lontalk-scc,e5,Trane,Symbio™ 700 — Precedent® and Axiom™ Rooftop WSHP (LonTalk) · SCC 프로파일 (실내 쾌적 제어),"T/YSC102H3,4,W",modelNumber,packagedUnit,extracted,RT-PRC023AY-EN_12202022.pdf,31,Table 6. General data — 6 to 10 tons — standard efficiency,fanMotorRpm,팬 회전수,"1,100",RPM
trane-symbio-700-precedent-and-axiom-rooftop-wshp-lontalk-scc,e5,Trane,Symbio™ 700 — Precedent® and Axiom™ Rooftop WSHP (LonTalk) · SCC 프로파일 (실내 쾌적 제어),"T/YSC102H3,4,W",modelNumber,packagedUnit,extracted,RT-PRC023AY-EN_12202022.pdf,31,Table 6. General data — 6 to 10 tons — standard efficiency,grossCoolingCapacity,냉방능력,"107,200",Btu/h
trane-symbio-700-precedent-and-axiom-rooftop-wshp-lontalk-scc,e5,Trane,Symbio™ 700 — Precedent® and Axiom™ Rooftop WSHP (LonTalk) · SCC 프로파일 (실내 쾌적 제어),"T/YSC102H3,4,W",modelNumber,packagedUnit,extracted,RT-PRC023AY-EN_12202022.pdf,31,Table 6. General data — 6 to 10 tons — standard efficiency,ieer,IEER,12.9 / 12.7(e),
trane-symbio-700-precedent-and-axiom-rooftop-wshp-lontalk-scc,e5,Trane,Symbio™ 700 — Precedent® and Axiom™ Rooftop WSHP (LonTalk) · SCC 프로파일 (실내 쾌적 제어),"T/YSC102H3,4,W",modelNumber,packagedUnit,extracted,RT-PRC023AY-EN_12202022.pdf,31,Table 6. General data — 6 to 10 tons — standard efficiency,ratedAirflow,정격 풍량,"3,400/2,720",CFM
trane-symbio-700-precedent-and-axiom-rooftop-wshp-lontalk-scc,e5,Trane,Symbio™ 700 — Precedent® and Axiom™ Rooftop WSHP (LonTalk) · SCC 프로파일 (실내 쾌적 제어),"T/YSC102H3,4,W",modelNumber,packagedUnit,extracted,RT-PRC023AY-EN_12202022.pdf,31,Table 6. General data — 6 to 10 tons — standard efficiency,refrigerantCharge,냉매 충전량,5.9/4.0,lbs
trane-symbio-700-precedent-and-axiom-rooftop-wshp-lontalk-scc,e5,Trane,Symbio™ 700 — Precedent® and Axiom™ Rooftop WSHP (LonTalk) · SCC 프로파일 (실내 쾌적 제어),"T/YSC102H3,4,W",modelNumber,packagedUnit,extracted,RT-PRC023AY-EN_12202022.pdf,31,Table 6. General data — 6 to 10 tons — standard efficiency,refrigerantControl,팽창 장치,Thermal Expansion Valve,
trane-symbio-700-precedent-and-axiom-rooftop-wshp-lontalk-scc,e5,Trane,Symbio™ 700 — Precedent® and Axiom™ Rooftop WSHP (LonTalk) · SCC 프로파일 (실내 쾌적 제어),"T/YSC102H3,4,W",modelNumber,packagedUnit,extracted,RT-PRC023AY-EN_12202022.pdf,31,Table 6. General data — 6 to 10 tons — standard efficiency,soundRating,소음 정격,88,dB
trane-symbio-700-precedent-and-axiom-rooftop-wshp-lontalk-scc,e5,Trane,Symbio™ 700 — Precedent® and Axiom™ Rooftop WSHP (LonTalk) · SCC 프로파일 (실내 쾌적 제어),"T/YSC102H3,4,W",modelNumber,packagedUnit,extracted,RT-PRC023AY-EN_12202022.pdf,31,Table 6. General data — 6 to 10 tons — standard efficiency,systemPower,시스템 소비전력,9.11,kW
trane-symbio-700-precedent-and-axiom-rooftop-wshp-lontalk-scc,e5,Trane,Symbio™ 700 — Precedent® and Axiom™ Rooftop WSHP (LonTalk) · SCC 프로파일 (실내 쾌적 제어),"T/YSC120H3,4,W",modelNumber,packagedUnit,extracted,RT-PRC023AY-EN_12202022.pdf,31,Table 6. General data — 6 to 10 tons — standard efficiency,ahriNetCoolingCapacity,AHRI 냉방능력,"113,000",Btu/h
trane-symbio-700-precedent-and-axiom-rooftop-wshp-lontalk-scc,e5,Trane,Symbio™ 700 — Precedent® and Axiom™ Rooftop WSHP (LonTalk) · SCC 프로파일 (실내 쾌적 제어),"T/YSC120H3,4,W",modelNumber,packagedUnit,extracted,RT-PRC023AY-EN_12202022.pdf,31,Table 6. General data — 6 to 10 tons — standard efficiency,capacityClass,용량대,10 Tons,
trane-symbio-700-precedent-and-axiom-rooftop-wshp-lontalk-scc,e5,Trane,Symbio™ 700 — Precedent® and Axiom™ Rooftop WSHP (LonTalk) · SCC 프로파일 (실내 쾌적 제어),"T/YSC120H3,4,W",modelNumber,packagedUnit,extracted,RT-PRC023AY-EN_12202022.pdf,31,Table 6. General data — 6 to 10 tons — standard efficiency,coilFaceArea,코일 면적,20.77,sq ft
trane-symbio-700-precedent-and-axiom-rooftop-wshp-lontalk-scc,e5,Trane,Symbio™ 700 — Precedent® and Axiom™ Rooftop WSHP (LonTalk) · SCC 프로파일 (실내 쾌적 제어),"T/YSC120H3,4,W",modelNumber,packagedUnit,extracted,RT-PRC023AY-EN_12202022.pdf,31,Table 6. General data — 6 to 10 tons — standard efficiency,coilRowsFpi,코일 열수/FPI,1/20,
trane-symbio-700-precedent-and-axiom-rooftop-wshp-lontalk-scc,e5,Trane,Symbio™ 700 — Precedent® and Axiom™ Rooftop WSHP (LonTalk) · SCC 프로파일 (실내 쾌적 제어),"T/YSC120H3,4,W",modelNumber,packagedUnit,extracted,RT-PRC023AY-EN_12202022.pdf,31,Table 6. General data — 6 to 10 tons — standard efficiency,eer,EER,11.2,
trane-symbio-700-precedent-and-axiom-rooftop-wshp-lontalk-scc,e5,Trane,Symbio™ 700 — Precedent® and Axiom™ Rooftop WSHP (LonTalk) · SCC 프로파일 (실내 쾌적 제어),"T/YSC120H3,4,W",modelNumber,packagedUnit,extracted,RT-PRC023AY-EN_12202022.pdf,31,Table 6. General data — 6 to 10 tons — standard efficiency,fanMotorHp,팬 모터,0.70,HP
trane-symbio-700-precedent-and-axiom-rooftop-wshp-lontalk-scc,e5,Trane,Symbio™ 700 — Precedent® and Axiom™ Rooftop WSHP (LonTalk) · SCC 프로파일 (실내 쾌적 제어),"T/YSC120H3,4,W",modelNumber,packagedUnit,extracted,RT-PRC023AY-EN_12202022.pdf,31,Table 6. General data — 6 to 10 tons — standard efficiency,fanMotorRpm,팬 회전수,"1,100",RPM
trane-symbio-700-precedent-and-axiom-rooftop-wshp-lontalk-scc,e5,Trane,Symbio™ 700 — Precedent® and Axiom™ Rooftop WSHP (LonTalk) · SCC 프로파일 (실내 쾌적 제어),"T/YSC120H3,4,W",modelNumber,packagedUnit,extracted,RT-PRC023AY-EN_12202022.pdf,31,Table 6. General data — 6 to 10 tons — standard efficiency,grossCoolingCapacity,냉방능력,"116,000",Btu/h
trane-symbio-700-precedent-and-axiom-rooftop-wshp-lontalk-scc,e5,Trane,Symbio™ 700 — Precedent® and Axiom™ Rooftop WSHP (LonTalk) · SCC 프로파일 (실내 쾌적 제어),"T/YSC120H3,4,W",modelNumber,packagedUnit,extracted,RT-PRC023AY-EN_12202022.pdf,31,Table 6. General data — 6 to 10 tons — standard efficiency,ieer,IEER,12.9/12.7,
trane-symbio-700-precedent-and-axiom-rooftop-wshp-lontalk-scc,e5,Trane,Symbio™ 700 — Precedent® and Axiom™ Rooftop WSHP (LonTalk) · SCC 프로파일 (실내 쾌적 제어),"T/YSC120H3,4,W",modelNumber,packagedUnit,extracted,RT-PRC023AY-EN_12202022.pdf,31,Table 6. General data — 6 to 10 tons — standard efficiency,ratedAirflow,정격 풍량,"4,000/4,000",CFM
trane-symbio-700-precedent-and-axiom-rooftop-wshp-lontalk-scc,e5,Trane,Symbio™ 700 — Precedent® and Axiom™ Rooftop WSHP (LonTalk) · SCC 프로파일 (실내 쾌적 제어),"T/YSC120H3,4,W",modelNumber,packagedUnit,extracted,RT-PRC023AY-EN_12202022.pdf,31,Table 6. General data — 6 to 10 tons — standard efficiency,refrigerantCharge,냉매 충전량,5.6/4.4,lbs
trane-symbio-700-precedent-and-axiom-rooftop-wshp-lontalk-scc,e5,Trane,Symbio™ 700 — Precedent® and Axiom™ Rooftop WSHP (LonTalk) · SCC 프로파일 (실내 쾌적 제어),"T/YSC120H3,4,W",modelNumber,packagedUnit,extracted,RT-PRC023AY-EN_12202022.pdf,31,Table 6. General data — 6 to 10 tons — standard efficiency,refrigerantControl,팽창 장치,Thermal Expansion Valve,
trane-symbio-700-precedent-and-axiom-rooftop-wshp-lontalk-scc,e5,Trane,Symbio™ 700 — Precedent® and Axiom™ Rooftop WSHP (LonTalk) · SCC 프로파일 (실내 쾌적 제어),"T/YSC120H3,4,W",modelNumber,packagedUnit,extracted,RT-PRC023AY-EN_12202022.pdf,31,Table 6. General data — 6 to 10 tons — standard efficiency,soundRating,소음 정격,88,dB
trane-symbio-700-precedent-and-axiom-rooftop-wshp-lontalk-scc,e5,Trane,Symbio™ 700 — Precedent® and Axiom™ Rooftop WSHP (LonTalk) · SCC 프로파일 (실내 쾌적 제어),"T/YSC120H3,4,W",modelNumber,packagedUnit,extracted,RT-PRC023AY-EN_12202022.pdf,31,Table 6. General data — 6 to 10 tons — standard efficiency,systemPower,시스템 소비전력,10.09,kW
trane-symbio-700-precedent-and-axiom-rooftop-wshp-lontalk-scc,e5,Trane,Symbio™ 700 — Precedent® and Axiom™ Rooftop WSHP (LonTalk) · SCC 프로파일 (실내 쾌적 제어),"T/YHC036E3,4,W",modelNumber,packagedUnit,extracted,RT-PRC023AY-EN_12202022.pdf,33,Table 7. General data — 3 to 5 tons — high efficiency,ahriNetCoolingCapacity,AHRI 냉방능력,"37,000",Btu/h
trane-symbio-700-precedent-and-axiom-rooftop-wshp-lontalk-scc,e5,Trane,Symbio™ 700 — Precedent® and Axiom™ Rooftop WSHP (LonTalk) · SCC 프로파일 (실내 쾌적 제어),"T/YHC036E3,4,W",modelNumber,packagedUnit,extracted,RT-PRC023AY-EN_12202022.pdf,33,Table 7. General data — 3 to 5 tons — high efficiency,capacityClass,용량대,3 Tons,
trane-symbio-700-precedent-and-axiom-rooftop-wshp-lontalk-scc,e5,Trane,Symbio™ 700 — Precedent® and Axiom™ Rooftop WSHP (LonTalk) · SCC 프로파일 (실내 쾌적 제어),"T/YHC036E3,4,W",modelNumber,packagedUnit,extracted,RT-PRC023AY-EN_12202022.pdf,33,Table 7. General data — 3 to 5 tons — high efficiency,coilFaceArea,코일 면적,10.96,sq ft
trane-symbio-700-precedent-and-axiom-rooftop-wshp-lontalk-scc,e5,Trane,Symbio™ 700 — Precedent® and Axiom™ Rooftop WSHP (LonTalk) · SCC 프로파일 (실내 쾌적 제어),"T/YHC036E3,4,W",modelNumber,packagedUnit,extracted,RT-PRC023AY-EN_12202022.pdf,33,Table 7. General data — 3 to 5 tons — high efficiency,coilRowsFpi,코일 열수/FPI,2/16,
trane-symbio-700-precedent-and-axiom-rooftop-wshp-lontalk-scc,e5,Trane,Symbio™ 700 — Precedent® and Axiom™ Rooftop WSHP (LonTalk) · SCC 프로파일 (실내 쾌적 제어),"T/YHC036E3,4,W",modelNumber,packagedUnit,extracted,RT-PRC023AY-EN_12202022.pdf,33,Table 7. General data — 3 to 5 tons — high efficiency,eer,EER,"E3,4= 12.7/15.0 EW=12.0/14.4",
trane-symbio-700-precedent-and-axiom-rooftop-wshp-lontalk-scc,e5,Trane,Symbio™ 700 — Precedent® and Axiom™ Rooftop WSHP (LonTalk) · SCC 프로파일 (실내 쾌적 제어),"T/YHC036E3,4,W",modelNumber,packagedUnit,extracted,RT-PRC023AY-EN_12202022.pdf,33,Table 7. General data — 3 to 5 tons — high efficiency,fanMotorHp,팬 모터,0.20,HP
trane-symbio-700-precedent-and-axiom-rooftop-wshp-lontalk-scc,e5,Trane,Symbio™ 700 — Precedent® and Axiom™ Rooftop WSHP (LonTalk) · SCC 프로파일 (실내 쾌적 제어),"T/YHC036E3,4,W",modelNumber,packagedUnit,extracted,RT-PRC023AY-EN_12202022.pdf,33,Table 7. General data — 3 to 5 tons — high efficiency,fanMotorRpm,팬 회전수,"1,075",RPM
trane-symbio-700-precedent-and-axiom-rooftop-wshp-lontalk-scc,e5,Trane,Symbio™ 700 — Precedent® and Axiom™ Rooftop WSHP (LonTalk) · SCC 프로파일 (실내 쾌적 제어),"T/YHC036E3,4,W",modelNumber,packagedUnit,extracted,RT-PRC023AY-EN_12202022.pdf,33,Table 7. General data — 3 to 5 tons — high efficiency,grossCoolingCapacity,냉방능력,"37,600",Btu/h
trane-symbio-700-precedent-and-axiom-rooftop-wshp-lontalk-scc,e5,Trane,Symbio™ 700 — Precedent® and Axiom™ Rooftop WSHP (LonTalk) · SCC 프로파일 (실내 쾌적 제어),"T/YHC036E3,4,W",modelNumber,packagedUnit,extracted,RT-PRC023AY-EN_12202022.pdf,33,Table 7. General data — 3 to 5 tons — high efficiency,ratedAirflow,정격 풍량,"1,200/1,200",CFM
trane-symbio-700-precedent-and-axiom-rooftop-wshp-lontalk-scc,e5,Trane,Symbio™ 700 — Precedent® and Axiom™ Rooftop WSHP (LonTalk) · SCC 프로파일 (실내 쾌적 제어),"T/YHC036E3,4,W",modelNumber,packagedUnit,extracted,RT-PRC023AY-EN_12202022.pdf,33,Table 7. General data — 3 to 5 tons — high efficiency,refrigerantControl,팽창 장치,Thermal Expansion Valve,
trane-symbio-700-precedent-and-axiom-rooftop-wshp-lontalk-scc,e5,Trane,Symbio™ 700 — Precedent® and Axiom™ Rooftop WSHP (LonTalk) · SCC 프로파일 (실내 쾌적 제어),"T/YHC036E3,4,W",modelNumber,packagedUnit,extracted,RT-PRC023AY-EN_12202022.pdf,33,Table 7. General data — 3 to 5 tons — high efficiency,soundRating,소음 정격,81,dB
trane-symbio-700-precedent-and-axiom-rooftop-wshp-lontalk-scc,e5,Trane,Symbio™ 700 — Precedent® and Axiom™ Rooftop WSHP (LonTalk) · SCC 프로파일 (실내 쾌적 제어),"T/YHC036E3,4,W",modelNumber,packagedUnit,extracted,RT-PRC023AY-EN_12202022.pdf,33,Table 7. General data — 3 to 5 tons — high efficiency,systemPower,시스템 소비전력,2.99,kW
trane-symbio-700-precedent-and-axiom-rooftop-wshp-lontalk-scc,e5,Trane,Symbio™ 700 — Precedent® and Axiom™ Rooftop WSHP (LonTalk) · SCC 프로파일 (실내 쾌적 제어),"T/YHC048E3,4,W",modelNumber,packagedUnit,extracted,RT-PRC023AY-EN_12202022.pdf,33,Table 7. General data — 3 to 5 tons — high efficiency,ahriNetCoolingCapacity,AHRI 냉방능력,"49,000",Btu/h
trane-symbio-700-precedent-and-axiom-rooftop-wshp-lontalk-scc,e5,Trane,Symbio™ 700 — Precedent® and Axiom™ Rooftop WSHP (LonTalk) · SCC 프로파일 (실내 쾌적 제어),"T/YHC048E3,4,W",modelNumber,packagedUnit,extracted,RT-PRC023AY-EN_12202022.pdf,33,Table 7. General data — 3 to 5 tons — high efficiency,capacityClass,용량대,4 Tons,
trane-symbio-700-precedent-and-axiom-rooftop-wshp-lontalk-scc,e5,Trane,Symbio™ 700 — Precedent® and Axiom™ Rooftop WSHP (LonTalk) · SCC 프로파일 (실내 쾌적 제어),"T/YHC048E3,4,W",modelNumber,packagedUnit,extracted,RT-PRC023AY-EN_12202022.pdf,33,Table 7. General data — 3 to 5 tons — high efficiency,coilFaceArea,코일 면적,17.00,sq ft
trane-symbio-700-precedent-and-axiom-rooftop-wshp-lontalk-scc,e5,Trane,Symbio™ 700 — Precedent® and Axiom™ Rooftop WSHP (LonTalk) · SCC 프로파일 (실내 쾌적 제어),"T/YHC048E3,4,W",modelNumber,packagedUnit,extracted,RT-PRC023AY-EN_12202022.pdf,33,Table 7. General data — 3 to 5 tons — high efficiency,coilRowsFpi,코일 열수/FPI,3/16,
trane-symbio-700-precedent-and-axiom-rooftop-wshp-lontalk-scc,e5,Trane,Symbio™ 700 — Precedent® and Axiom™ Rooftop WSHP (LonTalk) · SCC 프로파일 (실내 쾌적 제어),"T/YHC048E3,4,W",modelNumber,packagedUnit,extracted,RT-PRC023AY-EN_12202022.pdf,33,Table 7. General data — 3 to 5 tons — high efficiency,eer,EER,14.2,
trane-symbio-700-precedent-and-axiom-rooftop-wshp-lontalk-scc,e5,Trane,Symbio™ 700 — Precedent® and Axiom™ Rooftop WSHP (LonTalk) · SCC 프로파일 (실내 쾌적 제어),"T/YHC048E3,4,W",modelNumber,packagedUnit,extracted,RT-PRC023AY-EN_12202022.pdf,33,Table 7. General data — 3 to 5 tons — high efficiency,fanMotorHp,팬 모터,0.40,HP
trane-symbio-700-precedent-and-axiom-rooftop-wshp-lontalk-scc,e5,Trane,Symbio™ 700 — Precedent® and Axiom™ Rooftop WSHP (LonTalk) · SCC 프로파일 (실내 쾌적 제어),"T/YHC048E3,4,W",modelNumber,packagedUnit,extracted,RT-PRC023AY-EN_12202022.pdf,33,Table 7. General data — 3 to 5 tons — high efficiency,fanMotorRpm,팬 회전수,"1,075",RPM
trane-symbio-700-precedent-and-axiom-rooftop-wshp-lontalk-scc,e5,Trane,Symbio™ 700 — Precedent® and Axiom™ Rooftop WSHP (LonTalk) · SCC 프로파일 (실내 쾌적 제어),"T/YHC048E3,4,W",modelNumber,packagedUnit,extracted,RT-PRC023AY-EN_12202022.pdf,33,Table 7. General data — 3 to 5 tons — high efficiency,grossCoolingCapacity,냉방능력,"49,930",Btu/h
trane-symbio-700-precedent-and-axiom-rooftop-wshp-lontalk-scc,e5,Trane,Symbio™ 700 — Precedent® and Axiom™ Rooftop WSHP (LonTalk) · SCC 프로파일 (실내 쾌적 제어),"T/YHC048E3,4,W",modelNumber,packagedUnit,extracted,RT-PRC023AY-EN_12202022.pdf,33,Table 7. General data — 3 to 5 tons — high efficiency,ratedAirflow,정격 풍량,"1,600/1,600",CFM
trane-symbio-700-precedent-and-axiom-rooftop-wshp-lontalk-scc,e5,Trane,Symbio™ 700 — Precedent® and Axiom™ Rooftop WSHP (LonTalk) · SCC 프로파일 (실내 쾌적 제어),"T/YHC048E3,4,W",modelNumber,packagedUnit,extracted,RT-PRC023AY-EN_12202022.pdf,33,Table 7. General data — 3 to 5 tons — high efficiency,refrigerantControl,팽창 장치,Thermal Expansion Valve,
trane-symbio-700-precedent-and-axiom-rooftop-wshp-lontalk-scc,e5,Trane,Symbio™ 700 — Precedent® and Axiom™ Rooftop WSHP (LonTalk) · SCC 프로파일 (실내 쾌적 제어),"T/YHC048E3,4,W",modelNumber,packagedUnit,extracted,RT-PRC023AY-EN_12202022.pdf,33,Table 7. General data — 3 to 5 tons — high efficiency,soundRating,소음 정격,87,dB
trane-symbio-700-precedent-and-axiom-rooftop-wshp-lontalk-scc,e5,Trane,Symbio™ 700 — Precedent® and Axiom™ Rooftop WSHP (LonTalk) · SCC 프로파일 (실내 쾌적 제어),"T/YHC048E3,4,W",modelNumber,packagedUnit,extracted,RT-PRC023AY-EN_12202022.pdf,33,Table 7. General data — 3 to 5 tons — high efficiency,systemPower,시스템 소비전력,3.67,kW
trane-symbio-700-precedent-and-axiom-rooftop-wshp-lontalk-scc,e5,Trane,Symbio™ 700 — Precedent® and Axiom™ Rooftop WSHP (LonTalk) · SCC 프로파일 (실내 쾌적 제어),"T/YHC048F3,4,W",modelNumber,packagedUnit,extracted,RT-PRC023AY-EN_12202022.pdf,33,Table 7. General data — 3 to 5 tons — high efficiency,ahriNetCoolingCapacity,AHRI 냉방능력,"49,000",Btu/h
trane-symbio-700-precedent-and-axiom-rooftop-wshp-lontalk-scc,e5,Trane,Symbio™ 700 — Precedent® and Axiom™ Rooftop WSHP (LonTalk) · SCC 프로파일 (실내 쾌적 제어),"T/YHC048F3,4,W",modelNumber,packagedUnit,extracted,RT-PRC023AY-EN_12202022.pdf,33,Table 7. General data — 3 to 5 tons — high efficiency,capacityClass,용량대,4 Tons,
trane-symbio-700-precedent-and-axiom-rooftop-wshp-lontalk-scc,e5,Trane,Symbio™ 700 — Precedent® and Axiom™ Rooftop WSHP (LonTalk) · SCC 프로파일 (실내 쾌적 제어),"T/YHC048F3,4,W",modelNumber,packagedUnit,extracted,RT-PRC023AY-EN_12202022.pdf,33,Table 7. General data — 3 to 5 tons — high efficiency,coilFaceArea,코일 면적,16.91,sq ft
trane-symbio-700-precedent-and-axiom-rooftop-wshp-lontalk-scc,e5,Trane,Symbio™ 700 — Precedent® and Axiom™ Rooftop WSHP (LonTalk) · SCC 프로파일 (실내 쾌적 제어),"T/YHC048F3,4,W",modelNumber,packagedUnit,extracted,RT-PRC023AY-EN_12202022.pdf,33,Table 7. General data — 3 to 5 tons — high efficiency,coilRowsFpi,코일 열수/FPI,1/23,
trane-symbio-700-precedent-and-axiom-rooftop-wshp-lontalk-scc,e5,Trane,Symbio™ 700 — Precedent® and Axiom™ Rooftop WSHP (LonTalk) · SCC 프로파일 (실내 쾌적 제어),"T/YHC048F3,4,W",modelNumber,packagedUnit,extracted,RT-PRC023AY-EN_12202022.pdf,33,Table 7. General data — 3 to 5 tons — high efficiency,eer,EER,13.2/15.0,
trane-symbio-700-precedent-and-axiom-rooftop-wshp-lontalk-scc,e5,Trane,Symbio™ 700 — Precedent® and Axiom™ Rooftop WSHP (LonTalk) · SCC 프로파일 (실내 쾌적 제어),"T/YHC048F3,4,W",modelNumber,packagedUnit,extracted,RT-PRC023AY-EN_12202022.pdf,33,Table 7. General data — 3 to 5 tons — high efficiency,fanMotorHp,팬 모터,0.40,HP
trane-symbio-700-precedent-and-axiom-rooftop-wshp-lontalk-scc,e5,Trane,Symbio™ 700 — Precedent® and Axiom™ Rooftop WSHP (LonTalk) · SCC 프로파일 (실내 쾌적 제어),"T/YHC048F3,4,W",modelNumber,packagedUnit,extracted,RT-PRC023AY-EN_12202022.pdf,33,Table 7. General data — 3 to 5 tons — high efficiency,fanMotorRpm,팬 회전수,"1,075",RPM
trane-symbio-700-precedent-and-axiom-rooftop-wshp-lontalk-scc,e5,Trane,Symbio™ 700 — Precedent® and Axiom™ Rooftop WSHP (LonTalk) · SCC 프로파일 (실내 쾌적 제어),"T/YHC048F3,4,W",modelNumber,packagedUnit,extracted,RT-PRC023AY-EN_12202022.pdf,33,Table 7. General data — 3 to 5 tons — high efficiency,grossCoolingCapacity,냉방능력,"49,930",Btu/h
trane-symbio-700-precedent-and-axiom-rooftop-wshp-lontalk-scc,e5,Trane,Symbio™ 700 — Precedent® and Axiom™ Rooftop WSHP (LonTalk) · SCC 프로파일 (실내 쾌적 제어),"T/YHC048F3,4,W",modelNumber,packagedUnit,extracted,RT-PRC023AY-EN_12202022.pdf,33,Table 7. General data — 3 to 5 tons — high efficiency,ratedAirflow,정격 풍량,"1,600/1,600",CFM
trane-symbio-700-precedent-and-axiom-rooftop-wshp-lontalk-scc,e5,Trane,Symbio™ 700 — Precedent® and Axiom™ Rooftop WSHP (LonTalk) · SCC 프로파일 (실내 쾌적 제어),"T/YHC048F3,4,W",modelNumber,packagedUnit,extracted,RT-PRC023AY-EN_12202022.pdf,33,Table 7. General data — 3 to 5 tons — high efficiency,refrigerantControl,팽창 장치,Thermal Expansion Valve,
trane-symbio-700-precedent-and-axiom-rooftop-wshp-lontalk-scc,e5,Trane,Symbio™ 700 — Precedent® and Axiom™ Rooftop WSHP (LonTalk) · SCC 프로파일 (실내 쾌적 제어),"T/YHC048F3,4,W",modelNumber,packagedUnit,extracted,RT-PRC023AY-EN_12202022.pdf,33,Table 7. General data — 3 to 5 tons — high efficiency,soundRating,소음 정격,87,dB
trane-symbio-700-precedent-and-axiom-rooftop-wshp-lontalk-scc,e5,Trane,Symbio™ 700 — Precedent® and Axiom™ Rooftop WSHP (LonTalk) · SCC 프로파일 (실내 쾌적 제어),"T/YHC048F3,4,W",modelNumber,packagedUnit,extracted,RT-PRC023AY-EN_12202022.pdf,33,Table 7. General data — 3 to 5 tons — high efficiency,systemPower,시스템 소비전력,3.67,kW
trane-symbio-700-precedent-and-axiom-rooftop-wshp-lontalk-scc,e5,Trane,Symbio™ 700 — Precedent® and Axiom™ Rooftop WSHP (LonTalk) · SCC 프로파일 (실내 쾌적 제어),"T/YHC060E3,4,W",modelNumber,packagedUnit,extracted,RT-PRC023AY-EN_12202022.pdf,33,Table 7. General data — 3 to 5 tons — high efficiency,ahriNetCoolingCapacity,AHRI 냉방능력,"60,000",Btu/h
trane-symbio-700-precedent-and-axiom-rooftop-wshp-lontalk-scc,e5,Trane,Symbio™ 700 — Precedent® and Axiom™ Rooftop WSHP (LonTalk) · SCC 프로파일 (실내 쾌적 제어),"T/YHC060E3,4,W",modelNumber,packagedUnit,extracted,RT-PRC023AY-EN_12202022.pdf,33,Table 7. General data — 3 to 5 tons — high efficiency,capacityClass,용량대,5 Tons,
trane-symbio-700-precedent-and-axiom-rooftop-wshp-lontalk-scc,e5,Trane,Symbio™ 700 — Precedent® and Axiom™ Rooftop WSHP (LonTalk) · SCC 프로파일 (실내 쾌적 제어),"T/YHC060E3,4,W",modelNumber,packagedUnit,extracted,RT-PRC023AY-EN_12202022.pdf,33,Table 7. General data — 3 to 5 tons — high efficiency,coilFaceArea,코일 면적,17,sq ft
trane-symbio-700-precedent-and-axiom-rooftop-wshp-lontalk-scc,e5,Trane,Symbio™ 700 — Precedent® and Axiom™ Rooftop WSHP (LonTalk) · SCC 프로파일 (실내 쾌적 제어),"T/YHC060E3,4,W",modelNumber,packagedUnit,extracted,RT-PRC023AY-EN_12202022.pdf,33,Table 7. General data — 3 to 5 tons — high efficiency,coilRowsFpi,코일 열수/FPI,3/16,
trane-symbio-700-precedent-and-axiom-rooftop-wshp-lontalk-scc,e5,Trane,Symbio™ 700 — Precedent® and Axiom™ Rooftop WSHP (LonTalk) · SCC 프로파일 (실내 쾌적 제어),"T/YHC060E3,4,W",modelNumber,packagedUnit,extracted,RT-PRC023AY-EN_12202022.pdf,33,Table 7. General data — 3 to 5 tons — high efficiency,eer,EER,14.2,
trane-symbio-700-precedent-and-axiom-rooftop-wshp-lontalk-scc,e5,Trane,Symbio™ 700 — Precedent® and Axiom™ Rooftop WSHP (LonTalk) · SCC 프로파일 (실내 쾌적 제어),"T/YHC060E3,4,W",modelNumber,packagedUnit,extracted,RT-PRC023AY-EN_12202022.pdf,33,Table 7. General data — 3 to 5 tons — high efficiency,fanMotorHp,팬 모터,0.40,HP
trane-symbio-700-precedent-and-axiom-rooftop-wshp-lontalk-scc,e5,Trane,Symbio™ 700 — Precedent® and Axiom™ Rooftop WSHP (LonTalk) · SCC 프로파일 (실내 쾌적 제어),"T/YHC060E3,4,W",modelNumber,packagedUnit,extracted,RT-PRC023AY-EN_12202022.pdf,33,Table 7. General data — 3 to 5 tons — high efficiency,fanMotorRpm,팬 회전수,"1,075",RPM
trane-symbio-700-precedent-and-axiom-rooftop-wshp-lontalk-scc,e5,Trane,Symbio™ 700 — Precedent® and Axiom™ Rooftop WSHP (LonTalk) · SCC 프로파일 (실내 쾌적 제어),"T/YHC060E3,4,W",modelNumber,packagedUnit,extracted,RT-PRC023AY-EN_12202022.pdf,33,Table 7. General data — 3 to 5 tons — high efficiency,grossCoolingCapacity,냉방능력,"61,000",Btu/h
trane-symbio-700-precedent-and-axiom-rooftop-wshp-lontalk-scc,e5,Trane,Symbio™ 700 — Precedent® and Axiom™ Rooftop WSHP (LonTalk) · SCC 프로파일 (실내 쾌적 제어),"T/YHC060E3,4,W",modelNumber,packagedUnit,extracted,RT-PRC023AY-EN_12202022.pdf,33,Table 7. General data — 3 to 5 tons — high efficiency,ratedAirflow,정격 풍량,"2,000/2,000",CFM
trane-symbio-700-precedent-and-axiom-rooftop-wshp-lontalk-scc,e5,Trane,Symbio™ 700 — Precedent® and Axiom™ Rooftop WSHP (LonTalk) · SCC 프로파일 (실내 쾌적 제어),"T/YHC060E3,4,W",modelNumber,packagedUnit,extracted,RT-PRC023AY-EN_12202022.pdf,33,Table 7. General data — 3 to 5 tons — high efficiency,refrigerantControl,팽창 장치,Thermal Expansion Valve,
trane-symbio-700-precedent-and-axiom-rooftop-wshp-lontalk-scc,e5,Trane,Symbio™ 700 — Precedent® and Axiom™ Rooftop WSHP (LonTalk) · SCC 프로파일 (실내 쾌적 제어),"T/YHC060E3,4,W",modelNumber,packagedUnit,extracted,RT-PRC023AY-EN_12202022.pdf,33,Table 7. General data — 3 to 5 tons — high efficiency,soundRating,소음 정격,87,dB
trane-symbio-700-precedent-and-axiom-rooftop-wshp-lontalk-scc,e5,Trane,Symbio™ 700 — Precedent® and Axiom™ Rooftop WSHP (LonTalk) · SCC 프로파일 (실내 쾌적 제어),"T/YHC060E3,4,W",modelNumber,packagedUnit,extracted,RT-PRC023AY-EN_12202022.pdf,33,Table 7. General data — 3 to 5 tons — high efficiency,systemPower,시스템 소비전력,4.67,kW
trane-symbio-700-precedent-and-axiom-rooftop-wshp-lontalk-scc,e5,Trane,Symbio™ 700 — Precedent® and Axiom™ Rooftop WSHP (LonTalk) · SCC 프로파일 (실내 쾌적 제어),"T/YHC060F3,4,W",modelNumber,packagedUnit,extracted,RT-PRC023AY-EN_12202022.pdf,33,Table 7. General data — 3 to 5 tons — high efficiency,ahriNetCoolingCapacity,AHRI 냉방능력,"60,000",Btu/h
trane-symbio-700-precedent-and-axiom-rooftop-wshp-lontalk-scc,e5,Trane,Symbio™ 700 — Precedent® and Axiom™ Rooftop WSHP (LonTalk) · SCC 프로파일 (실내 쾌적 제어),"T/YHC060F3,4,W",modelNumber,packagedUnit,extracted,RT-PRC023AY-EN_12202022.pdf,33,Table 7. General data — 3 to 5 tons — high efficiency,capacityClass,용량대,5 Tons,
trane-symbio-700-precedent-and-axiom-rooftop-wshp-lontalk-scc,e5,Trane,Symbio™ 700 — Precedent® and Axiom™ Rooftop WSHP (LonTalk) · SCC 프로파일 (실내 쾌적 제어),"T/YHC060F3,4,W",modelNumber,packagedUnit,extracted,RT-PRC023AY-EN_12202022.pdf,33,Table 7. General data — 3 to 5 tons — high efficiency,coilFaceArea,코일 면적,16.91,sq ft
trane-symbio-700-precedent-and-axiom-rooftop-wshp-lontalk-scc,e5,Trane,Symbio™ 700 — Precedent® and Axiom™ Rooftop WSHP (LonTalk) · SCC 프로파일 (실내 쾌적 제어),"T/YHC060F3,4,W",modelNumber,packagedUnit,extracted,RT-PRC023AY-EN_12202022.pdf,33,Table 7. General data — 3 to 5 tons — high efficiency,coilRowsFpi,코일 열수/FPI,1/23,
trane-symbio-700-precedent-and-axiom-rooftop-wshp-lontalk-scc,e5,Trane,Symbio™ 700 — Precedent® and Axiom™ Rooftop WSHP (LonTalk) · SCC 프로파일 (실내 쾌적 제어),"T/YHC060F3,4,W",modelNumber,packagedUnit,extracted,RT-PRC023AY-EN_12202022.pdf,33,Table 7. General data — 3 to 5 tons — high efficiency,eer,EER,12.85/15.0,
trane-symbio-700-precedent-and-axiom-rooftop-wshp-lontalk-scc,e5,Trane,Symbio™ 700 — Precedent® and Axiom™ Rooftop WSHP (LonTalk) · SCC 프로파일 (실내 쾌적 제어),"T/YHC060F3,4,W",modelNumber,packagedUnit,extracted,RT-PRC023AY-EN_12202022.pdf,33,Table 7. General data — 3 to 5 tons — high efficiency,fanMotorHp,팬 모터,0.40,HP
trane-symbio-700-precedent-and-axiom-rooftop-wshp-lontalk-scc,e5,Trane,Symbio™ 700 — Precedent® and Axiom™ Rooftop WSHP (LonTalk) · SCC 프로파일 (실내 쾌적 제어),"T/YHC060F3,4,W",modelNumber,packagedUnit,extracted,RT-PRC023AY-EN_12202022.pdf,33,Table 7. General data — 3 to 5 tons — high efficiency,fanMotorRpm,팬 회전수,"1,075",RPM
trane-symbio-700-precedent-and-axiom-rooftop-wshp-lontalk-scc,e5,Trane,Symbio™ 700 — Precedent® and Axiom™ Rooftop WSHP (LonTalk) · SCC 프로파일 (실내 쾌적 제어),"T/YHC060F3,4,W",modelNumber,packagedUnit,extracted,RT-PRC023AY-EN_12202022.pdf,33,Table 7. General data — 3 to 5 tons — high efficiency,grossCoolingCapacity,냉방능력,"61,000",Btu/h
trane-symbio-700-precedent-and-axiom-rooftop-wshp-lontalk-scc,e5,Trane,Symbio™ 700 — Precedent® and Axiom™ Rooftop WSHP (LonTalk) · SCC 프로파일 (실내 쾌적 제어),"T/YHC060F3,4,W",modelNumber,packagedUnit,extracted,RT-PRC023AY-EN_12202022.pdf,33,Table 7. General data — 3 to 5 tons — high efficiency,ratedAirflow,정격 풍량,"2,000/2,000",CFM
trane-symbio-700-precedent-and-axiom-rooftop-wshp-lontalk-scc,e5,Trane,Symbio™ 700 — Precedent® and Axiom™ Rooftop WSHP (LonTalk) · SCC 프로파일 (실내 쾌적 제어),"T/YHC060F3,4,W",modelNumber,packagedUnit,extracted,RT-PRC023AY-EN_12202022.pdf,33,Table 7. General data — 3 to 5 tons — high efficiency,refrigerantControl,팽창 장치,Thermal Expansion Valve,
trane-symbio-700-precedent-and-axiom-rooftop-wshp-lontalk-scc,e5,Trane,Symbio™ 700 — Precedent® and Axiom™ Rooftop WSHP (LonTalk) · SCC 프로파일 (실내 쾌적 제어),"T/YHC060F3,4,W",modelNumber,packagedUnit,extracted,RT-PRC023AY-EN_12202022.pdf,33,Table 7. General data — 3 to 5 tons — high efficiency,soundRating,소음 정격,87,dB
trane-symbio-700-precedent-and-axiom-rooftop-wshp-lontalk-scc,e5,Trane,Symbio™ 700 — Precedent® and Axiom™ Rooftop WSHP (LonTalk) · SCC 프로파일 (실내 쾌적 제어),"T/YHC060F3,4,W",modelNumber,packagedUnit,extracted,RT-PRC023AY-EN_12202022.pdf,33,Table 7. General data — 3 to 5 tons — high efficiency,systemPower,시스템 소비전력,4.67,kW
trane-symbio-700-precedent-and-axiom-rooftop-wshp-lontalk-scc,e5,Trane,Symbio™ 700 — Precedent® and Axiom™ Rooftop WSHP (LonTalk) · SCC 프로파일 (실내 쾌적 제어),"Single Compressor T/YHC072E/F3,4,W",modelNumber,packagedUnit,extracted,RT-PRC023AY-EN_12202022.pdf,35,Table 8. General data — 6 to 7.5 tons — high efficiency,ahriNetCoolingCapacity,AHRI 냉방능력,"68,000",Btu/h
trane-symbio-700-precedent-and-axiom-rooftop-wshp-lontalk-scc,e5,Trane,Symbio™ 700 — Precedent® and Axiom™ Rooftop WSHP (LonTalk) · SCC 프로파일 (실내 쾌적 제어),"Single Compressor T/YHC072E/F3,4,W",modelNumber,packagedUnit,extracted,RT-PRC023AY-EN_12202022.pdf,35,Table 8. General data — 6 to 7.5 tons — high efficiency,capacityClass,용량대,6 Tons,
trane-symbio-700-precedent-and-axiom-rooftop-wshp-lontalk-scc,e5,Trane,Symbio™ 700 — Precedent® and Axiom™ Rooftop WSHP (LonTalk) · SCC 프로파일 (실내 쾌적 제어),"Single Compressor T/YHC072E/F3,4,W",modelNumber,packagedUnit,extracted,RT-PRC023AY-EN_12202022.pdf,35,Table 8. General data — 6 to 7.5 tons — high efficiency,coilFaceArea,코일 면적,20.77,sq ft
trane-symbio-700-precedent-and-axiom-rooftop-wshp-lontalk-scc,e5,Trane,Symbio™ 700 — Precedent® and Axiom™ Rooftop WSHP (LonTalk) · SCC 프로파일 (실내 쾌적 제어),"Single Compressor T/YHC072E/F3,4,W",modelNumber,packagedUnit,extracted,RT-PRC023AY-EN_12202022.pdf,35,Table 8. General data — 6 to 7.5 tons — high efficiency,coilRowsFpi,코일 열수/FPI,1/23,
trane-symbio-700-precedent-and-axiom-rooftop-wshp-lontalk-scc,e5,Trane,Symbio™ 700 — Precedent® and Axiom™ Rooftop WSHP (LonTalk) · SCC 프로파일 (실내 쾌적 제어),"Single Compressor T/YHC072E/F3,4,W",modelNumber,packagedUnit,extracted,RT-PRC023AY-EN_12202022.pdf,35,Table 8. General data — 6 to 7.5 tons — high efficiency,eer,EER,12.6,
trane-symbio-700-precedent-and-axiom-rooftop-wshp-lontalk-scc,e5,Trane,Symbio™ 700 — Precedent® and Axiom™ Rooftop WSHP (LonTalk) · SCC 프로파일 (실내 쾌적 제어),"Single Compressor T/YHC072E/F3,4,W",modelNumber,packagedUnit,extracted,RT-PRC023AY-EN_12202022.pdf,35,Table 8. General data — 6 to 7.5 tons — high efficiency,fanMotorHp,팬 모터,0.7,HP
trane-symbio-700-precedent-and-axiom-rooftop-wshp-lontalk-scc,e5,Trane,Symbio™ 700 — Precedent® and Axiom™ Rooftop WSHP (LonTalk) · SCC 프로파일 (실내 쾌적 제어),"Single Compressor T/YHC072E/F3,4,W",modelNumber,packagedUnit,extracted,RT-PRC023AY-EN_12202022.pdf,35,Table 8. General data — 6 to 7.5 tons — high efficiency,fanMotorRpm,팬 회전수,1100,RPM
trane-symbio-700-precedent-and-axiom-rooftop-wshp-lontalk-scc,e5,Trane,Symbio™ 700 — Precedent® and Axiom™ Rooftop WSHP (LonTalk) · SCC 프로파일 (실내 쾌적 제어),"Single Compressor T/YHC072E/F3,4,W",modelNumber,packagedUnit,extracted,RT-PRC023AY-EN_12202022.pdf,35,Table 8. General data — 6 to 7.5 tons — high efficiency,grossCoolingCapacity,냉방능력,"72,000",Btu/h
trane-symbio-700-precedent-and-axiom-rooftop-wshp-lontalk-scc,e5,Trane,Symbio™ 700 — Precedent® and Axiom™ Rooftop WSHP (LonTalk) · SCC 프로파일 (실내 쾌적 제어),"Single Compressor T/YHC072E/F3,4,W",modelNumber,packagedUnit,extracted,RT-PRC023AY-EN_12202022.pdf,35,Table 8. General data — 6 to 7.5 tons — high efficiency,ieer,IEER,14.5,
trane-symbio-700-precedent-and-axiom-rooftop-wshp-lontalk-scc,e5,Trane,Symbio™ 700 — Precedent® and Axiom™ Rooftop WSHP (LonTalk) · SCC 프로파일 (실내 쾌적 제어),"Single Compressor T/YHC072E/F3,4,W",modelNumber,packagedUnit,extracted,RT-PRC023AY-EN_12202022.pdf,35,Table 8. General data — 6 to 7.5 tons — high efficiency,ratedAirflow,정격 풍량,"2,400/2,100",CFM
trane-symbio-700-precedent-and-axiom-rooftop-wshp-lontalk-scc,e5,Trane,Symbio™ 700 — Precedent® and Axiom™ Rooftop WSHP (LonTalk) · SCC 프로파일 (실내 쾌적 제어),"Single Compressor T/YHC072E/F3,4,W",modelNumber,packagedUnit,extracted,RT-PRC023AY-EN_12202022.pdf,35,Table 8. General data — 6 to 7.5 tons — high efficiency,refrigerantControl,팽창 장치,Thermal Expansion Valve,
trane-symbio-700-precedent-and-axiom-rooftop-wshp-lontalk-scc,e5,Trane,Symbio™ 700 — Precedent® and Axiom™ Rooftop WSHP (LonTalk) · SCC 프로파일 (실내 쾌적 제어),"Single Compressor T/YHC072E/F3,4,W",modelNumber,packagedUnit,extracted,RT-PRC023AY-EN_12202022.pdf,35,Table 8. General data — 6 to 7.5 tons — high efficiency,soundRating,소음 정격,89,dB
trane-symbio-700-precedent-and-axiom-rooftop-wshp-lontalk-scc,e5,Trane,Symbio™ 700 — Precedent® and Axiom™ Rooftop WSHP (LonTalk) · SCC 프로파일 (실내 쾌적 제어),"Single Compressor T/YHC072E/F3,4,W",modelNumber,packagedUnit,extracted,RT-PRC023AY-EN_12202022.pdf,35,Table 8. General data — 6 to 7.5 tons — high efficiency,systemPower,시스템 소비전력,5.37,kW
trane-symbio-700-precedent-and-axiom-rooftop-wshp-lontalk-scc,e5,Trane,Symbio™ 700 — Precedent® and Axiom™ Rooftop WSHP (LonTalk) · SCC 프로파일 (실내 쾌적 제어),"Dual Compressor T/YHC074F3,4",modelNumber,packagedUnit,extracted,RT-PRC023AY-EN_12202022.pdf,35,Table 8. General data — 6 to 7.5 tons — high efficiency,ahriNetCoolingCapacity,AHRI 냉방능력,"71,000",Btu/h
trane-symbio-700-precedent-and-axiom-rooftop-wshp-lontalk-scc,e5,Trane,Symbio™ 700 — Precedent® and Axiom™ Rooftop WSHP (LonTalk) · SCC 프로파일 (실내 쾌적 제어),"Dual Compressor T/YHC074F3,4",modelNumber,packagedUnit,extracted,RT-PRC023AY-EN_12202022.pdf,35,Table 8. General data — 6 to 7.5 tons — high efficiency,capacityClass,용량대,6 Tons,
trane-symbio-700-precedent-and-axiom-rooftop-wshp-lontalk-scc,e5,Trane,Symbio™ 700 — Precedent® and Axiom™ Rooftop WSHP (LonTalk) · SCC 프로파일 (실내 쾌적 제어),"Dual Compressor T/YHC074F3,4",modelNumber,packagedUnit,extracted,RT-PRC023AY-EN_12202022.pdf,35,Table 8. General data — 6 to 7.5 tons — high efficiency,coilFaceArea,코일 면적,20.77,sq ft
trane-symbio-700-precedent-and-axiom-rooftop-wshp-lontalk-scc,e5,Trane,Symbio™ 700 — Precedent® and Axiom™ Rooftop WSHP (LonTalk) · SCC 프로파일 (실내 쾌적 제어),"Dual Compressor T/YHC074F3,4",modelNumber,packagedUnit,extracted,RT-PRC023AY-EN_12202022.pdf,35,Table 8. General data — 6 to 7.5 tons — high efficiency,coilRowsFpi,코일 열수/FPI,1/20,
trane-symbio-700-precedent-and-axiom-rooftop-wshp-lontalk-scc,e5,Trane,Symbio™ 700 — Precedent® and Axiom™ Rooftop WSHP (LonTalk) · SCC 프로파일 (실내 쾌적 제어),"Dual Compressor T/YHC074F3,4",modelNumber,packagedUnit,extracted,RT-PRC023AY-EN_12202022.pdf,35,Table 8. General data — 6 to 7.5 tons — high efficiency,eer,EER,13.1,
trane-symbio-700-precedent-and-axiom-rooftop-wshp-lontalk-scc,e5,Trane,Symbio™ 700 — Precedent® and Axiom™ Rooftop WSHP (LonTalk) · SCC 프로파일 (실내 쾌적 제어),"Dual Compressor T/YHC074F3,4",modelNumber,packagedUnit,extracted,RT-PRC023AY-EN_12202022.pdf,35,Table 8. General data — 6 to 7.5 tons — high efficiency,fanMotorHp,팬 모터,0.7,HP
trane-symbio-700-precedent-and-axiom-rooftop-wshp-lontalk-scc,e5,Trane,Symbio™ 700 — Precedent® and Axiom™ Rooftop WSHP (LonTalk) · SCC 프로파일 (실내 쾌적 제어),"Dual Compressor T/YHC074F3,4",modelNumber,packagedUnit,extracted,RT-PRC023AY-EN_12202022.pdf,35,Table 8. General data — 6 to 7.5 tons — high efficiency,fanMotorRpm,팬 회전수,1100,RPM
trane-symbio-700-precedent-and-axiom-rooftop-wshp-lontalk-scc,e5,Trane,Symbio™ 700 — Precedent® and Axiom™ Rooftop WSHP (LonTalk) · SCC 프로파일 (실내 쾌적 제어),"Dual Compressor T/YHC074F3,4",modelNumber,packagedUnit,extracted,RT-PRC023AY-EN_12202022.pdf,35,Table 8. General data — 6 to 7.5 tons — high efficiency,grossCoolingCapacity,냉방능력,"73,000",Btu/h
trane-symbio-700-precedent-and-axiom-rooftop-wshp-lontalk-scc,e5,Trane,Symbio™ 700 — Precedent® and Axiom™ Rooftop WSHP (LonTalk) · SCC 프로파일 (실내 쾌적 제어),"Dual Compressor T/YHC074F3,4",modelNumber,packagedUnit,extracted,RT-PRC023AY-EN_12202022.pdf,35,Table 8. General data — 6 to 7.5 tons — high efficiency,ieer,IEER,15.5(d),
trane-symbio-700-precedent-and-axiom-rooftop-wshp-lontalk-scc,e5,Trane,Symbio™ 700 — Precedent® and Axiom™ Rooftop WSHP (LonTalk) · SCC 프로파일 (실내 쾌적 제어),"Dual Compressor T/YHC074F3,4",modelNumber,packagedUnit,extracted,RT-PRC023AY-EN_12202022.pdf,35,Table 8. General data — 6 to 7.5 tons — high efficiency,ratedAirflow,정격 풍량,"2,400/2,100",CFM
trane-symbio-700-precedent-and-axiom-rooftop-wshp-lontalk-scc,e5,Trane,Symbio™ 700 — Precedent® and Axiom™ Rooftop WSHP (LonTalk) · SCC 프로파일 (실내 쾌적 제어),"Dual Compressor T/YHC074F3,4",modelNumber,packagedUnit,extracted,RT-PRC023AY-EN_12202022.pdf,35,Table 8. General data — 6 to 7.5 tons — high efficiency,refrigerantControl,팽창 장치,Thermal Expansion Valve,
trane-symbio-700-precedent-and-axiom-rooftop-wshp-lontalk-scc,e5,Trane,Symbio™ 700 — Precedent® and Axiom™ Rooftop WSHP (LonTalk) · SCC 프로파일 (실내 쾌적 제어),"Dual Compressor T/YHC074F3,4",modelNumber,packagedUnit,extracted,RT-PRC023AY-EN_12202022.pdf,35,Table 8. General data — 6 to 7.5 tons — high efficiency,soundRating,소음 정격,89,dB
trane-symbio-700-precedent-and-axiom-rooftop-wshp-lontalk-scc,e5,Trane,Symbio™ 700 — Precedent® and Axiom™ Rooftop WSHP (LonTalk) · SCC 프로파일 (실내 쾌적 제어),"Dual Compressor T/YHC074F3,4",modelNumber,packagedUnit,extracted,RT-PRC023AY-EN_12202022.pdf,35,Table 8. General data — 6 to 7.5 tons — high efficiency,systemPower,시스템 소비전력,5.42,kW
trane-symbio-700-precedent-and-axiom-rooftop-wshp-lontalk-scc,e5,Trane,Symbio™ 700 — Precedent® and Axiom™ Rooftop WSHP (LonTalk) · SCC 프로파일 (실내 쾌적 제어),"T/YHC092F3,4,W",modelNumber,packagedUnit,extracted,RT-PRC023AY-EN_12202022.pdf,35,Table 8. General data — 6 to 7.5 tons — high efficiency,ahriNetCoolingCapacity,AHRI 냉방능력,"89,000",Btu/h
trane-symbio-700-precedent-and-axiom-rooftop-wshp-lontalk-scc,e5,Trane,Symbio™ 700 — Precedent® and Axiom™ Rooftop WSHP (LonTalk) · SCC 프로파일 (실내 쾌적 제어),"T/YHC092F3,4,W",modelNumber,packagedUnit,extracted,RT-PRC023AY-EN_12202022.pdf,35,Table 8. General data — 6 to 7.5 tons — high efficiency,capacityClass,용량대,7.5 Tons,
trane-symbio-700-precedent-and-axiom-rooftop-wshp-lontalk-scc,e5,Trane,Symbio™ 700 — Precedent® and Axiom™ Rooftop WSHP (LonTalk) · SCC 프로파일 (실내 쾌적 제어),"T/YHC092F3,4,W",modelNumber,packagedUnit,extracted,RT-PRC023AY-EN_12202022.pdf,35,Table 8. General data — 6 to 7.5 tons — high efficiency,coilFaceArea,코일 면적,20.77,sq ft
trane-symbio-700-precedent-and-axiom-rooftop-wshp-lontalk-scc,e5,Trane,Symbio™ 700 — Precedent® and Axiom™ Rooftop WSHP (LonTalk) · SCC 프로파일 (실내 쾌적 제어),"T/YHC092F3,4,W",modelNumber,packagedUnit,extracted,RT-PRC023AY-EN_12202022.pdf,35,Table 8. General data — 6 to 7.5 tons — high efficiency,coilRowsFpi,코일 열수/FPI,1/20,
trane-symbio-700-precedent-and-axiom-rooftop-wshp-lontalk-scc,e5,Trane,Symbio™ 700 — Precedent® and Axiom™ Rooftop WSHP (LonTalk) · SCC 프로파일 (실내 쾌적 제어),"T/YHC092F3,4,W",modelNumber,packagedUnit,extracted,RT-PRC023AY-EN_12202022.pdf,35,Table 8. General data — 6 to 7.5 tons — high efficiency,eer,EER,12.6,
trane-symbio-700-precedent-and-axiom-rooftop-wshp-lontalk-scc,e5,Trane,Symbio™ 700 — Precedent® and Axiom™ Rooftop WSHP (LonTalk) · SCC 프로파일 (실내 쾌적 제어),"T/YHC092F3,4,W",modelNumber,packagedUnit,extracted,RT-PRC023AY-EN_12202022.pdf,35,Table 8. General data — 6 to 7.5 tons — high efficiency,fanMotorHp,팬 모터,0.75,HP
trane-symbio-700-precedent-and-axiom-rooftop-wshp-lontalk-scc,e5,Trane,Symbio™ 700 — Precedent® and Axiom™ Rooftop WSHP (LonTalk) · SCC 프로파일 (실내 쾌적 제어),"T/YHC092F3,4,W",modelNumber,packagedUnit,extracted,RT-PRC023AY-EN_12202022.pdf,35,Table 8. General data — 6 to 7.5 tons — high efficiency,fanMotorRpm,팬 회전수,1100,RPM
trane-symbio-700-precedent-and-axiom-rooftop-wshp-lontalk-scc,e5,Trane,Symbio™ 700 — Precedent® and Axiom™ Rooftop WSHP (LonTalk) · SCC 프로파일 (실내 쾌적 제어),"T/YHC092F3,4,W",modelNumber,packagedUnit,extracted,RT-PRC023AY-EN_12202022.pdf,35,Table 8. General data — 6 to 7.5 tons — high efficiency,grossCoolingCapacity,냉방능력,"92,000",Btu/h
trane-symbio-700-precedent-and-axiom-rooftop-wshp-lontalk-scc,e5,Trane,Symbio™ 700 — Precedent® and Axiom™ Rooftop WSHP (LonTalk) · SCC 프로파일 (실내 쾌적 제어),"T/YHC092F3,4,W",modelNumber,packagedUnit,extracted,RT-PRC023AY-EN_12202022.pdf,35,Table 8. General data — 6 to 7.5 tons — high efficiency,ieer,IEER,14.5(e),
trane-symbio-700-precedent-and-axiom-rooftop-wshp-lontalk-scc,e5,Trane,Symbio™ 700 — Precedent® and Axiom™ Rooftop WSHP (LonTalk) · SCC 프로파일 (실내 쾌적 제어),"T/YHC092F3,4,W",modelNumber,packagedUnit,extracted,RT-PRC023AY-EN_12202022.pdf,35,Table 8. General data — 6 to 7.5 tons — high efficiency,ratedAirflow,정격 풍량,"3,000/2,625",CFM
trane-symbio-700-precedent-and-axiom-rooftop-wshp-lontalk-scc,e5,Trane,Symbio™ 700 — Precedent® and Axiom™ Rooftop WSHP (LonTalk) · SCC 프로파일 (실내 쾌적 제어),"T/YHC092F3,4,W",modelNumber,packagedUnit,extracted,RT-PRC023AY-EN_12202022.pdf,35,Table 8. General data — 6 to 7.5 tons — high efficiency,refrigerantControl,팽창 장치,Thermal Expansion Valve,
trane-symbio-700-precedent-and-axiom-rooftop-wshp-lontalk-scc,e5,Trane,Symbio™ 700 — Precedent® and Axiom™ Rooftop WSHP (LonTalk) · SCC 프로파일 (실내 쾌적 제어),"T/YHC092F3,4,W",modelNumber,packagedUnit,extracted,RT-PRC023AY-EN_12202022.pdf,35,Table 8. General data — 6 to 7.5 tons — high efficiency,soundRating,소음 정격,88,dB
trane-symbio-700-precedent-and-axiom-rooftop-wshp-lontalk-scc,e5,Trane,Symbio™ 700 — Precedent® and Axiom™ Rooftop WSHP (LonTalk) · SCC 프로파일 (실내 쾌적 제어),"T/YHC092F3,4,W",modelNumber,packagedUnit,extracted,RT-PRC023AY-EN_12202022.pdf,35,Table 8. General data — 6 to 7.5 tons — high efficiency,systemPower,시스템 소비전력,7.06,kW
trane-symbio-700-precedent-and-axiom-rooftop-wshp-lontalk-scc,e5,Trane,Symbio™ 700 — Precedent® and Axiom™ Rooftop WSHP (LonTalk) · SCC 프로파일 (실내 쾌적 제어),"T/YHC102F3,4,W",modelNumber,packagedUnit,extracted,RT-PRC023AY-EN_12202022.pdf,37,Table 9. General data — 8.5 to 10 tons — high efficiency,ahriNetCoolingCapacity,AHRI 냉방능력,"99,000",Btu/h
trane-symbio-700-precedent-and-axiom-rooftop-wshp-lontalk-scc,e5,Trane,Symbio™ 700 — Precedent® and Axiom™ Rooftop WSHP (LonTalk) · SCC 프로파일 (실내 쾌적 제어),"T/YHC102F3,4,W",modelNumber,packagedUnit,extracted,RT-PRC023AY-EN_12202022.pdf,37,Table 9. General data — 8.5 to 10 tons — high efficiency,capacityClass,용량대,8.5 Tons,
trane-symbio-700-precedent-and-axiom-rooftop-wshp-lontalk-scc,e5,Trane,Symbio™ 700 — Precedent® and Axiom™ Rooftop WSHP (LonTalk) · SCC 프로파일 (실내 쾌적 제어),"T/YHC102F3,4,W",modelNumber,packagedUnit,extracted,RT-PRC023AY-EN_12202022.pdf,37,Table 9. General data — 8.5 to 10 tons — high efficiency,coilFaceArea,코일 면적,20.77,sq ft
trane-symbio-700-precedent-and-axiom-rooftop-wshp-lontalk-scc,e5,Trane,Symbio™ 700 — Precedent® and Axiom™ Rooftop WSHP (LonTalk) · SCC 프로파일 (실내 쾌적 제어),"T/YHC102F3,4,W",modelNumber,packagedUnit,extracted,RT-PRC023AY-EN_12202022.pdf,37,Table 9. General data — 8.5 to 10 tons — high efficiency,coilRowsFpi,코일 열수/FPI,1/20,
trane-symbio-700-precedent-and-axiom-rooftop-wshp-lontalk-scc,e5,Trane,Symbio™ 700 — Precedent® and Axiom™ Rooftop WSHP (LonTalk) · SCC 프로파일 (실내 쾌적 제어),"T/YHC102F3,4,W",modelNumber,packagedUnit,extracted,RT-PRC023AY-EN_12202022.pdf,37,Table 9. General data — 8.5 to 10 tons — high efficiency,eer,EER,12.5 YHC102FW = 12.4,
trane-symbio-700-precedent-and-axiom-rooftop-wshp-lontalk-scc,e5,Trane,Symbio™ 700 — Precedent® and Axiom™ Rooftop WSHP (LonTalk) · SCC 프로파일 (실내 쾌적 제어),"T/YHC102F3,4,W",modelNumber,packagedUnit,extracted,RT-PRC023AY-EN_12202022.pdf,37,Table 9. General data — 8.5 to 10 tons — high efficiency,fanMotorHp,팬 모터,0.75,HP
trane-symbio-700-precedent-and-axiom-rooftop-wshp-lontalk-scc,e5,Trane,Symbio™ 700 — Precedent® and Axiom™ Rooftop WSHP (LonTalk) · SCC 프로파일 (실내 쾌적 제어),"T/YHC102F3,4,W",modelNumber,packagedUnit,extracted,RT-PRC023AY-EN_12202022.pdf,37,Table 9. General data — 8.5 to 10 tons — high efficiency,fanMotorRpm,팬 회전수,"1,100",RPM
trane-symbio-700-precedent-and-axiom-rooftop-wshp-lontalk-scc,e5,Trane,Symbio™ 700 — Precedent® and Axiom™ Rooftop WSHP (LonTalk) · SCC 프로파일 (실내 쾌적 제어),"T/YHC102F3,4,W",modelNumber,packagedUnit,extracted,RT-PRC023AY-EN_12202022.pdf,37,Table 9. General data — 8.5 to 10 tons — high efficiency,grossCoolingCapacity,냉방능력,"104,000",Btu/h
trane-symbio-700-precedent-and-axiom-rooftop-wshp-lontalk-scc,e5,Trane,Symbio™ 700 — Precedent® and Axiom™ Rooftop WSHP (LonTalk) · SCC 프로파일 (실내 쾌적 제어),"T/YHC102F3,4,W",modelNumber,packagedUnit,extracted,RT-PRC023AY-EN_12202022.pdf,37,Table 9. General data — 8.5 to 10 tons — high efficiency,ieer,IEER,14.7(d) YHC102FW = 14.5,
trane-symbio-700-precedent-and-axiom-rooftop-wshp-lontalk-scc,e5,Trane,Symbio™ 700 — Precedent® and Axiom™ Rooftop WSHP (LonTalk) · SCC 프로파일 (실내 쾌적 제어),"T/YHC102F3,4,W",modelNumber,packagedUnit,extracted,RT-PRC023AY-EN_12202022.pdf,37,Table 9. General data — 8.5 to 10 tons — high efficiency,ratedAirflow,정격 풍량,"3,400/2,720",CFM
trane-symbio-700-precedent-and-axiom-rooftop-wshp-lontalk-scc,e5,Trane,Symbio™ 700 — Precedent® and Axiom™ Rooftop WSHP (LonTalk) · SCC 프로파일 (실내 쾌적 제어),"T/YHC102F3,4,W",modelNumber,packagedUnit,extracted,RT-PRC023AY-EN_12202022.pdf,37,Table 9. General data — 8.5 to 10 tons — high efficiency,refrigerantControl,팽창 장치,Thermal Expansion Valve,
trane-symbio-700-precedent-and-axiom-rooftop-wshp-lontalk-scc,e5,Trane,Symbio™ 700 — Precedent® and Axiom™ Rooftop WSHP (LonTalk) · SCC 프로파일 (실내 쾌적 제어),"T/YHC102F3,4,W",modelNumber,packagedUnit,extracted,RT-PRC023AY-EN_12202022.pdf,37,Table 9. General data — 8.5 to 10 tons — high efficiency,soundRating,소음 정격,89,dB
trane-symbio-700-precedent-and-axiom-rooftop-wshp-lontalk-scc,e5,Trane,Symbio™ 700 — Precedent® and Axiom™ Rooftop WSHP (LonTalk) · SCC 프로파일 (실내 쾌적 제어),"T/YHC102F3,4,W",modelNumber,packagedUnit,extracted,RT-PRC023AY-EN_12202022.pdf,37,Table 9. General data — 8.5 to 10 tons — high efficiency,systemPower,시스템 소비전력,7.92,kW
trane-symbio-700-precedent-and-axiom-rooftop-wshp-lontalk-scc,e5,Trane,Symbio™ 700 — Precedent® and Axiom™ Rooftop WSHP (LonTalk) · SCC 프로파일 (실내 쾌적 제어),"T/YHC120F3,4,W",modelNumber,packagedUnit,extracted,RT-PRC023AY-EN_12202022.pdf,37,Table 9. General data — 8.5 to 10 tons — high efficiency,ahriNetCoolingCapacity,AHRI 냉방능력,"113,000",Btu/h
trane-symbio-700-precedent-and-axiom-rooftop-wshp-lontalk-scc,e5,Trane,Symbio™ 700 — Precedent® and Axiom™ Rooftop WSHP (LonTalk) · SCC 프로파일 (실내 쾌적 제어),"T/YHC120F3,4,W",modelNumber,packagedUnit,extracted,RT-PRC023AY-EN_12202022.pdf,37,Table 9. General data — 8.5 to 10 tons — high efficiency,capacityClass,용량대,10 Tons,
trane-symbio-700-precedent-and-axiom-rooftop-wshp-lontalk-scc,e5,Trane,Symbio™ 700 — Precedent® and Axiom™ Rooftop WSHP (LonTalk) · SCC 프로파일 (실내 쾌적 제어),"T/YHC120F3,4,W",modelNumber,packagedUnit,extracted,RT-PRC023AY-EN_12202022.pdf,37,Table 9. General data — 8.5 to 10 tons — high efficiency,coilFaceArea,코일 면적,26.77,sq ft
trane-symbio-700-precedent-and-axiom-rooftop-wshp-lontalk-scc,e5,Trane,Symbio™ 700 — Precedent® and Axiom™ Rooftop WSHP (LonTalk) · SCC 프로파일 (실내 쾌적 제어),"T/YHC120F3,4,W",modelNumber,packagedUnit,extracted,RT-PRC023AY-EN_12202022.pdf,37,Table 9. General data — 8.5 to 10 tons — high efficiency,coilRowsFpi,코일 열수/FPI,1/23,
trane-symbio-700-precedent-and-axiom-rooftop-wshp-lontalk-scc,e5,Trane,Symbio™ 700 — Precedent® and Axiom™ Rooftop WSHP (LonTalk) · SCC 프로파일 (실내 쾌적 제어),"T/YHC120F3,4,W",modelNumber,packagedUnit,extracted,RT-PRC023AY-EN_12202022.pdf,37,Table 9. General data — 8.5 to 10 tons — high efficiency,eer,EER,12.4,
trane-symbio-700-precedent-and-axiom-rooftop-wshp-lontalk-scc,e5,Trane,Symbio™ 700 — Precedent® and Axiom™ Rooftop WSHP (LonTalk) · SCC 프로파일 (실내 쾌적 제어),"T/YHC120F3,4,W",modelNumber,packagedUnit,extracted,RT-PRC023AY-EN_12202022.pdf,37,Table 9. General data — 8.5 to 10 tons — high efficiency,fanMotorHp,팬 모터,0.75,HP
trane-symbio-700-precedent-and-axiom-rooftop-wshp-lontalk-scc,e5,Trane,Symbio™ 700 — Precedent® and Axiom™ Rooftop WSHP (LonTalk) · SCC 프로파일 (실내 쾌적 제어),"T/YHC120F3,4,W",modelNumber,packagedUnit,extracted,RT-PRC023AY-EN_12202022.pdf,37,Table 9. General data — 8.5 to 10 tons — high efficiency,fanMotorRpm,팬 회전수,"1,100",RPM
trane-symbio-700-precedent-and-axiom-rooftop-wshp-lontalk-scc,e5,Trane,Symbio™ 700 — Precedent® and Axiom™ Rooftop WSHP (LonTalk) · SCC 프로파일 (실내 쾌적 제어),"T/YHC120F3,4,W",modelNumber,packagedUnit,extracted,RT-PRC023AY-EN_12202022.pdf,37,Table 9. General data — 8.5 to 10 tons — high efficiency,grossCoolingCapacity,냉방능력,"116,000",Btu/h
trane-symbio-700-precedent-and-axiom-rooftop-wshp-lontalk-scc,e5,Trane,Symbio™ 700 — Precedent® and Axiom™ Rooftop WSHP (LonTalk) · SCC 프로파일 (실내 쾌적 제어),"T/YHC120F3,4,W",modelNumber,packagedUnit,extracted,RT-PRC023AY-EN_12202022.pdf,37,Table 9. General data — 8.5 to 10 tons — high efficiency,ieer,IEER,"14.7 SZVAV, 15.2",
trane-symbio-700-precedent-and-axiom-rooftop-wshp-lontalk-scc,e5,Trane,Symbio™ 700 — Precedent® and Axiom™ Rooftop WSHP (LonTalk) · SCC 프로파일 (실내 쾌적 제어),"T/YHC120F3,4,W",modelNumber,packagedUnit,extracted,RT-PRC023AY-EN_12202022.pdf,37,Table 9. General data — 8.5 to 10 tons — high efficiency,ratedAirflow,정격 풍량,"4,000/3,800",CFM
trane-symbio-700-precedent-and-axiom-rooftop-wshp-lontalk-scc,e5,Trane,Symbio™ 700 — Precedent® and Axiom™ Rooftop WSHP (LonTalk) · SCC 프로파일 (실내 쾌적 제어),"T/YHC120F3,4,W",modelNumber,packagedUnit,extracted,RT-PRC023AY-EN_12202022.pdf,37,Table 9. General data — 8.5 to 10 tons — high efficiency,refrigerantControl,팽창 장치,Thermal Expansion Valve,
trane-symbio-700-precedent-and-axiom-rooftop-wshp-lontalk-scc,e5,Trane,Symbio™ 700 — Precedent® and Axiom™ Rooftop WSHP (LonTalk) · SCC 프로파일 (실내 쾌적 제어),"T/YHC120F3,4,W",modelNumber,packagedUnit,extracted,RT-PRC023AY-EN_12202022.pdf,37,Table 9. General data — 8.5 to 10 tons — high efficiency,soundRating,소음 정격,87,dB
trane-symbio-700-precedent-and-axiom-rooftop-wshp-lontalk-scc,e5,Trane,Symbio™ 700 — Precedent® and Axiom™ Rooftop WSHP (LonTalk) · SCC 프로파일 (실내 쾌적 제어),"T/YHC120F3,4,W",modelNumber,packagedUnit,extracted,RT-PRC023AY-EN_12202022.pdf,37,Table 9. General data — 8.5 to 10 tons — high efficiency,systemPower,시스템 소비전력,9.11,kW
trane-symbio-700-precedent-and-axiom-rooftop-wshp-lontalk-scc,e5,Trane,Symbio™ 700 — Precedent® and Axiom™ Rooftop WSHP (LonTalk) · SCC 프로파일 (실내 쾌적 제어),WHJ150,modelNumber,packagedUnit,extracted,PKGP-PRC021C-EN_07152023.pdf,18,"Table 5. General data — 12.5 to 25 tons, high efficiency (WHJ*)",ahriNetCoolingCapacity,AHRI 냉방능력,150000,Btu/h
trane-symbio-700-precedent-and-axiom-rooftop-wshp-lontalk-scc,e5,Trane,Symbio™ 700 — Precedent® and Axiom™ Rooftop WSHP (LonTalk) · SCC 프로파일 (실내 쾌적 제어),WHJ150,modelNumber,packagedUnit,extracted,PKGP-PRC021C-EN_07152023.pdf,18,"Table 5. General data — 12.5 to 25 tons, high efficiency (WHJ*)",capacityClass,용량대,12.5 Tons,
trane-symbio-700-precedent-and-axiom-rooftop-wshp-lontalk-scc,e5,Trane,Symbio™ 700 — Precedent® and Axiom™ Rooftop WSHP (LonTalk) · SCC 프로파일 (실내 쾌적 제어),WHJ150,modelNumber,packagedUnit,extracted,PKGP-PRC021C-EN_07152023.pdf,18,"Table 5. General data — 12.5 to 25 tons, high efficiency (WHJ*)",coilFaceArea,코일 면적,34.71,sq ft
trane-symbio-700-precedent-and-axiom-rooftop-wshp-lontalk-scc,e5,Trane,Symbio™ 700 — Precedent® and Axiom™ Rooftop WSHP (LonTalk) · SCC 프로파일 (실내 쾌적 제어),WHJ150,modelNumber,packagedUnit,extracted,PKGP-PRC021C-EN_07152023.pdf,18,"Table 5. General data — 12.5 to 25 tons, high efficiency (WHJ*)",coilRowsFpi,코일 열수/FPI,3/16,
trane-symbio-700-precedent-and-axiom-rooftop-wshp-lontalk-scc,e5,Trane,Symbio™ 700 — Precedent® and Axiom™ Rooftop WSHP (LonTalk) · SCC 프로파일 (실내 쾌적 제어),WHJ150,modelNumber,packagedUnit,extracted,PKGP-PRC021C-EN_07152023.pdf,18,"Table 5. General data — 12.5 to 25 tons, high efficiency (WHJ*)",eer,EER,12.3,
trane-symbio-700-precedent-and-axiom-rooftop-wshp-lontalk-scc,e5,Trane,Symbio™ 700 — Precedent® and Axiom™ Rooftop WSHP (LonTalk) · SCC 프로파일 (실내 쾌적 제어),WHJ150,modelNumber,packagedUnit,extracted,PKGP-PRC021C-EN_07152023.pdf,18,"Table 5. General data — 12.5 to 25 tons, high efficiency (WHJ*)",grossCoolingCapacity,냉방능력,154000,Btu/h
trane-symbio-700-precedent-and-axiom-rooftop-wshp-lontalk-scc,e5,Trane,Symbio™ 700 — Precedent® and Axiom™ Rooftop WSHP (LonTalk) · SCC 프로파일 (실내 쾌적 제어),WHJ150,modelNumber,packagedUnit,extracted,PKGP-PRC021C-EN_07152023.pdf,18,"Table 5. General data — 12.5 to 25 tons, high efficiency (WHJ*)",ieer,IEER,17.8,
trane-symbio-700-precedent-and-axiom-rooftop-wshp-lontalk-scc,e5,Trane,Symbio™ 700 — Precedent® and Axiom™ Rooftop WSHP (LonTalk) · SCC 프로파일 (실내 쾌적 제어),WHJ150,modelNumber,packagedUnit,extracted,PKGP-PRC021C-EN_07152023.pdf,18,"Table 5. General data — 12.5 to 25 tons, high efficiency (WHJ*)",ratedAirflow,정격 풍량,5000,CFM
trane-symbio-700-precedent-and-axiom-rooftop-wshp-lontalk-scc,e5,Trane,Symbio™ 700 — Precedent® and Axiom™ Rooftop WSHP (LonTalk) · SCC 프로파일 (실내 쾌적 제어),WHJ150,modelNumber,packagedUnit,extracted,PKGP-PRC021C-EN_07152023.pdf,18,"Table 5. General data — 12.5 to 25 tons, high efficiency (WHJ*)",refrigerantControl,팽창 장치,TXV,
trane-symbio-700-precedent-and-axiom-rooftop-wshp-lontalk-scc,e5,Trane,Symbio™ 700 — Precedent® and Axiom™ Rooftop WSHP (LonTalk) · SCC 프로파일 (실내 쾌적 제어),WHJ150,modelNumber,packagedUnit,extracted,PKGP-PRC021C-EN_07152023.pdf,18,"Table 5. General data — 12.5 to 25 tons, high efficiency (WHJ*)",soundRating,소음 정격,87,dBA
trane-symbio-700-precedent-and-axiom-rooftop-wshp-lontalk-scc,e5,Trane,Symbio™ 700 — Precedent® and Axiom™ Rooftop WSHP (LonTalk) · SCC 프로파일 (실내 쾌적 제어),WHJ150,modelNumber,packagedUnit,extracted,PKGP-PRC021C-EN_07152023.pdf,18,"Table 5. General data — 12.5 to 25 tons, high efficiency (WHJ*)",systemPower,시스템 소비전력,12.20,kW
trane-symbio-700-precedent-and-axiom-rooftop-wshp-lontalk-scc,e5,Trane,Symbio™ 700 — Precedent® and Axiom™ Rooftop WSHP (LonTalk) · SCC 프로파일 (실내 쾌적 제어),WHJ180,modelNumber,packagedUnit,extracted,PKGP-PRC021C-EN_07152023.pdf,18,"Table 5. General data — 12.5 to 25 tons, high efficiency (WHJ*)",ahriNetCoolingCapacity,AHRI 냉방능력,178000,Btu/h
trane-symbio-700-precedent-and-axiom-rooftop-wshp-lontalk-scc,e5,Trane,Symbio™ 700 — Precedent® and Axiom™ Rooftop WSHP (LonTalk) · SCC 프로파일 (실내 쾌적 제어),WHJ180,modelNumber,packagedUnit,extracted,PKGP-PRC021C-EN_07152023.pdf,18,"Table 5. General data — 12.5 to 25 tons, high efficiency (WHJ*)",capacityClass,용량대,15 Tons,
trane-symbio-700-precedent-and-axiom-rooftop-wshp-lontalk-scc,e5,Trane,Symbio™ 700 — Precedent® and Axiom™ Rooftop WSHP (LonTalk) · SCC 프로파일 (실내 쾌적 제어),WHJ180,modelNumber,packagedUnit,extracted,PKGP-PRC021C-EN_07152023.pdf,18,"Table 5. General data — 12.5 to 25 tons, high efficiency (WHJ*)",coilFaceArea,코일 면적,34.71,sq ft
trane-symbio-700-precedent-and-axiom-rooftop-wshp-lontalk-scc,e5,Trane,Symbio™ 700 — Precedent® and Axiom™ Rooftop WSHP (LonTalk) · SCC 프로파일 (실내 쾌적 제어),WHJ180,modelNumber,packagedUnit,extracted,PKGP-PRC021C-EN_07152023.pdf,18,"Table 5. General data — 12.5 to 25 tons, high efficiency (WHJ*)",coilRowsFpi,코일 열수/FPI,3/16,
trane-symbio-700-precedent-and-axiom-rooftop-wshp-lontalk-scc,e5,Trane,Symbio™ 700 — Precedent® and Axiom™ Rooftop WSHP (LonTalk) · SCC 프로파일 (실내 쾌적 제어),WHJ180,modelNumber,packagedUnit,extracted,PKGP-PRC021C-EN_07152023.pdf,18,"Table 5. General data — 12.5 to 25 tons, high efficiency (WHJ*)",eer,EER,12.0,
trane-symbio-700-precedent-and-axiom-rooftop-wshp-lontalk-scc,e5,Trane,Symbio™ 700 — Precedent® and Axiom™ Rooftop WSHP (LonTalk) · SCC 프로파일 (실내 쾌적 제어),WHJ180,modelNumber,packagedUnit,extracted,PKGP-PRC021C-EN_07152023.pdf,18,"Table 5. General data — 12.5 to 25 tons, high efficiency (WHJ*)",grossCoolingCapacity,냉방능력,182000,Btu/h
trane-symbio-700-precedent-and-axiom-rooftop-wshp-lontalk-scc,e5,Trane,Symbio™ 700 — Precedent® and Axiom™ Rooftop WSHP (LonTalk) · SCC 프로파일 (실내 쾌적 제어),WHJ180,modelNumber,packagedUnit,extracted,PKGP-PRC021C-EN_07152023.pdf,18,"Table 5. General data — 12.5 to 25 tons, high efficiency (WHJ*)",ieer,IEER,17.9,
trane-symbio-700-precedent-and-axiom-rooftop-wshp-lontalk-scc,e5,Trane,Symbio™ 700 — Precedent® and Axiom™ Rooftop WSHP (LonTalk) · SCC 프로파일 (실내 쾌적 제어),WHJ180,modelNumber,packagedUnit,extracted,PKGP-PRC021C-EN_07152023.pdf,18,"Table 5. General data — 12.5 to 25 tons, high efficiency (WHJ*)",ratedAirflow,정격 풍량,6000,CFM
trane-symbio-700-precedent-and-axiom-rooftop-wshp-lontalk-scc,e5,Trane,Symbio™ 700 — Precedent® and Axiom™ Rooftop WSHP (LonTalk) · SCC 프로파일 (실내 쾌적 제어),WHJ180,modelNumber,packagedUnit,extracted,PKGP-PRC021C-EN_07152023.pdf,18,"Table 5. General data — 12.5 to 25 tons, high efficiency (WHJ*)",refrigerantControl,팽창 장치,TXV,
trane-symbio-700-precedent-and-axiom-rooftop-wshp-lontalk-scc,e5,Trane,Symbio™ 700 — Precedent® and Axiom™ Rooftop WSHP (LonTalk) · SCC 프로파일 (실내 쾌적 제어),WHJ180,modelNumber,packagedUnit,extracted,PKGP-PRC021C-EN_07152023.pdf,18,"Table 5. General data — 12.5 to 25 tons, high efficiency (WHJ*)",soundRating,소음 정격,87,dBA
trane-symbio-700-precedent-and-axiom-rooftop-wshp-lontalk-scc,e5,Trane,Symbio™ 700 — Precedent® and Axiom™ Rooftop WSHP (LonTalk) · SCC 프로파일 (실내 쾌적 제어),WHJ180,modelNumber,packagedUnit,extracted,PKGP-PRC021C-EN_07152023.pdf,18,"Table 5. General data — 12.5 to 25 tons, high efficiency (WHJ*)",systemPower,시스템 소비전력,14.83,kW
trane-symbio-700-precedent-and-axiom-rooftop-wshp-lontalk-scc,e5,Trane,Symbio™ 700 — Precedent® and Axiom™ Rooftop WSHP (LonTalk) · SCC 프로파일 (실내 쾌적 제어),WHJ240,modelNumber,packagedUnit,extracted,PKGP-PRC021C-EN_07152023.pdf,18,"Table 5. General data — 12.5 to 25 tons, high efficiency (WHJ*)",ahriNetCoolingCapacity,AHRI 냉방능력,240000,Btu/h
trane-symbio-700-precedent-and-axiom-rooftop-wshp-lontalk-scc,e5,Trane,Symbio™ 700 — Precedent® and Axiom™ Rooftop WSHP (LonTalk) · SCC 프로파일 (실내 쾌적 제어),WHJ240,modelNumber,packagedUnit,extracted,PKGP-PRC021C-EN_07152023.pdf,18,"Table 5. General data — 12.5 to 25 tons, high efficiency (WHJ*)",capacityClass,용량대,20 Tons,
trane-symbio-700-precedent-and-axiom-rooftop-wshp-lontalk-scc,e5,Trane,Symbio™ 700 — Precedent® and Axiom™ Rooftop WSHP (LonTalk) · SCC 프로파일 (실내 쾌적 제어),WHJ240,modelNumber,packagedUnit,extracted,PKGP-PRC021C-EN_07152023.pdf,18,"Table 5. General data — 12.5 to 25 tons, high efficiency (WHJ*)",coilFaceArea,코일 면적,40.05,sq ft
trane-symbio-700-precedent-and-axiom-rooftop-wshp-lontalk-scc,e5,Trane,Symbio™ 700 — Precedent® and Axiom™ Rooftop WSHP (LonTalk) · SCC 프로파일 (실내 쾌적 제어),WHJ240,modelNumber,packagedUnit,extracted,PKGP-PRC021C-EN_07152023.pdf,18,"Table 5. General data — 12.5 to 25 tons, high efficiency (WHJ*)",coilRowsFpi,코일 열수/FPI,3/16,
trane-symbio-700-precedent-and-axiom-rooftop-wshp-lontalk-scc,e5,Trane,Symbio™ 700 — Precedent® and Axiom™ Rooftop WSHP (LonTalk) · SCC 프로파일 (실내 쾌적 제어),WHJ240,modelNumber,packagedUnit,extracted,PKGP-PRC021C-EN_07152023.pdf,18,"Table 5. General data — 12.5 to 25 tons, high efficiency (WHJ*)",eer,EER,11.2,
trane-symbio-700-precedent-and-axiom-rooftop-wshp-lontalk-scc,e5,Trane,Symbio™ 700 — Precedent® and Axiom™ Rooftop WSHP (LonTalk) · SCC 프로파일 (실내 쾌적 제어),WHJ240,modelNumber,packagedUnit,extracted,PKGP-PRC021C-EN_07152023.pdf,18,"Table 5. General data — 12.5 to 25 tons, high efficiency (WHJ*)",grossCoolingCapacity,냉방능력,246000,Btu/h
trane-symbio-700-precedent-and-axiom-rooftop-wshp-lontalk-scc,e5,Trane,Symbio™ 700 — Precedent® and Axiom™ Rooftop WSHP (LonTalk) · SCC 프로파일 (실내 쾌적 제어),WHJ240,modelNumber,packagedUnit,extracted,PKGP-PRC021C-EN_07152023.pdf,18,"Table 5. General data — 12.5 to 25 tons, high efficiency (WHJ*)",ieer,IEER,17.2,
trane-symbio-700-precedent-and-axiom-rooftop-wshp-lontalk-scc,e5,Trane,Symbio™ 700 — Precedent® and Axiom™ Rooftop WSHP (LonTalk) · SCC 프로파일 (실내 쾌적 제어),WHJ240,modelNumber,packagedUnit,extracted,PKGP-PRC021C-EN_07152023.pdf,18,"Table 5. General data — 12.5 to 25 tons, high efficiency (WHJ*)",ratedAirflow,정격 풍량,8000,CFM
trane-symbio-700-precedent-and-axiom-rooftop-wshp-lontalk-scc,e5,Trane,Symbio™ 700 — Precedent® and Axiom™ Rooftop WSHP (LonTalk) · SCC 프로파일 (실내 쾌적 제어),WHJ240,modelNumber,packagedUnit,extracted,PKGP-PRC021C-EN_07152023.pdf,18,"Table 5. General data — 12.5 to 25 tons, high efficiency (WHJ*)",refrigerantControl,팽창 장치,TXV,
trane-symbio-700-precedent-and-axiom-rooftop-wshp-lontalk-scc,e5,Trane,Symbio™ 700 — Precedent® and Axiom™ Rooftop WSHP (LonTalk) · SCC 프로파일 (실내 쾌적 제어),WHJ240,modelNumber,packagedUnit,extracted,PKGP-PRC021C-EN_07152023.pdf,18,"Table 5. General data — 12.5 to 25 tons, high efficiency (WHJ*)",soundRating,소음 정격,93,dBA
trane-symbio-700-precedent-and-axiom-rooftop-wshp-lontalk-scc,e5,Trane,Symbio™ 700 — Precedent® and Axiom™ Rooftop WSHP (LonTalk) · SCC 프로파일 (실내 쾌적 제어),WHJ240,modelNumber,packagedUnit,extracted,PKGP-PRC021C-EN_07152023.pdf,18,"Table 5. General data — 12.5 to 25 tons, high efficiency (WHJ*)",systemPower,시스템 소비전력,21.43,kW
trane-symbio-700-precedent-and-axiom-rooftop-wshp-lontalk-scc,e5,Trane,Symbio™ 700 — Precedent® and Axiom™ Rooftop WSHP (LonTalk) · SCC 프로파일 (실내 쾌적 제어),WHJ300,modelNumber,packagedUnit,extracted,PKGP-PRC021C-EN_07152023.pdf,18,"Table 5. General data — 12.5 to 25 tons, high efficiency (WHJ*)",ahriNetCoolingCapacity,AHRI 냉방능력,262000,Btu/h
trane-symbio-700-precedent-and-axiom-rooftop-wshp-lontalk-scc,e5,Trane,Symbio™ 700 — Precedent® and Axiom™ Rooftop WSHP (LonTalk) · SCC 프로파일 (실내 쾌적 제어),WHJ300,modelNumber,packagedUnit,extracted,PKGP-PRC021C-EN_07152023.pdf,18,"Table 5. General data — 12.5 to 25 tons, high efficiency (WHJ*)",capacityClass,용량대,25 Tons,
trane-symbio-700-precedent-and-axiom-rooftop-wshp-lontalk-scc,e5,Trane,Symbio™ 700 — Precedent® and Axiom™ Rooftop WSHP (LonTalk) · SCC 프로파일 (실내 쾌적 제어),WHJ300,modelNumber,packagedUnit,extracted,PKGP-PRC021C-EN_07152023.pdf,18,"Table 5. General data — 12.5 to 25 tons, high efficiency (WHJ*)",coilFaceArea,코일 면적,40.05,sq ft
trane-symbio-700-precedent-and-axiom-rooftop-wshp-lontalk-scc,e5,Trane,Symbio™ 700 — Precedent® and Axiom™ Rooftop WSHP (LonTalk) · SCC 프로파일 (실내 쾌적 제어),WHJ300,modelNumber,packagedUnit,extracted,PKGP-PRC021C-EN_07152023.pdf,18,"Table 5. General data — 12.5 to 25 tons, high efficiency (WHJ*)",coilRowsFpi,코일 열수/FPI,3/16,
trane-symbio-700-precedent-and-axiom-rooftop-wshp-lontalk-scc,e5,Trane,Symbio™ 700 — Precedent® and Axiom™ Rooftop WSHP (LonTalk) · SCC 프로파일 (실내 쾌적 제어),WHJ300,modelNumber,packagedUnit,extracted,PKGP-PRC021C-EN_07152023.pdf,18,"Table 5. General data — 12.5 to 25 tons, high efficiency (WHJ*)",eer,EER,10.4,
trane-symbio-700-precedent-and-axiom-rooftop-wshp-lontalk-scc,e5,Trane,Symbio™ 700 — Precedent® and Axiom™ Rooftop WSHP (LonTalk) · SCC 프로파일 (실내 쾌적 제어),WHJ300,modelNumber,packagedUnit,extracted,PKGP-PRC021C-EN_07152023.pdf,18,"Table 5. General data — 12.5 to 25 tons, high efficiency (WHJ*)",grossCoolingCapacity,냉방능력,272000,Btu/h
trane-symbio-700-precedent-and-axiom-rooftop-wshp-lontalk-scc,e5,Trane,Symbio™ 700 — Precedent® and Axiom™ Rooftop WSHP (LonTalk) · SCC 프로파일 (실내 쾌적 제어),WHJ300,modelNumber,packagedUnit,extracted,PKGP-PRC021C-EN_07152023.pdf,18,"Table 5. General data — 12.5 to 25 tons, high efficiency (WHJ*)",ieer,IEER,16.1,
trane-symbio-700-precedent-and-axiom-rooftop-wshp-lontalk-scc,e5,Trane,Symbio™ 700 — Precedent® and Axiom™ Rooftop WSHP (LonTalk) · SCC 프로파일 (실내 쾌적 제어),WHJ300,modelNumber,packagedUnit,extracted,PKGP-PRC021C-EN_07152023.pdf,18,"Table 5. General data — 12.5 to 25 tons, high efficiency (WHJ*)",ratedAirflow,정격 풍량,10000,CFM
trane-symbio-700-precedent-and-axiom-rooftop-wshp-lontalk-scc,e5,Trane,Symbio™ 700 — Precedent® and Axiom™ Rooftop WSHP (LonTalk) · SCC 프로파일 (실내 쾌적 제어),WHJ300,modelNumber,packagedUnit,extracted,PKGP-PRC021C-EN_07152023.pdf,18,"Table 5. General data — 12.5 to 25 tons, high efficiency (WHJ*)",refrigerantControl,팽창 장치,TXV,
trane-symbio-700-precedent-and-axiom-rooftop-wshp-lontalk-scc,e5,Trane,Symbio™ 700 — Precedent® and Axiom™ Rooftop WSHP (LonTalk) · SCC 프로파일 (실내 쾌적 제어),WHJ300,modelNumber,packagedUnit,extracted,PKGP-PRC021C-EN_07152023.pdf,18,"Table 5. General data — 12.5 to 25 tons, high efficiency (WHJ*)",soundRating,소음 정격,93,dBA
trane-symbio-700-precedent-and-axiom-rooftop-wshp-lontalk-scc,e5,Trane,Symbio™ 700 — Precedent® and Axiom™ Rooftop WSHP (LonTalk) · SCC 프로파일 (실내 쾌적 제어),WHJ300,modelNumber,packagedUnit,extracted,PKGP-PRC021C-EN_07152023.pdf,18,"Table 5. General data — 12.5 to 25 tons, high efficiency (WHJ*)",systemPower,시스템 소비전력,25.19,kW
trane-symbio-700-precedent-and-axiom-rooftop-wshp-lontalk-scc,e5,Trane,Symbio™ 700 — Precedent® and Axiom™ Rooftop WSHP (LonTalk) · SCC 프로파일 (실내 쾌적 제어),DHJ150,modelNumber,packagedUnit,extracted,PKGP-PRC021C-EN_07152023.pdf,19,"Table 6. General data — 12.5 to 25 tons, high efficiency (DHJ*)",ahriNetCoolingCapacity,AHRI 냉방능력,152000,Btu/h
trane-symbio-700-precedent-and-axiom-rooftop-wshp-lontalk-scc,e5,Trane,Symbio™ 700 — Precedent® and Axiom™ Rooftop WSHP (LonTalk) · SCC 프로파일 (실내 쾌적 제어),DHJ150,modelNumber,packagedUnit,extracted,PKGP-PRC021C-EN_07152023.pdf,19,"Table 6. General data — 12.5 to 25 tons, high efficiency (DHJ*)",capacityClass,용량대,12.5 Tons,
trane-symbio-700-precedent-and-axiom-rooftop-wshp-lontalk-scc,e5,Trane,Symbio™ 700 — Precedent® and Axiom™ Rooftop WSHP (LonTalk) · SCC 프로파일 (실내 쾌적 제어),DHJ150,modelNumber,packagedUnit,extracted,PKGP-PRC021C-EN_07152023.pdf,19,"Table 6. General data — 12.5 to 25 tons, high efficiency (DHJ*)",eer,EER,12.2,
trane-symbio-700-precedent-and-axiom-rooftop-wshp-lontalk-scc,e5,Trane,Symbio™ 700 — Precedent® and Axiom™ Rooftop WSHP (LonTalk) · SCC 프로파일 (실내 쾌적 제어),DHJ150,modelNumber,packagedUnit,extracted,PKGP-PRC021C-EN_07152023.pdf,19,"Table 6. General data — 12.5 to 25 tons, high efficiency (DHJ*)",grossCoolingCapacity,냉방능력,154000,Btu/h
trane-symbio-700-precedent-and-axiom-rooftop-wshp-lontalk-scc,e5,Trane,Symbio™ 700 — Precedent® and Axiom™ Rooftop WSHP (LonTalk) · SCC 프로파일 (실내 쾌적 제어),DHJ150,modelNumber,packagedUnit,extracted,PKGP-PRC021C-EN_07152023.pdf,19,"Table 6. General data — 12.5 to 25 tons, high efficiency (DHJ*)",ieer,IEER,17.6,
trane-symbio-700-precedent-and-axiom-rooftop-wshp-lontalk-scc,e5,Trane,Symbio™ 700 — Precedent® and Axiom™ Rooftop WSHP (LonTalk) · SCC 프로파일 (실내 쾌적 제어),DHJ150,modelNumber,packagedUnit,extracted,PKGP-PRC021C-EN_07152023.pdf,19,"Table 6. General data — 12.5 to 25 tons, high efficiency (DHJ*)",ratedAirflow,정격 풍량,5000,CFM
trane-symbio-700-precedent-and-axiom-rooftop-wshp-lontalk-scc,e5,Trane,Symbio™ 700 — Precedent® and Axiom™ Rooftop WSHP (LonTalk) · SCC 프로파일 (실내 쾌적 제어),DHJ150,modelNumber,packagedUnit,extracted,PKGP-PRC021C-EN_07152023.pdf,19,"Table 6. General data — 12.5 to 25 tons, high efficiency (DHJ*)",systemPower,시스템 소비전력,12.45,kW
trane-symbio-700-precedent-and-axiom-rooftop-wshp-lontalk-scc,e5,Trane,Symbio™ 700 — Precedent® and Axiom™ Rooftop WSHP (LonTalk) · SCC 프로파일 (실내 쾌적 제어),DHJ180,modelNumber,packagedUnit,extracted,PKGP-PRC021C-EN_07152023.pdf,19,"Table 6. General data — 12.5 to 25 tons, high efficiency (DHJ*)",ahriNetCoolingCapacity,AHRI 냉방능력,178000,Btu/h
trane-symbio-700-precedent-and-axiom-rooftop-wshp-lontalk-scc,e5,Trane,Symbio™ 700 — Precedent® and Axiom™ Rooftop WSHP (LonTalk) · SCC 프로파일 (실내 쾌적 제어),DHJ180,modelNumber,packagedUnit,extracted,PKGP-PRC021C-EN_07152023.pdf,19,"Table 6. General data — 12.5 to 25 tons, high efficiency (DHJ*)",capacityClass,용량대,15 Tons,
trane-symbio-700-precedent-and-axiom-rooftop-wshp-lontalk-scc,e5,Trane,Symbio™ 700 — Precedent® and Axiom™ Rooftop WSHP (LonTalk) · SCC 프로파일 (실내 쾌적 제어),DHJ180,modelNumber,packagedUnit,extracted,PKGP-PRC021C-EN_07152023.pdf,19,"Table 6. General data — 12.5 to 25 tons, high efficiency (DHJ*)",eer,EER,11.8,
trane-symbio-700-precedent-and-axiom-rooftop-wshp-lontalk-scc,e5,Trane,Symbio™ 700 — Precedent® and Axiom™ Rooftop WSHP (LonTalk) · SCC 프로파일 (실내 쾌적 제어),DHJ180,modelNumber,packagedUnit,extracted,PKGP-PRC021C-EN_07152023.pdf,19,"Table 6. General data — 12.5 to 25 tons, high efficiency (DHJ*)",grossCoolingCapacity,냉방능력,182000,Btu/h
trane-symbio-700-precedent-and-axiom-rooftop-wshp-lontalk-scc,e5,Trane,Symbio™ 700 — Precedent® and Axiom™ Rooftop WSHP (LonTalk) · SCC 프로파일 (실내 쾌적 제어),DHJ180,modelNumber,packagedUnit,extracted,PKGP-PRC021C-EN_07152023.pdf,19,"Table 6. General data — 12.5 to 25 tons, high efficiency (DHJ*)",ieer,IEER,17.7,
trane-symbio-700-precedent-and-axiom-rooftop-wshp-lontalk-scc,e5,Trane,Symbio™ 700 — Precedent® and Axiom™ Rooftop WSHP (LonTalk) · SCC 프로파일 (실내 쾌적 제어),DHJ180,modelNumber,packagedUnit,extracted,PKGP-PRC021C-EN_07152023.pdf,19,"Table 6. General data — 12.5 to 25 tons, high efficiency (DHJ*)",ratedAirflow,정격 풍량,6000,CFM
trane-symbio-700-precedent-and-axiom-rooftop-wshp-lontalk-scc,e5,Trane,Symbio™ 700 — Precedent® and Axiom™ Rooftop WSHP (LonTalk) · SCC 프로파일 (실내 쾌적 제어),DHJ180,modelNumber,packagedUnit,extracted,PKGP-PRC021C-EN_07152023.pdf,19,"Table 6. General data — 12.5 to 25 tons, high efficiency (DHJ*)",systemPower,시스템 소비전력,14.83,kW
trane-symbio-700-precedent-and-axiom-rooftop-wshp-lontalk-scc,e5,Trane,Symbio™ 700 — Precedent® and Axiom™ Rooftop WSHP (LonTalk) · SCC 프로파일 (실내 쾌적 제어),DHJ240,modelNumber,packagedUnit,extracted,PKGP-PRC021C-EN_07152023.pdf,19,"Table 6. General data — 12.5 to 25 tons, high efficiency (DHJ*)",ahriNetCoolingCapacity,AHRI 냉방능력,240000,Btu/h
trane-symbio-700-precedent-and-axiom-rooftop-wshp-lontalk-scc,e5,Trane,Symbio™ 700 — Precedent® and Axiom™ Rooftop WSHP (LonTalk) · SCC 프로파일 (실내 쾌적 제어),DHJ240,modelNumber,packagedUnit,extracted,PKGP-PRC021C-EN_07152023.pdf,19,"Table 6. General data — 12.5 to 25 tons, high efficiency (DHJ*)",capacityClass,용량대,20 Tons,
trane-symbio-700-precedent-and-axiom-rooftop-wshp-lontalk-scc,e5,Trane,Symbio™ 700 — Precedent® and Axiom™ Rooftop WSHP (LonTalk) · SCC 프로파일 (실내 쾌적 제어),DHJ240,modelNumber,packagedUnit,extracted,PKGP-PRC021C-EN_07152023.pdf,19,"Table 6. General data — 12.5 to 25 tons, high efficiency (DHJ*)",eer,EER,11.0,
trane-symbio-700-precedent-and-axiom-rooftop-wshp-lontalk-scc,e5,Trane,Symbio™ 700 — Precedent® and Axiom™ Rooftop WSHP (LonTalk) · SCC 프로파일 (실내 쾌적 제어),DHJ240,modelNumber,packagedUnit,extracted,PKGP-PRC021C-EN_07152023.pdf,19,"Table 6. General data — 12.5 to 25 tons, high efficiency (DHJ*)",grossCoolingCapacity,냉방능력,246000,Btu/h
trane-symbio-700-precedent-and-axiom-rooftop-wshp-lontalk-scc,e5,Trane,Symbio™ 700 — Precedent® and Axiom™ Rooftop WSHP (LonTalk) · SCC 프로파일 (실내 쾌적 제어),DHJ240,modelNumber,packagedUnit,extracted,PKGP-PRC021C-EN_07152023.pdf,19,"Table 6. General data — 12.5 to 25 tons, high efficiency (DHJ*)",ieer,IEER,17.0,
trane-symbio-700-precedent-and-axiom-rooftop-wshp-lontalk-scc,e5,Trane,Symbio™ 700 — Precedent® and Axiom™ Rooftop WSHP (LonTalk) · SCC 프로파일 (실내 쾌적 제어),DHJ240,modelNumber,packagedUnit,extracted,PKGP-PRC021C-EN_07152023.pdf,19,"Table 6. General data — 12.5 to 25 tons, high efficiency (DHJ*)",ratedAirflow,정격 풍량,8000,CFM
trane-symbio-700-precedent-and-axiom-rooftop-wshp-lontalk-scc,e5,Trane,Symbio™ 700 — Precedent® and Axiom™ Rooftop WSHP (LonTalk) · SCC 프로파일 (실내 쾌적 제어),DHJ240,modelNumber,packagedUnit,extracted,PKGP-PRC021C-EN_07152023.pdf,19,"Table 6. General data — 12.5 to 25 tons, high efficiency (DHJ*)",systemPower,시스템 소비전력,21.81,kW
trane-symbio-700-precedent-and-axiom-rooftop-wshp-lontalk-scc,e5,Trane,Symbio™ 700 — Precedent® and Axiom™ Rooftop WSHP (LonTalk) · SCC 프로파일 (실내 쾌적 제어),DHJ300,modelNumber,packagedUnit,extracted,PKGP-PRC021C-EN_07152023.pdf,19,"Table 6. General data — 12.5 to 25 tons, high efficiency (DHJ*)",ahriNetCoolingCapacity,AHRI 냉방능력,260000,Btu/h
trane-symbio-700-precedent-and-axiom-rooftop-wshp-lontalk-scc,e5,Trane,Symbio™ 700 — Precedent® and Axiom™ Rooftop WSHP (LonTalk) · SCC 프로파일 (실내 쾌적 제어),DHJ300,modelNumber,packagedUnit,extracted,PKGP-PRC021C-EN_07152023.pdf,19,"Table 6. General data — 12.5 to 25 tons, high efficiency (DHJ*)",capacityClass,용량대,25 Tons,
trane-symbio-700-precedent-and-axiom-rooftop-wshp-lontalk-scc,e5,Trane,Symbio™ 700 — Precedent® and Axiom™ Rooftop WSHP (LonTalk) · SCC 프로파일 (실내 쾌적 제어),DHJ300,modelNumber,packagedUnit,extracted,PKGP-PRC021C-EN_07152023.pdf,19,"Table 6. General data — 12.5 to 25 tons, high efficiency (DHJ*)",eer,EER,10.2,
trane-symbio-700-precedent-and-axiom-rooftop-wshp-lontalk-scc,e5,Trane,Symbio™ 700 — Precedent® and Axiom™ Rooftop WSHP (LonTalk) · SCC 프로파일 (실내 쾌적 제어),DHJ300,modelNumber,packagedUnit,extracted,PKGP-PRC021C-EN_07152023.pdf,19,"Table 6. General data — 12.5 to 25 tons, high efficiency (DHJ*)",grossCoolingCapacity,냉방능력,272000,Btu/h
trane-symbio-700-precedent-and-axiom-rooftop-wshp-lontalk-scc,e5,Trane,Symbio™ 700 — Precedent® and Axiom™ Rooftop WSHP (LonTalk) · SCC 프로파일 (실내 쾌적 제어),DHJ300,modelNumber,packagedUnit,extracted,PKGP-PRC021C-EN_07152023.pdf,19,"Table 6. General data — 12.5 to 25 tons, high efficiency (DHJ*)",ieer,IEER,15.9,
trane-symbio-700-precedent-and-axiom-rooftop-wshp-lontalk-scc,e5,Trane,Symbio™ 700 — Precedent® and Axiom™ Rooftop WSHP (LonTalk) · SCC 프로파일 (실내 쾌적 제어),DHJ300,modelNumber,packagedUnit,extracted,PKGP-PRC021C-EN_07152023.pdf,19,"Table 6. General data — 12.5 to 25 tons, high efficiency (DHJ*)",ratedAirflow,정격 풍량,10000,CFM
trane-symbio-700-precedent-and-axiom-rooftop-wshp-lontalk-scc,e5,Trane,Symbio™ 700 — Precedent® and Axiom™ Rooftop WSHP (LonTalk) · SCC 프로파일 (실내 쾌적 제어),DHJ300,modelNumber,packagedUnit,extracted,PKGP-PRC021C-EN_07152023.pdf,19,"Table 6. General data — 12.5 to 25 tons, high efficiency (DHJ*)",systemPower,시스템 소비전력,25.49,kW
trane-symbio-800-intellicore-split-system-rauk-bacnet,e5,Trane,Symbio™ 800 — IntelliCore™ Split System (RAUK) (BACnet),RAUJ 20 Ton,capacityClass,condensingUnit,extracted,SS-PRC030L-EN_07092021.pdf,14,Table 1. General data — RAUJ condensing units,capacityClass,용량대,20 Tons,
trane-symbio-800-intellicore-split-system-rauk-bacnet,e5,Trane,Symbio™ 800 — IntelliCore™ Split System (RAUK) (BACnet),RAUJ 20 Ton,capacityClass,condensingUnit,extracted,SS-PRC030L-EN_07092021.pdf,14,Table 1. General data — RAUJ condensing units,capacitySteps,용량 단계,100-50,%
trane-symbio-800-intellicore-split-system-rauk-bacnet,e5,Trane,Symbio™ 800 — IntelliCore™ Split System (RAUK) (BACnet),RAUJ 20 Ton,capacityClass,condensingUnit,extracted,SS-PRC030L-EN_07092021.pdf,14,Table 1. General data — RAUJ condensing units,compressorConfig,압축기 구성,10-10,Tons
trane-symbio-800-intellicore-split-system-rauk-bacnet,e5,Trane,Symbio™ 800 — IntelliCore™ Split System (RAUK) (BACnet),RAUJ 20 Ton,capacityClass,condensingUnit,extracted,SS-PRC030L-EN_07092021.pdf,14,Table 1. General data — RAUJ condensing units,condenserAirflow,응축 풍량,14600,CFM
trane-symbio-800-intellicore-split-system-rauk-bacnet,e5,Trane,Symbio™ 800 — IntelliCore™ Split System (RAUK) (BACnet),RAUJ 20 Ton,capacityClass,condensingUnit,extracted,SS-PRC030L-EN_07092021.pdf,14,Table 1. General data — RAUJ condensing units,refrigerantCircuits,냉매 회로,1,
trane-symbio-800-intellicore-split-system-rauk-bacnet,e5,Trane,Symbio™ 800 — IntelliCore™ Split System (RAUK) (BACnet),RAUJ 25 Ton,capacityClass,condensingUnit,extracted,SS-PRC030L-EN_07092021.pdf,14,Table 1. General data — RAUJ condensing units,capacityClass,용량대,25 Tons,
trane-symbio-800-intellicore-split-system-rauk-bacnet,e5,Trane,Symbio™ 800 — IntelliCore™ Split System (RAUK) (BACnet),RAUJ 25 Ton,capacityClass,condensingUnit,extracted,SS-PRC030L-EN_07092021.pdf,14,Table 1. General data — RAUJ condensing units,capacitySteps,용량 단계,100-42,%
trane-symbio-800-intellicore-split-system-rauk-bacnet,e5,Trane,Symbio™ 800 — IntelliCore™ Split System (RAUK) (BACnet),RAUJ 25 Ton,capacityClass,condensingUnit,extracted,SS-PRC030L-EN_07092021.pdf,14,Table 1. General data — RAUJ condensing units,compressorConfig,압축기 구성,10-13.5,Tons
trane-symbio-800-intellicore-split-system-rauk-bacnet,e5,Trane,Symbio™ 800 — IntelliCore™ Split System (RAUK) (BACnet),RAUJ 25 Ton,capacityClass,condensingUnit,extracted,SS-PRC030L-EN_07092021.pdf,14,Table 1. General data — RAUJ condensing units,condenserAirflow,응축 풍량,20700,CFM
trane-symbio-800-intellicore-split-system-rauk-bacnet,e5,Trane,Symbio™ 800 — IntelliCore™ Split System (RAUK) (BACnet),RAUJ 25 Ton,capacityClass,condensingUnit,extracted,SS-PRC030L-EN_07092021.pdf,14,Table 1. General data — RAUJ condensing units,refrigerantCircuits,냉매 회로,1,
trane-symbio-800-intellicore-split-system-rauk-bacnet,e5,Trane,Symbio™ 800 — IntelliCore™ Split System (RAUK) (BACnet),RAUJ 30 Ton,capacityClass,condensingUnit,extracted,SS-PRC030L-EN_07092021.pdf,14,Table 1. General data — RAUJ condensing units,capacityClass,용량대,30 Tons,
trane-symbio-800-intellicore-split-system-rauk-bacnet,e5,Trane,Symbio™ 800 — IntelliCore™ Split System (RAUK) (BACnet),RAUJ 30 Ton,capacityClass,condensingUnit,extracted,SS-PRC030L-EN_07092021.pdf,14,Table 1. General data — RAUJ condensing units,capacitySteps,용량 단계,100-50,%
trane-symbio-800-intellicore-split-system-rauk-bacnet,e5,Trane,Symbio™ 800 — IntelliCore™ Split System (RAUK) (BACnet),RAUJ 30 Ton,capacityClass,condensingUnit,extracted,SS-PRC030L-EN_07092021.pdf,14,Table 1. General data — RAUJ condensing units,compressorConfig,압축기 구성,15-15,Tons
trane-symbio-800-intellicore-split-system-rauk-bacnet,e5,Trane,Symbio™ 800 — IntelliCore™ Split System (RAUK) (BACnet),RAUJ 30 Ton,capacityClass,condensingUnit,extracted,SS-PRC030L-EN_07092021.pdf,14,Table 1. General data — RAUJ condensing units,condenserAirflow,응축 풍량,20700,CFM
trane-symbio-800-intellicore-split-system-rauk-bacnet,e5,Trane,Symbio™ 800 — IntelliCore™ Split System (RAUK) (BACnet),RAUJ 30 Ton,capacityClass,condensingUnit,extracted,SS-PRC030L-EN_07092021.pdf,14,Table 1. General data — RAUJ condensing units,refrigerantCircuits,냉매 회로,1,
trane-symbio-800-intellicore-split-system-rauk-bacnet,e5,Trane,Symbio™ 800 — IntelliCore™ Split System (RAUK) (BACnet),RAUJ 40 Ton,capacityClass,condensingUnit,extracted,SS-PRC030L-EN_07092021.pdf,14,Table 1. General data — RAUJ condensing units,capacityClass,용량대,40 Tons,
trane-symbio-800-intellicore-split-system-rauk-bacnet,e5,Trane,Symbio™ 800 — IntelliCore™ Split System (RAUK) (BACnet),RAUJ 40 Ton,capacityClass,condensingUnit,extracted,SS-PRC030L-EN_07092021.pdf,14,Table 1. General data — RAUJ condensing units,capacitySteps,용량 단계,100-75- 50-25,%
trane-symbio-800-intellicore-split-system-rauk-bacnet,e5,Trane,Symbio™ 800 — IntelliCore™ Split System (RAUK) (BACnet),RAUJ 40 Ton,capacityClass,condensingUnit,extracted,SS-PRC030L-EN_07092021.pdf,14,Table 1. General data — RAUJ condensing units,compressorConfig,압축기 구성,10-10,Tons
trane-symbio-800-intellicore-split-system-rauk-bacnet,e5,Trane,Symbio™ 800 — IntelliCore™ Split System (RAUK) (BACnet),RAUJ 40 Ton,capacityClass,condensingUnit,extracted,SS-PRC030L-EN_07092021.pdf,14,Table 1. General data — RAUJ condensing units,condenserAirflow,응축 풍량,26790,CFM
trane-symbio-800-intellicore-split-system-rauk-bacnet,e5,Trane,Symbio™ 800 — IntelliCore™ Split System (RAUK) (BACnet),RAUJ 40 Ton,capacityClass,condensingUnit,extracted,SS-PRC030L-EN_07092021.pdf,14,Table 1. General data — RAUJ condensing units,refrigerantCircuits,냉매 회로,2,
trane-symbio-800-intellicore-split-system-rauk-bacnet,e5,Trane,Symbio™ 800 — IntelliCore™ Split System (RAUK) (BACnet),RAUJ 50 Ton,capacityClass,condensingUnit,extracted,SS-PRC030L-EN_07092021.pdf,14,Table 1. General data — RAUJ condensing units,capacityClass,용량대,50 Tons,
trane-symbio-800-intellicore-split-system-rauk-bacnet,e5,Trane,Symbio™ 800 — IntelliCore™ Split System (RAUK) (BACnet),RAUJ 50 Ton,capacityClass,condensingUnit,extracted,SS-PRC030L-EN_07092021.pdf,14,Table 1. General data — RAUJ condensing units,capacitySteps,용량 단계,100-73- 46-23,%
trane-symbio-800-intellicore-split-system-rauk-bacnet,e5,Trane,Symbio™ 800 — IntelliCore™ Split System (RAUK) (BACnet),RAUJ 50 Ton,capacityClass,condensingUnit,extracted,SS-PRC030L-EN_07092021.pdf,14,Table 1. General data — RAUJ condensing units,compressorConfig,압축기 구성,11.5- 13.5,Tons
trane-symbio-800-intellicore-split-system-rauk-bacnet,e5,Trane,Symbio™ 800 — IntelliCore™ Split System (RAUK) (BACnet),RAUJ 50 Ton,capacityClass,condensingUnit,extracted,SS-PRC030L-EN_07092021.pdf,14,Table 1. General data — RAUJ condensing units,condenserAirflow,응축 풍량,36890,CFM
trane-symbio-800-intellicore-split-system-rauk-bacnet,e5,Trane,Symbio™ 800 — IntelliCore™ Split System (RAUK) (BACnet),RAUJ 50 Ton,capacityClass,condensingUnit,extracted,SS-PRC030L-EN_07092021.pdf,14,Table 1. General data — RAUJ condensing units,refrigerantCircuits,냉매 회로,2,
trane-symbio-800-intellicore-split-system-rauk-bacnet,e5,Trane,Symbio™ 800 — IntelliCore™ Split System (RAUK) (BACnet),RAUJ 60 Ton,capacityClass,condensingUnit,extracted,SS-PRC030L-EN_07092021.pdf,14,Table 1. General data — RAUJ condensing units,capacityClass,용량대,60 Tons,
trane-symbio-800-intellicore-split-system-rauk-bacnet,e5,Trane,Symbio™ 800 — IntelliCore™ Split System (RAUK) (BACnet),RAUJ 60 Ton,capacityClass,condensingUnit,extracted,SS-PRC030L-EN_07092021.pdf,14,Table 1. General data — RAUJ condensing units,capacitySteps,용량 단계,100-75- 50-25,%
trane-symbio-800-intellicore-split-system-rauk-bacnet,e5,Trane,Symbio™ 800 — IntelliCore™ Split System (RAUK) (BACnet),RAUJ 60 Ton,capacityClass,condensingUnit,extracted,SS-PRC030L-EN_07092021.pdf,14,Table 1. General data — RAUJ condensing units,compressorConfig,압축기 구성,15-15,Tons
trane-symbio-800-intellicore-split-system-rauk-bacnet,e5,Trane,Symbio™ 800 — IntelliCore™ Split System (RAUK) (BACnet),RAUJ 60 Ton,capacityClass,condensingUnit,extracted,SS-PRC030L-EN_07092021.pdf,14,Table 1. General data — RAUJ condensing units,condenserAirflow,응축 풍량,40490,CFM
trane-symbio-800-intellicore-split-system-rauk-bacnet,e5,Trane,Symbio™ 800 — IntelliCore™ Split System (RAUK) (BACnet),RAUJ 60 Ton,capacityClass,condensingUnit,extracted,SS-PRC030L-EN_07092021.pdf,14,Table 1. General data — RAUJ condensing units,refrigerantCircuits,냉매 회로,2,
trane-symbio-800-intellicore-split-system-rauk-bacnet,e5,Trane,Symbio™ 800 — IntelliCore™ Split System (RAUK) (BACnet),RAUJ 80 Ton,capacityClass,condensingUnit,extracted,SS-PRC030L-EN_07092021.pdf,14,Table 1. General data — RAUJ condensing units,capacityClass,용량대,80 Tons,
trane-symbio-800-intellicore-split-system-rauk-bacnet,e5,Trane,Symbio™ 800 — IntelliCore™ Split System (RAUK) (BACnet),RAUJ 80 Ton,capacityClass,condensingUnit,extracted,SS-PRC030L-EN_07092021.pdf,14,Table 1. General data — RAUJ condensing units,capacitySteps,용량 단계,100-83- 66-50- 33-17,%
trane-symbio-800-intellicore-split-system-rauk-bacnet,e5,Trane,Symbio™ 800 — IntelliCore™ Split System (RAUK) (BACnet),RAUJ 80 Ton,capacityClass,condensingUnit,extracted,SS-PRC030L-EN_07092021.pdf,14,Table 1. General data — RAUJ condensing units,compressorConfig,압축기 구성,15-15- 15,Tons
trane-symbio-800-intellicore-split-system-rauk-bacnet,e5,Trane,Symbio™ 800 — IntelliCore™ Split System (RAUK) (BACnet),RAUJ 80 Ton,capacityClass,condensingUnit,extracted,SS-PRC030L-EN_07092021.pdf,14,Table 1. General data — RAUJ condensing units,condenserAirflow,응축 풍량,56490,CFM
trane-symbio-800-intellicore-split-system-rauk-bacnet,e5,Trane,Symbio™ 800 — IntelliCore™ Split System (RAUK) (BACnet),RAUJ 80 Ton,capacityClass,condensingUnit,extracted,SS-PRC030L-EN_07092021.pdf,14,Table 1. General data — RAUJ condensing units,refrigerantCircuits,냉매 회로,2,
trane-symbio-800-intellicore-split-system-rauk-bacnet,e5,Trane,Symbio™ 800 — IntelliCore™ Split System (RAUK) (BACnet),RAUJ 100 Ton,capacityClass,condensingUnit,extracted,SS-PRC030L-EN_07092021.pdf,14,Table 1. General data — RAUJ condensing units,capacityClass,용량대,100 Tons,
trane-symbio-800-intellicore-split-system-rauk-bacnet,e5,Trane,Symbio™ 800 — IntelliCore™ Split System (RAUK) (BACnet),RAUJ 100 Ton,capacityClass,condensingUnit,extracted,SS-PRC030L-EN_07092021.pdf,14,Table 1. General data — RAUJ condensing units,capacitySteps,용량 단계,100-80- 60-45- 30-15,%
trane-symbio-800-intellicore-split-system-rauk-bacnet,e5,Trane,Symbio™ 800 — IntelliCore™ Split System (RAUK) (BACnet),RAUJ 100 Ton,capacityClass,condensingUnit,extracted,SS-PRC030L-EN_07092021.pdf,14,Table 1. General data — RAUJ condensing units,compressorConfig,압축기 구성,15-15- 20,Tons
trane-symbio-800-intellicore-split-system-rauk-bacnet,e5,Trane,Symbio™ 800 — IntelliCore™ Split System (RAUK) (BACnet),RAUJ 100 Ton,capacityClass,condensingUnit,extracted,SS-PRC030L-EN_07092021.pdf,14,Table 1. General data — RAUJ condensing units,condenserAirflow,응축 풍량,73890,CFM
trane-symbio-800-intellicore-split-system-rauk-bacnet,e5,Trane,Symbio™ 800 — IntelliCore™ Split System (RAUK) (BACnet),RAUJ 100 Ton,capacityClass,condensingUnit,extracted,SS-PRC030L-EN_07092021.pdf,14,Table 1. General data — RAUJ condensing units,refrigerantCircuits,냉매 회로,2,
trane-symbio-800-intellicore-split-system-rauk-bacnet,e5,Trane,Symbio™ 800 — IntelliCore™ Split System (RAUK) (BACnet),RAUJ 120 Ton,capacityClass,condensingUnit,extracted,SS-PRC030L-EN_07092021.pdf,14,Table 1. General data — RAUJ condensing units,capacityClass,용량대,120 Tons,
trane-symbio-800-intellicore-split-system-rauk-bacnet,e5,Trane,Symbio™ 800 — IntelliCore™ Split System (RAUK) (BACnet),RAUJ 120 Ton,capacityClass,condensingUnit,extracted,SS-PRC030L-EN_07092021.pdf,14,Table 1. General data — RAUJ condensing units,capacitySteps,용량 단계,100-83- 66-50- 33-17,%
trane-symbio-800-intellicore-split-system-rauk-bacnet,e5,Trane,Symbio™ 800 — IntelliCore™ Split System (RAUK) (BACnet),RAUJ 120 Ton,capacityClass,condensingUnit,extracted,SS-PRC030L-EN_07092021.pdf,14,Table 1. General data — RAUJ condensing units,compressorConfig,압축기 구성,20-20- 20,Tons
trane-symbio-800-intellicore-split-system-rauk-bacnet,e5,Trane,Symbio™ 800 — IntelliCore™ Split System (RAUK) (BACnet),RAUJ 120 Ton,capacityClass,condensingUnit,extracted,SS-PRC030L-EN_07092021.pdf,14,Table 1. General data — RAUJ condensing units,condenserAirflow,응축 풍량,76280,CFM
trane-symbio-800-intellicore-split-system-rauk-bacnet,e5,Trane,Symbio™ 800 — IntelliCore™ Split System (RAUK) (BACnet),RAUJ 120 Ton,capacityClass,condensingUnit,extracted,SS-PRC030L-EN_07092021.pdf,14,Table 1. General data — RAUJ condensing units,refrigerantCircuits,냉매 회로,2,
trane-symbio-800-intellipak-lontalk-dac,e5,Trane,Symbio™ 800 — IntelliPak (LonTalk) · DAC 프로파일 (급기 제어),IntelliPak 20 Ton,capacityClass,packagedUnit,extracted,RT-PRC086F-EN_05282020.pdf,15,Table 1. General data — 20 to 50 ton,capacityClass,용량대,20 Tons,
trane-symbio-800-intellipak-lontalk-dac,e5,Trane,Symbio™ 800 — IntelliPak (LonTalk) · DAC 프로파일 (급기 제어),IntelliPak 20 Ton,capacityClass,packagedUnit,extracted,RT-PRC086F-EN_05282020.pdf,15,Table 1. General data — 20 to 50 ton,capacitySteps,용량 단계,100/75/38/25,%
trane-symbio-800-intellipak-lontalk-dac,e5,Trane,Symbio™ 800 — IntelliPak (LonTalk) · DAC 프로파일 (급기 제어),IntelliPak 20 Ton,capacityClass,packagedUnit,extracted,RT-PRC086F-EN_05282020.pdf,15,Table 1. General data — 20 to 50 ton,compressorConfig,압축기 구성,"1/5, 2/7.5",
trane-symbio-800-intellipak-lontalk-dac,e5,Trane,Symbio™ 800 — IntelliPak (LonTalk) · DAC 프로파일 (급기 제어),IntelliPak 20 Ton,capacityClass,packagedUnit,extracted,RT-PRC086F-EN_05282020.pdf,15,Table 1. General data — 20 to 50 ton,condenserFans,응축 팬,"2/30""/Prop",
trane-symbio-800-intellipak-lontalk-dac,e5,Trane,Symbio™ 800 — IntelliPak (LonTalk) · DAC 프로파일 (급기 제어),IntelliPak 20 Ton,capacityClass,packagedUnit,extracted,RT-PRC086F-EN_05282020.pdf,15,Table 1. General data — 20 to 50 ton,ratedAirflow,정격 풍량,"4,000 - 9,000",CFM
trane-symbio-800-intellipak-lontalk-dac,e5,Trane,Symbio™ 800 — IntelliPak (LonTalk) · DAC 프로파일 (급기 제어),IntelliPak 20 Ton,capacityClass,packagedUnit,extracted,RT-PRC086F-EN_05282020.pdf,15,Table 1. General data — 20 to 50 ton,refrigerantCircuits,냉매 회로,1,
trane-symbio-800-intellipak-lontalk-dac,e5,Trane,Symbio™ 800 — IntelliPak (LonTalk) · DAC 프로파일 (급기 제어),IntelliPak 25 Ton,capacityClass,packagedUnit,extracted,RT-PRC086F-EN_05282020.pdf,15,Table 1. General data — 20 to 50 ton,capacityClass,용량대,25 Tons,
trane-symbio-800-intellipak-lontalk-dac,e5,Trane,Symbio™ 800 — IntelliPak (LonTalk) · DAC 프로파일 (급기 제어),IntelliPak 25 Ton,capacityClass,packagedUnit,extracted,RT-PRC086F-EN_05282020.pdf,15,Table 1. General data — 20 to 50 ton,capacitySteps,용량 단계,100/63/25,%
trane-symbio-800-intellipak-lontalk-dac,e5,Trane,Symbio™ 800 — IntelliPak (LonTalk) · DAC 프로파일 (급기 제어),IntelliPak 25 Ton,capacityClass,packagedUnit,extracted,RT-PRC086F-EN_05282020.pdf,15,Table 1. General data — 20 to 50 ton,compressorConfig,압축기 구성,"1/6, 2/9",
trane-symbio-800-intellipak-lontalk-dac,e5,Trane,Symbio™ 800 — IntelliPak (LonTalk) · DAC 프로파일 (급기 제어),IntelliPak 25 Ton,capacityClass,packagedUnit,extracted,RT-PRC086F-EN_05282020.pdf,15,Table 1. General data — 20 to 50 ton,condenserFans,응축 팬,"2/30""/Prop",
trane-symbio-800-intellipak-lontalk-dac,e5,Trane,Symbio™ 800 — IntelliPak (LonTalk) · DAC 프로파일 (급기 제어),IntelliPak 25 Ton,capacityClass,packagedUnit,extracted,RT-PRC086F-EN_05282020.pdf,15,Table 1. General data — 20 to 50 ton,ratedAirflow,정격 풍량,"5,000 - 11,250",CFM
trane-symbio-800-intellipak-lontalk-dac,e5,Trane,Symbio™ 800 — IntelliPak (LonTalk) · DAC 프로파일 (급기 제어),IntelliPak 25 Ton,capacityClass,packagedUnit,extracted,RT-PRC086F-EN_05282020.pdf,15,Table 1. General data — 20 to 50 ton,refrigerantCircuits,냉매 회로,1,
trane-symbio-800-intellipak-lontalk-dac,e5,Trane,Symbio™ 800 — IntelliPak (LonTalk) · DAC 프로파일 (급기 제어),IntelliPak 30 Ton,capacityClass,packagedUnit,extracted,RT-PRC086F-EN_05282020.pdf,15,Table 1. General data — 20 to 50 ton,capacityClass,용량대,30 Tons,
trane-symbio-800-intellipak-lontalk-dac,e5,Trane,Symbio™ 800 — IntelliPak (LonTalk) · DAC 프로파일 (급기 제어),IntelliPak 30 Ton,capacityClass,packagedUnit,extracted,RT-PRC086F-EN_05282020.pdf,15,Table 1. General data — 20 to 50 ton,capacitySteps,용량 단계,100/62/24,%
trane-symbio-800-intellipak-lontalk-dac,e5,Trane,Symbio™ 800 — IntelliPak (LonTalk) · DAC 프로파일 (급기 제어),IntelliPak 30 Ton,capacityClass,packagedUnit,extracted,RT-PRC086F-EN_05282020.pdf,15,Table 1. General data — 20 to 50 ton,compressorConfig,압축기 구성,"1/6, 2/10",
trane-symbio-800-intellipak-lontalk-dac,e5,Trane,Symbio™ 800 — IntelliPak (LonTalk) · DAC 프로파일 (급기 제어),IntelliPak 30 Ton,capacityClass,packagedUnit,extracted,RT-PRC086F-EN_05282020.pdf,15,Table 1. General data — 20 to 50 ton,condenserFans,응축 팬,"2/30""/Prop",
trane-symbio-800-intellipak-lontalk-dac,e5,Trane,Symbio™ 800 — IntelliPak (LonTalk) · DAC 프로파일 (급기 제어),IntelliPak 30 Ton,capacityClass,packagedUnit,extracted,RT-PRC086F-EN_05282020.pdf,15,Table 1. General data — 20 to 50 ton,ratedAirflow,정격 풍량,"6,000 - 14,000",CFM
trane-symbio-800-intellipak-lontalk-dac,e5,Trane,Symbio™ 800 — IntelliPak (LonTalk) · DAC 프로파일 (급기 제어),IntelliPak 30 Ton,capacityClass,packagedUnit,extracted,RT-PRC086F-EN_05282020.pdf,15,Table 1. General data — 20 to 50 ton,refrigerantCircuits,냉매 회로,1,
trane-symbio-800-intellipak-lontalk-dac,e5,Trane,Symbio™ 800 — IntelliPak (LonTalk) · DAC 프로파일 (급기 제어),IntelliPak 40 Ton,capacityClass,packagedUnit,extracted,RT-PRC086F-EN_05282020.pdf,15,Table 1. General data — 20 to 50 ton,capacityClass,용량대,40 Tons,
trane-symbio-800-intellipak-lontalk-dac,e5,Trane,Symbio™ 800 — IntelliPak (LonTalk) · DAC 프로파일 (급기 제어),IntelliPak 40 Ton,capacityClass,packagedUnit,extracted,RT-PRC086F-EN_05282020.pdf,15,Table 1. General data — 20 to 50 ton,capacitySteps,용량 단계,100/75/50/25,%
trane-symbio-800-intellipak-lontalk-dac,e5,Trane,Symbio™ 800 — IntelliPak (LonTalk) · DAC 프로파일 (급기 제어),IntelliPak 40 Ton,capacityClass,packagedUnit,extracted,RT-PRC086F-EN_05282020.pdf,15,Table 1. General data — 20 to 50 ton,compressorConfig,압축기 구성,4/9,
trane-symbio-800-intellipak-lontalk-dac,e5,Trane,Symbio™ 800 — IntelliPak (LonTalk) · DAC 프로파일 (급기 제어),IntelliPak 40 Ton,capacityClass,packagedUnit,extracted,RT-PRC086F-EN_05282020.pdf,15,Table 1. General data — 20 to 50 ton,condenserFans,응축 팬,"4/30""/Prop",
trane-symbio-800-intellipak-lontalk-dac,e5,Trane,Symbio™ 800 — IntelliPak (LonTalk) · DAC 프로파일 (급기 제어),IntelliPak 40 Ton,capacityClass,packagedUnit,extracted,RT-PRC086F-EN_05282020.pdf,15,Table 1. General data — 20 to 50 ton,ratedAirflow,정격 풍량,"8,000 - 18,000",CFM
trane-symbio-800-intellipak-lontalk-dac,e5,Trane,Symbio™ 800 — IntelliPak (LonTalk) · DAC 프로파일 (급기 제어),IntelliPak 40 Ton,capacityClass,packagedUnit,extracted,RT-PRC086F-EN_05282020.pdf,15,Table 1. General data — 20 to 50 ton,refrigerantCircuits,냉매 회로,2,
trane-symbio-800-intellipak-lontalk-dac,e5,Trane,Symbio™ 800 — IntelliPak (LonTalk) · DAC 프로파일 (급기 제어),IntelliPak 50 Ton,capacityClass,packagedUnit,extracted,RT-PRC086F-EN_05282020.pdf,15,Table 1. General data — 20 to 50 ton,capacityClass,용량대,50 Tons,
trane-symbio-800-intellipak-lontalk-dac,e5,Trane,Symbio™ 800 — IntelliPak (LonTalk) · DAC 프로파일 (급기 제어),IntelliPak 50 Ton,capacityClass,packagedUnit,extracted,RT-PRC086F-EN_05282020.pdf,15,Table 1. General data — 20 to 50 ton,capacitySteps,용량 단계,100/73/50/23,%
trane-symbio-800-intellipak-lontalk-dac,e5,Trane,Symbio™ 800 — IntelliPak (LonTalk) · DAC 프로파일 (급기 제어),IntelliPak 50 Ton,capacityClass,packagedUnit,extracted,RT-PRC086F-EN_05282020.pdf,15,Table 1. General data — 20 to 50 ton,compressorConfig,압축기 구성,"2/10.5, 2/11.5",
trane-symbio-800-intellipak-lontalk-dac,e5,Trane,Symbio™ 800 — IntelliPak (LonTalk) · DAC 프로파일 (급기 제어),IntelliPak 50 Ton,capacityClass,packagedUnit,extracted,RT-PRC086F-EN_05282020.pdf,15,Table 1. General data — 20 to 50 ton,condenserFans,응축 팬,"4/30""/Prop",
trane-symbio-800-intellipak-lontalk-dac,e5,Trane,Symbio™ 800 — IntelliPak (LonTalk) · DAC 프로파일 (급기 제어),IntelliPak 50 Ton,capacityClass,packagedUnit,extracted,RT-PRC086F-EN_05282020.pdf,15,Table 1. General data — 20 to 50 ton,ratedAirflow,정격 풍량,"10,000 - 22,500",CFM
trane-symbio-800-intellipak-lontalk-dac,e5,Trane,Symbio™ 800 — IntelliPak (LonTalk) · DAC 프로파일 (급기 제어),IntelliPak 50 Ton,capacityClass,packagedUnit,extracted,RT-PRC086F-EN_05282020.pdf,15,Table 1. General data — 20 to 50 ton,refrigerantCircuits,냉매 회로,2,
trane-symbio-800-intellipak-lontalk-dac,e5,Trane,Symbio™ 800 — IntelliPak (LonTalk) · DAC 프로파일 (급기 제어),IntelliPak 55 Ton,capacityClass,packagedUnit,extracted,RT-PRC086F-EN_05282020.pdf,17,Table 2. General data — 55 to 75 ton,capacityClass,용량대,55 Tons,
trane-symbio-800-intellipak-lontalk-dac,e5,Trane,Symbio™ 800 — IntelliPak (LonTalk) · DAC 프로파일 (급기 제어),IntelliPak 55 Ton,capacityClass,packagedUnit,extracted,RT-PRC086F-EN_05282020.pdf,17,Table 2. General data — 55 to 75 ton,capacitySteps,용량 단계,100/75/50/25,%
trane-symbio-800-intellipak-lontalk-dac,e5,Trane,Symbio™ 800 — IntelliPak (LonTalk) · DAC 프로파일 (급기 제어),IntelliPak 55 Ton,capacityClass,packagedUnit,extracted,RT-PRC086F-EN_05282020.pdf,17,Table 2. General data — 55 to 75 ton,compressorConfig,압축기 구성,4/11.5,
trane-symbio-800-intellipak-lontalk-dac,e5,Trane,Symbio™ 800 — IntelliPak (LonTalk) · DAC 프로파일 (급기 제어),IntelliPak 55 Ton,capacityClass,packagedUnit,extracted,RT-PRC086F-EN_05282020.pdf,17,Table 2. General data — 55 to 75 ton,condenserFans,응축 팬,"4/30""/Prop",
trane-symbio-800-intellipak-lontalk-dac,e5,Trane,Symbio™ 800 — IntelliPak (LonTalk) · DAC 프로파일 (급기 제어),IntelliPak 55 Ton,capacityClass,packagedUnit,extracted,RT-PRC086F-EN_05282020.pdf,17,Table 2. General data — 55 to 75 ton,ratedAirflow,정격 풍량,"11,000 - 24,750",CFM
trane-symbio-800-intellipak-lontalk-dac,e5,Trane,Symbio™ 800 — IntelliPak (LonTalk) · DAC 프로파일 (급기 제어),IntelliPak 55 Ton,capacityClass,packagedUnit,extracted,RT-PRC086F-EN_05282020.pdf,17,Table 2. General data — 55 to 75 ton,refrigerantCircuits,냉매 회로,2,
trane-symbio-800-intellipak-lontalk-dac,e5,Trane,Symbio™ 800 — IntelliPak (LonTalk) · DAC 프로파일 (급기 제어),IntelliPak 60 Ton,capacityClass,packagedUnit,extracted,RT-PRC086F-EN_05282020.pdf,17,Table 2. General data — 55 to 75 ton,capacityClass,용량대,60 Tons,
trane-symbio-800-intellipak-lontalk-dac,e5,Trane,Symbio™ 800 — IntelliPak (LonTalk) · DAC 프로파일 (급기 제어),IntelliPak 60 Ton,capacityClass,packagedUnit,extracted,RT-PRC086F-EN_05282020.pdf,17,Table 2. General data — 55 to 75 ton,capacitySteps,용량 단계,100/73/50/23,%
trane-symbio-800-intellipak-lontalk-dac,e5,Trane,Symbio™ 800 — IntelliPak (LonTalk) · DAC 프로파일 (급기 제어),IntelliPak 60 Ton,capacityClass,packagedUnit,extracted,RT-PRC086F-EN_05282020.pdf,17,Table 2. General data — 55 to 75 ton,compressorConfig,압축기 구성,"2/13.5, 2/15",
trane-symbio-800-intellipak-lontalk-dac,e5,Trane,Symbio™ 800 — IntelliPak (LonTalk) · DAC 프로파일 (급기 제어),IntelliPak 60 Ton,capacityClass,packagedUnit,extracted,RT-PRC086F-EN_05282020.pdf,17,Table 2. General data — 55 to 75 ton,condenserFans,응축 팬,"6/26""/Prop",
trane-symbio-800-intellipak-lontalk-dac,e5,Trane,Symbio™ 800 — IntelliPak (LonTalk) · DAC 프로파일 (급기 제어),IntelliPak 60 Ton,capacityClass,packagedUnit,extracted,RT-PRC086F-EN_05282020.pdf,17,Table 2. General data — 55 to 75 ton,ratedAirflow,정격 풍량,"12,000 - 27,000",CFM
trane-symbio-800-intellipak-lontalk-dac,e5,Trane,Symbio™ 800 — IntelliPak (LonTalk) · DAC 프로파일 (급기 제어),IntelliPak 60 Ton,capacityClass,packagedUnit,extracted,RT-PRC086F-EN_05282020.pdf,17,Table 2. General data — 55 to 75 ton,refrigerantCircuits,냉매 회로,2,
trane-symbio-800-intellipak-lontalk-dac,e5,Trane,Symbio™ 800 — IntelliPak (LonTalk) · DAC 프로파일 (급기 제어),IntelliPak 70 Ton,capacityClass,packagedUnit,extracted,RT-PRC086F-EN_05282020.pdf,17,Table 2. General data — 55 to 75 ton,capacityClass,용량대,70 Tons,
trane-symbio-800-intellipak-lontalk-dac,e5,Trane,Symbio™ 800 — IntelliPak (LonTalk) · DAC 프로파일 (급기 제어),IntelliPak 70 Ton,capacityClass,packagedUnit,extracted,RT-PRC086F-EN_05282020.pdf,17,Table 2. General data — 55 to 75 ton,capacitySteps,용량 단계,100/75/50/25,%
trane-symbio-800-intellipak-lontalk-dac,e5,Trane,Symbio™ 800 — IntelliPak (LonTalk) · DAC 프로파일 (급기 제어),IntelliPak 70 Ton,capacityClass,packagedUnit,extracted,RT-PRC086F-EN_05282020.pdf,17,Table 2. General data — 55 to 75 ton,compressorConfig,압축기 구성,4/15,
trane-symbio-800-intellipak-lontalk-dac,e5,Trane,Symbio™ 800 — IntelliPak (LonTalk) · DAC 프로파일 (급기 제어),IntelliPak 70 Ton,capacityClass,packagedUnit,extracted,RT-PRC086F-EN_05282020.pdf,17,Table 2. General data — 55 to 75 ton,condenserFans,응축 팬,"6/26""/Prop",
trane-symbio-800-intellipak-lontalk-dac,e5,Trane,Symbio™ 800 — IntelliPak (LonTalk) · DAC 프로파일 (급기 제어),IntelliPak 70 Ton,capacityClass,packagedUnit,extracted,RT-PRC086F-EN_05282020.pdf,17,Table 2. General data — 55 to 75 ton,ratedAirflow,정격 풍량,"14,000 - 30,000",CFM
trane-symbio-800-intellipak-lontalk-dac,e5,Trane,Symbio™ 800 — IntelliPak (LonTalk) · DAC 프로파일 (급기 제어),IntelliPak 70 Ton,capacityClass,packagedUnit,extracted,RT-PRC086F-EN_05282020.pdf,17,Table 2. General data — 55 to 75 ton,refrigerantCircuits,냉매 회로,2,
trane-symbio-800-intellipak-lontalk-dac,e5,Trane,Symbio™ 800 — IntelliPak (LonTalk) · DAC 프로파일 (급기 제어),IntelliPak 75 Ton,capacityClass,packagedUnit,extracted,RT-PRC086F-EN_05282020.pdf,17,Table 2. General data — 55 to 75 ton,capacityClass,용량대,75 Tons,
trane-symbio-800-intellipak-lontalk-dac,e5,Trane,Symbio™ 800 — IntelliPak (LonTalk) · DAC 프로파일 (급기 제어),IntelliPak 75 Ton,capacityClass,packagedUnit,extracted,RT-PRC086F-EN_05282020.pdf,17,Table 2. General data — 55 to 75 ton,capacitySteps,용량 단계,100/75/50/25,%
trane-symbio-800-intellipak-lontalk-dac,e5,Trane,Symbio™ 800 — IntelliPak (LonTalk) · DAC 프로파일 (급기 제어),IntelliPak 75 Ton,capacityClass,packagedUnit,extracted,RT-PRC086F-EN_05282020.pdf,17,Table 2. General data — 55 to 75 ton,compressorConfig,압축기 구성,4/15,
trane-symbio-800-intellipak-lontalk-dac,e5,Trane,Symbio™ 800 — IntelliPak (LonTalk) · DAC 프로파일 (급기 제어),IntelliPak 75 Ton,capacityClass,packagedUnit,extracted,RT-PRC086F-EN_05282020.pdf,17,Table 2. General data — 55 to 75 ton,condenserFans,응축 팬,"6/26""/Prop",
trane-symbio-800-intellipak-lontalk-dac,e5,Trane,Symbio™ 800 — IntelliPak (LonTalk) · DAC 프로파일 (급기 제어),IntelliPak 75 Ton,capacityClass,packagedUnit,extracted,RT-PRC086F-EN_05282020.pdf,17,Table 2. General data — 55 to 75 ton,ratedAirflow,정격 풍량,"15,000 - 30,000",CFM
trane-symbio-800-intellipak-lontalk-dac,e5,Trane,Symbio™ 800 — IntelliPak (LonTalk) · DAC 프로파일 (급기 제어),IntelliPak 75 Ton,capacityClass,packagedUnit,extracted,RT-PRC086F-EN_05282020.pdf,17,Table 2. General data — 55 to 75 ton,refrigerantCircuits,냉매 회로,2,
trane-symbio-800-intellipak-lontalk-scc,e5,Trane,Symbio™ 800 — IntelliPak (LonTalk) · SCC 프로파일 (실내 쾌적 제어),IntelliPak 20 Ton,capacityClass,packagedUnit,extracted,RT-PRC086F-EN_05282020.pdf,15,Table 1. General data — 20 to 50 ton,capacityClass,용량대,20 Tons,
trane-symbio-800-intellipak-lontalk-scc,e5,Trane,Symbio™ 800 — IntelliPak (LonTalk) · SCC 프로파일 (실내 쾌적 제어),IntelliPak 20 Ton,capacityClass,packagedUnit,extracted,RT-PRC086F-EN_05282020.pdf,15,Table 1. General data — 20 to 50 ton,capacitySteps,용량 단계,100/75/38/25,%
trane-symbio-800-intellipak-lontalk-scc,e5,Trane,Symbio™ 800 — IntelliPak (LonTalk) · SCC 프로파일 (실내 쾌적 제어),IntelliPak 20 Ton,capacityClass,packagedUnit,extracted,RT-PRC086F-EN_05282020.pdf,15,Table 1. General data — 20 to 50 ton,compressorConfig,압축기 구성,"1/5, 2/7.5",
trane-symbio-800-intellipak-lontalk-scc,e5,Trane,Symbio™ 800 — IntelliPak (LonTalk) · SCC 프로파일 (실내 쾌적 제어),IntelliPak 20 Ton,capacityClass,packagedUnit,extracted,RT-PRC086F-EN_05282020.pdf,15,Table 1. General data — 20 to 50 ton,condenserFans,응축 팬,"2/30""/Prop",
trane-symbio-800-intellipak-lontalk-scc,e5,Trane,Symbio™ 800 — IntelliPak (LonTalk) · SCC 프로파일 (실내 쾌적 제어),IntelliPak 20 Ton,capacityClass,packagedUnit,extracted,RT-PRC086F-EN_05282020.pdf,15,Table 1. General data — 20 to 50 ton,ratedAirflow,정격 풍량,"4,000 - 9,000",CFM
trane-symbio-800-intellipak-lontalk-scc,e5,Trane,Symbio™ 800 — IntelliPak (LonTalk) · SCC 프로파일 (실내 쾌적 제어),IntelliPak 20 Ton,capacityClass,packagedUnit,extracted,RT-PRC086F-EN_05282020.pdf,15,Table 1. General data — 20 to 50 ton,refrigerantCircuits,냉매 회로,1,
trane-symbio-800-intellipak-lontalk-scc,e5,Trane,Symbio™ 800 — IntelliPak (LonTalk) · SCC 프로파일 (실내 쾌적 제어),IntelliPak 25 Ton,capacityClass,packagedUnit,extracted,RT-PRC086F-EN_05282020.pdf,15,Table 1. General data — 20 to 50 ton,capacityClass,용량대,25 Tons,
trane-symbio-800-intellipak-lontalk-scc,e5,Trane,Symbio™ 800 — IntelliPak (LonTalk) · SCC 프로파일 (실내 쾌적 제어),IntelliPak 25 Ton,capacityClass,packagedUnit,extracted,RT-PRC086F-EN_05282020.pdf,15,Table 1. General data — 20 to 50 ton,capacitySteps,용량 단계,100/63/25,%
trane-symbio-800-intellipak-lontalk-scc,e5,Trane,Symbio™ 800 — IntelliPak (LonTalk) · SCC 프로파일 (실내 쾌적 제어),IntelliPak 25 Ton,capacityClass,packagedUnit,extracted,RT-PRC086F-EN_05282020.pdf,15,Table 1. General data — 20 to 50 ton,compressorConfig,압축기 구성,"1/6, 2/9",
trane-symbio-800-intellipak-lontalk-scc,e5,Trane,Symbio™ 800 — IntelliPak (LonTalk) · SCC 프로파일 (실내 쾌적 제어),IntelliPak 25 Ton,capacityClass,packagedUnit,extracted,RT-PRC086F-EN_05282020.pdf,15,Table 1. General data — 20 to 50 ton,condenserFans,응축 팬,"2/30""/Prop",
trane-symbio-800-intellipak-lontalk-scc,e5,Trane,Symbio™ 800 — IntelliPak (LonTalk) · SCC 프로파일 (실내 쾌적 제어),IntelliPak 25 Ton,capacityClass,packagedUnit,extracted,RT-PRC086F-EN_05282020.pdf,15,Table 1. General data — 20 to 50 ton,ratedAirflow,정격 풍량,"5,000 - 11,250",CFM
trane-symbio-800-intellipak-lontalk-scc,e5,Trane,Symbio™ 800 — IntelliPak (LonTalk) · SCC 프로파일 (실내 쾌적 제어),IntelliPak 25 Ton,capacityClass,packagedUnit,extracted,RT-PRC086F-EN_05282020.pdf,15,Table 1. General data — 20 to 50 ton,refrigerantCircuits,냉매 회로,1,
trane-symbio-800-intellipak-lontalk-scc,e5,Trane,Symbio™ 800 — IntelliPak (LonTalk) · SCC 프로파일 (실내 쾌적 제어),IntelliPak 30 Ton,capacityClass,packagedUnit,extracted,RT-PRC086F-EN_05282020.pdf,15,Table 1. General data — 20 to 50 ton,capacityClass,용량대,30 Tons,
trane-symbio-800-intellipak-lontalk-scc,e5,Trane,Symbio™ 800 — IntelliPak (LonTalk) · SCC 프로파일 (실내 쾌적 제어),IntelliPak 30 Ton,capacityClass,packagedUnit,extracted,RT-PRC086F-EN_05282020.pdf,15,Table 1. General data — 20 to 50 ton,capacitySteps,용량 단계,100/62/24,%
trane-symbio-800-intellipak-lontalk-scc,e5,Trane,Symbio™ 800 — IntelliPak (LonTalk) · SCC 프로파일 (실내 쾌적 제어),IntelliPak 30 Ton,capacityClass,packagedUnit,extracted,RT-PRC086F-EN_05282020.pdf,15,Table 1. General data — 20 to 50 ton,compressorConfig,압축기 구성,"1/6, 2/10",
trane-symbio-800-intellipak-lontalk-scc,e5,Trane,Symbio™ 800 — IntelliPak (LonTalk) · SCC 프로파일 (실내 쾌적 제어),IntelliPak 30 Ton,capacityClass,packagedUnit,extracted,RT-PRC086F-EN_05282020.pdf,15,Table 1. General data — 20 to 50 ton,condenserFans,응축 팬,"2/30""/Prop",
trane-symbio-800-intellipak-lontalk-scc,e5,Trane,Symbio™ 800 — IntelliPak (LonTalk) · SCC 프로파일 (실내 쾌적 제어),IntelliPak 30 Ton,capacityClass,packagedUnit,extracted,RT-PRC086F-EN_05282020.pdf,15,Table 1. General data — 20 to 50 ton,ratedAirflow,정격 풍량,"6,000 - 14,000",CFM
trane-symbio-800-intellipak-lontalk-scc,e5,Trane,Symbio™ 800 — IntelliPak (LonTalk) · SCC 프로파일 (실내 쾌적 제어),IntelliPak 30 Ton,capacityClass,packagedUnit,extracted,RT-PRC086F-EN_05282020.pdf,15,Table 1. General data — 20 to 50 ton,refrigerantCircuits,냉매 회로,1,
trane-symbio-800-intellipak-lontalk-scc,e5,Trane,Symbio™ 800 — IntelliPak (LonTalk) · SCC 프로파일 (실내 쾌적 제어),IntelliPak 40 Ton,capacityClass,packagedUnit,extracted,RT-PRC086F-EN_05282020.pdf,15,Table 1. General data — 20 to 50 ton,capacityClass,용량대,40 Tons,
trane-symbio-800-intellipak-lontalk-scc,e5,Trane,Symbio™ 800 — IntelliPak (LonTalk) · SCC 프로파일 (실내 쾌적 제어),IntelliPak 40 Ton,capacityClass,packagedUnit,extracted,RT-PRC086F-EN_05282020.pdf,15,Table 1. General data — 20 to 50 ton,capacitySteps,용량 단계,100/75/50/25,%
trane-symbio-800-intellipak-lontalk-scc,e5,Trane,Symbio™ 800 — IntelliPak (LonTalk) · SCC 프로파일 (실내 쾌적 제어),IntelliPak 40 Ton,capacityClass,packagedUnit,extracted,RT-PRC086F-EN_05282020.pdf,15,Table 1. General data — 20 to 50 ton,compressorConfig,압축기 구성,4/9,
trane-symbio-800-intellipak-lontalk-scc,e5,Trane,Symbio™ 800 — IntelliPak (LonTalk) · SCC 프로파일 (실내 쾌적 제어),IntelliPak 40 Ton,capacityClass,packagedUnit,extracted,RT-PRC086F-EN_05282020.pdf,15,Table 1. General data — 20 to 50 ton,condenserFans,응축 팬,"4/30""/Prop",
trane-symbio-800-intellipak-lontalk-scc,e5,Trane,Symbio™ 800 — IntelliPak (LonTalk) · SCC 프로파일 (실내 쾌적 제어),IntelliPak 40 Ton,capacityClass,packagedUnit,extracted,RT-PRC086F-EN_05282020.pdf,15,Table 1. General data — 20 to 50 ton,ratedAirflow,정격 풍량,"8,000 - 18,000",CFM
trane-symbio-800-intellipak-lontalk-scc,e5,Trane,Symbio™ 800 — IntelliPak (LonTalk) · SCC 프로파일 (실내 쾌적 제어),IntelliPak 40 Ton,capacityClass,packagedUnit,extracted,RT-PRC086F-EN_05282020.pdf,15,Table 1. General data — 20 to 50 ton,refrigerantCircuits,냉매 회로,2,
trane-symbio-800-intellipak-lontalk-scc,e5,Trane,Symbio™ 800 — IntelliPak (LonTalk) · SCC 프로파일 (실내 쾌적 제어),IntelliPak 50 Ton,capacityClass,packagedUnit,extracted,RT-PRC086F-EN_05282020.pdf,15,Table 1. General data — 20 to 50 ton,capacityClass,용량대,50 Tons,
trane-symbio-800-intellipak-lontalk-scc,e5,Trane,Symbio™ 800 — IntelliPak (LonTalk) · SCC 프로파일 (실내 쾌적 제어),IntelliPak 50 Ton,capacityClass,packagedUnit,extracted,RT-PRC086F-EN_05282020.pdf,15,Table 1. General data — 20 to 50 ton,capacitySteps,용량 단계,100/73/50/23,%
trane-symbio-800-intellipak-lontalk-scc,e5,Trane,Symbio™ 800 — IntelliPak (LonTalk) · SCC 프로파일 (실내 쾌적 제어),IntelliPak 50 Ton,capacityClass,packagedUnit,extracted,RT-PRC086F-EN_05282020.pdf,15,Table 1. General data — 20 to 50 ton,compressorConfig,압축기 구성,"2/10.5, 2/11.5",
trane-symbio-800-intellipak-lontalk-scc,e5,Trane,Symbio™ 800 — IntelliPak (LonTalk) · SCC 프로파일 (실내 쾌적 제어),IntelliPak 50 Ton,capacityClass,packagedUnit,extracted,RT-PRC086F-EN_05282020.pdf,15,Table 1. General data — 20 to 50 ton,condenserFans,응축 팬,"4/30""/Prop",
trane-symbio-800-intellipak-lontalk-scc,e5,Trane,Symbio™ 800 — IntelliPak (LonTalk) · SCC 프로파일 (실내 쾌적 제어),IntelliPak 50 Ton,capacityClass,packagedUnit,extracted,RT-PRC086F-EN_05282020.pdf,15,Table 1. General data — 20 to 50 ton,ratedAirflow,정격 풍량,"10,000 - 22,500",CFM
trane-symbio-800-intellipak-lontalk-scc,e5,Trane,Symbio™ 800 — IntelliPak (LonTalk) · SCC 프로파일 (실내 쾌적 제어),IntelliPak 50 Ton,capacityClass,packagedUnit,extracted,RT-PRC086F-EN_05282020.pdf,15,Table 1. General data — 20 to 50 ton,refrigerantCircuits,냉매 회로,2,
trane-symbio-800-intellipak-lontalk-scc,e5,Trane,Symbio™ 800 — IntelliPak (LonTalk) · SCC 프로파일 (실내 쾌적 제어),IntelliPak 55 Ton,capacityClass,packagedUnit,extracted,RT-PRC086F-EN_05282020.pdf,17,Table 2. General data — 55 to 75 ton,capacityClass,용량대,55 Tons,
trane-symbio-800-intellipak-lontalk-scc,e5,Trane,Symbio™ 800 — IntelliPak (LonTalk) · SCC 프로파일 (실내 쾌적 제어),IntelliPak 55 Ton,capacityClass,packagedUnit,extracted,RT-PRC086F-EN_05282020.pdf,17,Table 2. General data — 55 to 75 ton,capacitySteps,용량 단계,100/75/50/25,%
trane-symbio-800-intellipak-lontalk-scc,e5,Trane,Symbio™ 800 — IntelliPak (LonTalk) · SCC 프로파일 (실내 쾌적 제어),IntelliPak 55 Ton,capacityClass,packagedUnit,extracted,RT-PRC086F-EN_05282020.pdf,17,Table 2. General data — 55 to 75 ton,compressorConfig,압축기 구성,4/11.5,
trane-symbio-800-intellipak-lontalk-scc,e5,Trane,Symbio™ 800 — IntelliPak (LonTalk) · SCC 프로파일 (실내 쾌적 제어),IntelliPak 55 Ton,capacityClass,packagedUnit,extracted,RT-PRC086F-EN_05282020.pdf,17,Table 2. General data — 55 to 75 ton,condenserFans,응축 팬,"4/30""/Prop",
trane-symbio-800-intellipak-lontalk-scc,e5,Trane,Symbio™ 800 — IntelliPak (LonTalk) · SCC 프로파일 (실내 쾌적 제어),IntelliPak 55 Ton,capacityClass,packagedUnit,extracted,RT-PRC086F-EN_05282020.pdf,17,Table 2. General data — 55 to 75 ton,ratedAirflow,정격 풍량,"11,000 - 24,750",CFM
trane-symbio-800-intellipak-lontalk-scc,e5,Trane,Symbio™ 800 — IntelliPak (LonTalk) · SCC 프로파일 (실내 쾌적 제어),IntelliPak 55 Ton,capacityClass,packagedUnit,extracted,RT-PRC086F-EN_05282020.pdf,17,Table 2. General data — 55 to 75 ton,refrigerantCircuits,냉매 회로,2,
trane-symbio-800-intellipak-lontalk-scc,e5,Trane,Symbio™ 800 — IntelliPak (LonTalk) · SCC 프로파일 (실내 쾌적 제어),IntelliPak 60 Ton,capacityClass,packagedUnit,extracted,RT-PRC086F-EN_05282020.pdf,17,Table 2. General data — 55 to 75 ton,capacityClass,용량대,60 Tons,
trane-symbio-800-intellipak-lontalk-scc,e5,Trane,Symbio™ 800 — IntelliPak (LonTalk) · SCC 프로파일 (실내 쾌적 제어),IntelliPak 60 Ton,capacityClass,packagedUnit,extracted,RT-PRC086F-EN_05282020.pdf,17,Table 2. General data — 55 to 75 ton,capacitySteps,용량 단계,100/73/50/23,%
trane-symbio-800-intellipak-lontalk-scc,e5,Trane,Symbio™ 800 — IntelliPak (LonTalk) · SCC 프로파일 (실내 쾌적 제어),IntelliPak 60 Ton,capacityClass,packagedUnit,extracted,RT-PRC086F-EN_05282020.pdf,17,Table 2. General data — 55 to 75 ton,compressorConfig,압축기 구성,"2/13.5, 2/15",
trane-symbio-800-intellipak-lontalk-scc,e5,Trane,Symbio™ 800 — IntelliPak (LonTalk) · SCC 프로파일 (실내 쾌적 제어),IntelliPak 60 Ton,capacityClass,packagedUnit,extracted,RT-PRC086F-EN_05282020.pdf,17,Table 2. General data — 55 to 75 ton,condenserFans,응축 팬,"6/26""/Prop",
trane-symbio-800-intellipak-lontalk-scc,e5,Trane,Symbio™ 800 — IntelliPak (LonTalk) · SCC 프로파일 (실내 쾌적 제어),IntelliPak 60 Ton,capacityClass,packagedUnit,extracted,RT-PRC086F-EN_05282020.pdf,17,Table 2. General data — 55 to 75 ton,ratedAirflow,정격 풍량,"12,000 - 27,000",CFM
trane-symbio-800-intellipak-lontalk-scc,e5,Trane,Symbio™ 800 — IntelliPak (LonTalk) · SCC 프로파일 (실내 쾌적 제어),IntelliPak 60 Ton,capacityClass,packagedUnit,extracted,RT-PRC086F-EN_05282020.pdf,17,Table 2. General data — 55 to 75 ton,refrigerantCircuits,냉매 회로,2,
trane-symbio-800-intellipak-lontalk-scc,e5,Trane,Symbio™ 800 — IntelliPak (LonTalk) · SCC 프로파일 (실내 쾌적 제어),IntelliPak 70 Ton,capacityClass,packagedUnit,extracted,RT-PRC086F-EN_05282020.pdf,17,Table 2. General data — 55 to 75 ton,capacityClass,용량대,70 Tons,
trane-symbio-800-intellipak-lontalk-scc,e5,Trane,Symbio™ 800 — IntelliPak (LonTalk) · SCC 프로파일 (실내 쾌적 제어),IntelliPak 70 Ton,capacityClass,packagedUnit,extracted,RT-PRC086F-EN_05282020.pdf,17,Table 2. General data — 55 to 75 ton,capacitySteps,용량 단계,100/75/50/25,%
trane-symbio-800-intellipak-lontalk-scc,e5,Trane,Symbio™ 800 — IntelliPak (LonTalk) · SCC 프로파일 (실내 쾌적 제어),IntelliPak 70 Ton,capacityClass,packagedUnit,extracted,RT-PRC086F-EN_05282020.pdf,17,Table 2. General data — 55 to 75 ton,compressorConfig,압축기 구성,4/15,
trane-symbio-800-intellipak-lontalk-scc,e5,Trane,Symbio™ 800 — IntelliPak (LonTalk) · SCC 프로파일 (실내 쾌적 제어),IntelliPak 70 Ton,capacityClass,packagedUnit,extracted,RT-PRC086F-EN_05282020.pdf,17,Table 2. General data — 55 to 75 ton,condenserFans,응축 팬,"6/26""/Prop",
trane-symbio-800-intellipak-lontalk-scc,e5,Trane,Symbio™ 800 — IntelliPak (LonTalk) · SCC 프로파일 (실내 쾌적 제어),IntelliPak 70 Ton,capacityClass,packagedUnit,extracted,RT-PRC086F-EN_05282020.pdf,17,Table 2. General data — 55 to 75 ton,ratedAirflow,정격 풍량,"14,000 - 30,000",CFM
trane-symbio-800-intellipak-lontalk-scc,e5,Trane,Symbio™ 800 — IntelliPak (LonTalk) · SCC 프로파일 (실내 쾌적 제어),IntelliPak 70 Ton,capacityClass,packagedUnit,extracted,RT-PRC086F-EN_05282020.pdf,17,Table 2. General data — 55 to 75 ton,refrigerantCircuits,냉매 회로,2,
trane-symbio-800-intellipak-lontalk-scc,e5,Trane,Symbio™ 800 — IntelliPak (LonTalk) · SCC 프로파일 (실내 쾌적 제어),IntelliPak 75 Ton,capacityClass,packagedUnit,extracted,RT-PRC086F-EN_05282020.pdf,17,Table 2. General data — 55 to 75 ton,capacityClass,용량대,75 Tons,
trane-symbio-800-intellipak-lontalk-scc,e5,Trane,Symbio™ 800 — IntelliPak (LonTalk) · SCC 프로파일 (실내 쾌적 제어),IntelliPak 75 Ton,capacityClass,packagedUnit,extracted,RT-PRC086F-EN_05282020.pdf,17,Table 2. General data — 55 to 75 ton,capacitySteps,용량 단계,100/75/50/25,%
trane-symbio-800-intellipak-lontalk-scc,e5,Trane,Symbio™ 800 — IntelliPak (LonTalk) · SCC 프로파일 (실내 쾌적 제어),IntelliPak 75 Ton,capacityClass,packagedUnit,extracted,RT-PRC086F-EN_05282020.pdf,17,Table 2. General data — 55 to 75 ton,compressorConfig,압축기 구성,4/15,
trane-symbio-800-intellipak-lontalk-scc,e5,Trane,Symbio™ 800 — IntelliPak (LonTalk) · SCC 프로파일 (실내 쾌적 제어),IntelliPak 75 Ton,capacityClass,packagedUnit,extracted,RT-PRC086F-EN_05282020.pdf,17,Table 2. General data — 55 to 75 ton,condenserFans,응축 팬,"6/26""/Prop",
trane-symbio-800-intellipak-lontalk-scc,e5,Trane,Symbio™ 800 — IntelliPak (LonTalk) · SCC 프로파일 (실내 쾌적 제어),IntelliPak 75 Ton,capacityClass,packagedUnit,extracted,RT-PRC086F-EN_05282020.pdf,17,Table 2. General data — 55 to 75 ton,ratedAirflow,정격 풍량,"15,000 - 30,000",CFM
trane-symbio-800-intellipak-lontalk-scc,e5,Trane,Symbio™ 800 — IntelliPak (LonTalk) · SCC 프로파일 (실내 쾌적 제어),IntelliPak 75 Ton,capacityClass,packagedUnit,extracted,RT-PRC086F-EN_05282020.pdf,17,Table 2. General data — 55 to 75 ton,refrigerantCircuits,냉매 회로,2,
